placeCanonicalId,notitiaName,canonicalName,province,region,latitude,longitude,pleiadesId,wikidataId,geonamesId,confidence,notes
PLC00001,Aballaba,,,,,,,,,,
PLC00002,Abina,,,,,,,,,,
PLC00003,Abrincatis,,,,,,,,,,
PLC00004,Abusina,,,,,,,,,,
PLC00005,Abydum - Abocedo,,,,,,,,,,
PLC00006,Acadama,,,,,,,,,,
PLC00007,Acauatha,,,,,,,,,,
PLC00008,Accisso,,,,,,,,,,
PLC00009,Aciminci,,,,,,,,,,
PLC00010,Acimirci,,,,,,,,,,
PLC00011,Acinco,,,,,,,,,,
PLC00012,Adada,,,,,,,,,,
PLC00013,Adatha,,,,,,,,,,
PLC00014,Adiuuense,,,,,,,,,,
PLC00015,Admatha,,,,,,,,,,
PLC00016,Adnamantia,,,,,,,,,,
PLC00017,Adtitha,,,,,,,,,,
PLC00018,Aegeta,,,,,,,,,,
PLC00019,Aegetae,,,,,,,,,,
PLC00020,Aegissos,,,,,,,,,,
PLC00021,Aeliae,,,,,,,,,,
PLC00022,Aeliana,,,,,,,,,,
PLC00023,Aequinoctoiae,,,,,,,,,,
PLC00024,Aesica,,,,,,,,,,
PLC00025,Affrodito,,,,,,,,,,
PLC00026,Afro,,,,,,,,,,
PLC00027,Ailae,,,,,,,,,,
PLC00028,Aiy,,,,,,,,,,
PLC00029,Ala Nova,,,,,,,,,,
PLC00030,Aladaleariza,,,,,,,,,,
PLC00031,Albano,,,,,,,,,,
PLC00032,Alesacae,,,,,,,,,,
PLC00033,Aleto,,,,,,,,,,
PLC00034,Alione,,,,,,,,,,
PLC00035,Aliscae,,,,,,,,,,
PLC00036,Almo,,,,,,,,,,
PLC00037,Alta Ripa,,,,,,,,,,
PLC00038,Altino,,,,,,,,,,
PLC00039,Amboglanna,,,,,,,,,,
PLC00040,Amidae,,,,,,,,,,
PLC00041,Ammattha,,,,,,,,,,
PLC00042,Ammuda,,,,,,,,,,
PLC00043,Analiba,,,,,,,,,,
PLC00044,Anatha,,,,,,,,,,
PLC00045,Anderidos,,,,,,,,,,
PLC00046,Andro,,,,,,,,,,
PLC00047,Ansamo,,,,,,,,,,
PLC00048,Antiochiae,,,,,,,,,,
PLC00049,Antonaco,,,,,,,,,,
PLC00050,Apadna,,,,,,,,,,
PLC00051,Apatna,,,,,,,,,,
PLC00052,Apollonos superioris,,,,,,,,,,
PLC00053,Appiaria,,,,,,,,,,
PLC00054,Apuliae,,,,,,,,,,
PLC00055,Aquileiae,,,,,,,,,,
PLC00056,Aquis siue Tertona,,,,,,,,,,
PLC00057,Arauraca,,,,,,,,,,
PLC00058,Arbeia,,,,,,,,,,
PLC00059,Arbore,,,,,,,,,,
PLC00060,Arefa,,,,,,,,,,
PLC00061,Areopoli,,,,,,,,,,
PLC00062,Arieldela,,,,,,,,,,
PLC00063,Arlape,,,,,,,,,,
PLC00064,Arrabonae,,,,,,,,,,
PLC00065,Arrianis,,,,,,,,,,
PLC00066,Arrunto siue Vindomanae,,,,,,,,,,
PLC00067,Arsaciana siue Novas,,,,,,,,,,
PLC00068,Arubio,,,,,,,,,,
PLC00069,Arumbernos Aquitanicae primae,,,,,,,,,,
PLC00070,Asabaia,,,,,,,,,,
PLC00071,Asfynis,,,,,,,,,,
PLC00072,Assara,,,,,,,,,,
PLC00073,Asuada,,,,,,,,,,
PLC00074,Atrabatis Belgicae secundae,,,,,,,,,,
PLC00075,Au.....,,,,,,,,,,
PLC00076,Auatha,,,,,,,,,,
PLC00077,Augustae,,,,,,,,,,
PLC00078,Augustanis,,,,,,,,,,
PLC00079,Augustianis,,,,,,,,,,
PLC00080,Aulucos,,,,,,,,,,
PLC00081,Aureomonto,,,,,,,,,,
PLC00082,Austuris,,,,,,,,,,
PLC00083,Axeloduno,,,,,,,,,,
PLC00084,Axiupoli,,,,,,,,,,
PLC00085,Babilona,,,,,,,,,,
PLC00086,Baiocas et Constantiae Lugdunensis secundae,,,,,,,,,,
PLC00087,balistaria et clibanaria,,,,,,,,,,
PLC00088,Banasam,,,,,,,,,,
PLC00089,Barbalisso,,,,,,,,,,
PLC00090,Barboniaco,,,,,,,,,,
PLC00091,Batavis,,,,,,,,,,
PLC00092,Belgicae primae,,,,,,,,,,
PLC00093,Belgicae secundae,,,,,,,,,,
PLC00094,Benetis,,,,,,,,,,
PLC00095,Benosabae,,,,,,,,,,
PLC00096,Bethallaha,,,,,,,,,,
PLC00097,Betproclis,,,,,,,,,,
PLC00098,Betthoro,,,,,,,,,,
PLC00099,Bingio,,,,,,,,,,
PLC00100,Bireo,,,,,,,,,,
PLC00101,Birsama,,,,,,,,,,
PLC00102,Blabia,,,,,,,,,,
PLC00103,Bodobrica,,,,,,,,,,
PLC00104,Boiodoro,,,,,,,,,,
PLC00105,Bononia,,,,,,,,,,
PLC00106,Bononiae,,,,,,,,,,
PLC00107,Bononiae in Aemilia,,,,,,,,,,
PLC00108,Bonoriae,,,,,,,,,,
PLC00109,Borcovicio,,,,,,,,,,
PLC00110,Bostra,,,,,,,,,,
PLC00111,Branoduno,,,,,,,,,,
PLC00112,Bregtione,,,,,,,,,,
PLC00113,Bremetenraco,,,,,,,,,,
PLC00114,Burgenas,,,,,,,,,,
PLC00115,Burgentas,,,,,,,,,,
PLC00116,Burgo Novo,,,,,,,,,,
PLC00117,Burgo Severi,,,,,,,,,,
PLC00118,Burgo Zono,,,,,,,,,,
PLC00119,Busiris,,,,,,,,,,
PLC00120,Caballoduno,,,,,,,,,,
PLC00121,Caelio,,,,,,,,,,
PLC00122,Caene - Parembole,,,,,,,,,,
PLC00123,Caesarea Cappadociae,,,,,,,,,,
PLC00124,Caini,,,,,,,,,,
PLC00125,Calabriae,,,,,,,,,,
PLC00126,Calamona,,,,,,,,,,
PLC00127,Calaronae,,,,,,,,,,
PLC00128,Callinico,,,,,,,,,,
PLC00129,Cambidano,,,,,,,,,,
PLC00130,Campona,,,,,,,,,,
PLC00131,Candidiana,,,,,,,,,,
PLC00132,Cannabiaca,,,,,,,,,,
PLC00133,Capidaua,,,,,,,,,,
PLC00134,Caput Basensis,,,,,,,,,,
PLC00135,Cardabiaca,,,,,,,,,,
PLC00136,Carnunta Senoniae Lugdunensis,,,,,,,,,,
PLC00137,Carnunto,,,,,,,,,,
PLC00138,Carso,,,,,,,,,,
PLC00139,Cartha,,,,,,,,,,
PLC00140,Casama,,,,,,,,,,
PLC00141,Castra Iudaeorum,,,,,,,,,,
PLC00142,Castrabarensis,,,,,,,,,,
PLC00143,Cebro,,,,,,,,,,
PLC00144,Cefae,,,,,,,,,,
PLC00145,Cefro,,,,,,,,,,
PLC00146,Chaszanenica,,,,,,,,,,
PLC00147,Chenoboscia,,,,,,,,,,
PLC00148,Chermulae,,,,,,,,,,
PLC00149,Chiaca,,,,,,,,,,
PLC00150,Cii,,,,,,,,,,
PLC00151,Cilurno,,,,,,,,,,
PLC00152,Cimbrianis,,,,,,,,,,
PLC00153,Circesio,,,,,,,,,,
PLC00154,Cirpe,,,,,,,,,,
PLC00155,Cirpi,,,,,,,,,,
PLC00156,Claudiana,,,,,,,,,,
PLC00157,Comagenis,,,,,,,,,,
PLC00158,Como,,,,,,,,,,
PLC00159,Concangios,,,,,,,,,,
PLC00160,Conderco,,,,,,,,,,
PLC00161,Confluentibus,,,,,,,,,,
PLC00162,Confluentibus siue Brecantia,,,,,,,,,,
PLC00163,Congavata,,,,,,,,,,
PLC00164,Constantia,,,,,,,,,,
PLC00165,Constantiae,,,,,,,,,,
PLC00166,Constantina,,,,,,,,,,
PLC00167,Copto,,,,,,,,,,
PLC00168,Cornacii,,,,,,,,,,
PLC00169,Cornaco,,,,,,,,,,
PLC00170,Cremonae,,,,,,,,,,
PLC00171,Crispitia,,,,,,,,,,
PLC00172,Crumero,,,,,,,,,,
PLC00173,Cuccis,,,,,,,,,,
PLC00174,Cunna,,,,,,,,,,
PLC00175,Cuppis,,,,,,,,,,
PLC00176,Cusas,,,,,,,,,,
PLC00177,Cusi,,,,,,,,,,
PLC00178,Dabana,,,,,,,,,,
PLC00179,Dalmatiae et Saviae,,,,,,,,,,
PLC00180,Damasci,,,,,,,,,,
PLC00181,Danaba,,,,,,,,,,
PLC00182,Dano,,,,,,,,,,
PLC00183,Dascusa,,,,,,,,,,
PLC00184,Deruentione,,,,,,,,,,
PLC00185,Dia - Fenis,,,,,,,,,,
PLC00186,Dicti,,,,,,,,,,
PLC00187,Dimo,,,,,,,,,,
PLC00188,Dionisiada,,,,,,,,,,
PLC00189,Diospoli,,,,,,,,,,
PLC00190,Dirigothia,,,,,,,,,,
PLC00191,Domana,,,,,,,,,,
PLC00192,Dortico,,,,,,,,,,
PLC00193,Drasdea,,,,,,,,,,
PLC00194,Drobeta,,,,,,,,,,
PLC00195,Dubris,,,,,,,,,,
PLC00196,Duga,,,,,,,,,,
PLC00197,Duodecimo constituta,,,,,,,,,,
PLC00198,Durostoro,,,,,,,,,,
PLC00199,Ebruduni Sapaudiae,,,,,,,,,,
PLC00200,Edesa,,,,,,,,,,
PLC00201,Epuso Belgicae primae,,,,,,,,,,
PLC00202,Euhari,,,,,,,,,,
PLC00203,Fafianae,,,,,,,,,,
PLC00204,Fanomantis Belgicae secundae,,,,,,,,,,
PLC00205,Filas,,,,,,,,,,
PLC00206,Flaviana,,,,,,,,,,
PLC00207,Flexo,,,,,,,,,,
PLC00208,Florentiae,,,,,,,,,,
PLC00209,Foenicionis,,,,,,,,,,
PLC00210,Foetibus,,,,,,,,,,
PLC00211,Foro Fuluiensi,,,,,,,,,,
PLC00212,Friglas,,,,,,,,,,
PLC00213,Gabrosenti,,,,,,,,,,
PLC00214,Gadda,,,,,,,,,,
PLC00215,Ganaba,,,,,,,,,,
PLC00216,Gariannonor,,,,,,,,,,
PLC00217,Gerolate,,,,,,,,,,
PLC00218,Glannibanta,,,,,,,,,,
PLC00219,Gomoha,,,,,,,,,,
PLC00220,Graio,,,,,,,,,,
PLC00221,Grannona in litore Saxonico,,,,,,,,,,
PLC00222,Grannono,,,,,,,,,,
PLC00223,Gratiana,,,,,,,,,,
PLC00224,Guntiae,,,,,,,,,,
PLC00225,Hadrianopolis Haemimonti,,,,,,,,,,
PLC00226,Hasta,,,,,,,,,,
PLC00227,Hauanae,,,,,,,,,,
PLC00228,Helela,,,,,,,,,,
PLC00229,Hermunthi,,,,,,,,,,
PLC00230,Hermupoli,,,,,,,,,,
PLC00231,Hibeos - Oaseos maioris,,,,,,,,,,
PLC00232,Hipponos,,,,,,,,,,
PLC00233,Hunno,,,,,,,,,,
PLC00234,Iehibo,,,,,,,,,,
PLC00235,Inplateypegiis,,,,,,,,,,
PLC00236,Intercisa,,,,,,,,,,
PLC00237,Iovia,,,,,,,,,,
PLC00238,Ioviaco,,,,,,,,,,
PLC00239,Iprosmis,,,,,,,,,,
PLC00240,Isiu,,,,,,,,,,
PLC00241,Lacufelicis,,,,,,,,,,
PLC00242,Laedemata,,,,,,,,,,
PLC00243,Laedenatae,,,,,,,,,,
PLC00244,Lapurdo,,,,,,,,,,
PLC00245,Lataui,,,,,,,,,,
PLC00246,Latius,,,,,,,,,,
PLC00247,Lato,,,,,,,,,,
PLC00248,Lauriaco,,,,,,,,,,
PLC00249,Lavatres,,,,,,,,,,
PLC00250,Legione,,,,,,,,,,
PLC00251,Lemannis,,,,,,,,,,
PLC00252,Lentiae,,,,,,,,,,
PLC00253,Leonatae,,,,,,,,,,
PLC00254,Libona,,,,,,,,,,
PLC00255,Lico,,,,,,,,,,
PLC00256,Lingonas,,,,,,,,,,
PLC00257,Longovicio,,,,,,,,,,
PLC00258,Luco,,,,,,,,,,
PLC00259,Luguvallii,,,,,,,,,,
PLC00260,Lussonio,,,,,,,,,,
PLC00261,Magis,,,,,,,,,,
PLC00262,Maglone,,,,,,,,,,
PLC00263,Magnis,,,,,,,,,,
PLC00264,Maiocariri,,,,,,,,,,
PLC00265,Mannatias,,,,,,,,,,
PLC00266,Maratha,,,,,,,,,,
PLC00267,Marcianopoli,,,,,,,,,,
PLC00268,Marcis in litore Saxonico,,,,,,,,,,
PLC00269,Margo,,,,,,,,,,
PLC00270,Marinanae,,,,,,,,,,
PLC00271,Marmantharum,,,,,,,,,,
PLC00272,Massiliae Graecorum,,,,,,,,,,
PLC00273,Matrice,,,,,,,,,,
PLC00274,Matthana,,,,,,,,,,
PLC00275,Maximianopoli,,,,,,,,,,
PLC00276,Mediana,,,,,,,,,,
PLC00277,Mediolana,,,,,,,,,,
PLC00278,Mefa,,,,,,,,,,
PLC00279,Mefana - Cartha,,,,,,,,,,
PLC00280,Melitena,,,,,,,,,,
PLC00281,Memfi,,,,,,,,,,
PLC00282,Menochiae,,,,,,,,,,
PLC00283,Metita,,,,,,,,,,
PLC00284,Miseno,,,,,,,,,,
PLC00285,Moahile,,,,,,,,,,
PLC00286,Mochora,,,,,,,,,,
PLC00287,Mogontiaco,,,,,,,,,,
PLC00288,Moleaatha,,,,,,,,,,
PLC00289,Monte Iovis,,,,,,,,,,
PLC00290,Morbio,,,,,,,,,,
PLC00291,Motha,,,,,,,,,,
PLC00292,Mursae,,,,,,,,,,
PLC00293,Muson,,,,,,,,,,
PLC00294,Mutheos,,,,,,,,,,
PLC00295,Naarsafari,,,,,,,,,,
PLC00296,Naithu,,,,,,,,,,
PLC00297,Narmunthi,,,,,,,,,,
PLC00298,Nazala,,,,,,,,,,
PLC00299,Nee,,,,,,,,,,
PLC00300,Neia,,,,,,,,,,
PLC00301,Nemetis,,,,,,,,,,
PLC00302,Neocaesereae,,,,,,,,,,
PLC00303,Nicomediae,,,,,,,,,,
PLC00304,Nitnu,,,,,,,,,,
PLC00305,Norici mediterranei et ripensis,,,,,,,,,,
PLC00306,Nouas,,,,,,,,,,
PLC00307,Nouioduno,,,,,,,,,,
PLC00308,Nouioduro,,,,,,,,,,
PLC00309,Novariae,,,,,,,,,,
PLC00310,Novas,,,,,,,,,,
PLC00311,Noviomago Belgicae secundae,,,,,,,,,,
PLC00312,Novis,,,,,,,,,,
PLC00313,Oasi maiore,,,,,,,,,,
PLC00314,Oasi minore,,,,,,,,,,
PLC00315,Oasi minore - Trimtheos,,,,,,,,,,
PLC00316,Occariba,,,,,,,,,,
PLC00317,Odiabo,,,,,,,,,,
PLC00318,Oesco,,,,,,,,,,
PLC00319,Olenaco,,,,,,,,,,
PLC00320,Olitione,,,,,,,,,,
PLC00321,Ombos,,,,,,,,,,
PLC00322,Oneuatha,,,,,,,,,,
PLC00323,operum alter,,,,,,,,,,
PLC00324,Opittergii,,,,,,,,,,
PLC00325,or the legiones,,,,,,,,,,
PLC00326,Oraba,,,,,,,,,,
PLC00327,Oresa,,,,,,,,,,
PLC00328,Osismis,,,,,,,,,,
PLC00329,Othonae,,,,,,,,,,
PLC00330,Otthara,,,,,,,,,,
PLC00331,Pacatiana,,,,,,,,,,
PLC00332,Paetaonio,,,,,,,,,,
PLC00333,Palmira,,,,,,,,,,
PLC00334,Pampane,,,,,,,,,,
PLC00335,Pannoniae primae,,,,,,,,,,
PLC00336,Pannoniae secundae,,,,,,,,,,
PLC00337,Pannoniae secundae - translati Salonis,,,,,,,,,,
PLC00338,Parembole,,,,,,,,,,
PLC00339,Parisius,,,,,,,,,,
PLC00340,Parroduno,,,,,,,,,,
PLC00341,Patauio,,,,,,,,,,
PLC00342,Peamu,,,,,,,,,,
PLC00343,Pelusio,,,,,,,,,,
PLC00344,Pescla,,,,,,,,,,
PLC00345,Petrianis,,,,,,,,,,
PLC00346,Pictavis,,,,,,,,,,
PLC00347,Pinco,,,,,,,,,,
PLC00348,Pinianis,,,,,,,,,,
PLC00349,Pithiae,,,,,,,,,,
PLC00350,Poisrietemidos,,,,,,,,,,
PLC00351,Ponte Aeli,,,,,,,,,,
PLC00352,Portu Epatiaci,,,,,,,,,,
PLC00353,Portum Adurni,,,,,,,,,,
PLC00354,Praesidio,,,,,,,,,,
PLC00355,Precteos,,,,,,,,,,
PLC00356,Procolitia,,,,,,,,,,
PLC00357,provinciae Tripolitanae,,,,,,,,,,
PLC00358,provinciae Viennensis,,,,,,,,,,
PLC00359,Psinaula,,,,,,,,,,
PLC00360,Quadratis et Eporizio,,,,,,,,,,
PLC00361,Quadrato,,,,,,,,,,
PLC00362,quadriborgio,,,,,,,,,,
PLC00363,Quadriburgio,,,,,,,,,,
PLC00364,quam civilium,,,,,,,,,,
PLC00365,qui adorata clementia principali cum insignibus exit transacto biennio,,,,,,,,,,
PLC00366,qui adorata clementia principalis cum insignibus exit,,,,,,,,,,
PLC00367,qui completa militia adorat protector,,,,,,,,,,
PLC00368,qui completa militia adoratÝprotector,,,,,,,,,,
PLC00369,qui de scola agentum in rebus ducenarius adorata clementia principali cum insignibus exit,,,,,,,,,,
PLC00370,qui de scola agentum in rebus ducenarius adorata clementia principali cum insignibus exit transacto biennio,,,,,,,,,,
PLC00371,qui de scola agentum in rebus est,,,,,,,,,,
PLC00372,qui numerarii fiunt,,,,,,,,,,
PLC00373,qui primicerius est exceptorum,,,,,,,,,,
PLC00374,quibus non licet ad aliam transire militiam sine annotatione clementiae principalis,,,,,,,,,,
PLC00375,Quintanis,,,,,,,,,,
PLC00376,Raetiae secundae,,,,,,,,,,
PLC00377,Rasin,,,,,,,,,,
PLC00378,Ratiaria,,,,,,,,,,
PLC00379,Ravennae,,,,,,,,,,
PLC00380,Redonas Lugdensis tertiae,,,,,,,,,,
PLC00381,Regionis Samnitis,,,,,,,,,,
PLC00382,Regulbio,,,,,,,,,,
PLC00383,Remo et Silvanectas Belgicae secundae,,,,,,,,,,
PLC00384,Rene,,,,,,,,,,
PLC00385,Resaia,,,,,,,,,,
PLC00386,Resain - Theodosiopoli,,,,,,,,,,
PLC00387,Ricti,,,,,,,,,,
PLC00388,Rinocoruna,,,,,,,,,,
PLC00389,Ripa Alta,,,,,,,,,,
PLC00390,Ripaltha,,,,,,,,,,
PLC00391,Robatha,,,,,,,,,,
PLC00392,Rosafa,,,,,,,,,,
PLC00393,Rotomago,,,,,,,,,,
PLC00394,Rutupis,,,,,,,,,,
PLC00395,Sabaiae,,,,,,,,,,
PLC00396,Sabbu,,,,,,,,,,
PLC00397,Sabure siue Veterocariae,,,,,,,,,,
PLC00398,Sacidaua,,,,,,,,,,
PLC00399,Sala,,,,,,,,,,
PLC00400,Saletione,,,,,,,,,,
PLC00401,Salsouia,,,,,,,,,,
PLC00402,Saltatha,,,,,,,,,,
PLC00403,Salutaria,,,,,,,,,,
PLC00404,Saradiniae et Corsicae,,,,,,,,,,
PLC00405,Sardis Lydiae,,,,,,,,,,
PLC00406,Satala,,,,,,,,,,
PLC00407,Saviae,,,,,,,,,,
PLC00408,Scenas extra Gerasa,,,,,,,,,,
PLC00409,Scenas Mandrorum,,,,,,,,,,
PLC00410,Scenas Ueteranorum,,,,,,,,,,
PLC00411,Scenas Veteranorum,,,,,,,,,,
PLC00412,scordiscorum et armorum,,,,,,,,,,
PLC00413,Scythiam et Pontum,,,,,,,,,,
PLC00414,Sebastopolis,,,,,,,,,,
PLC00415,Secundarum,,,,,,,,,,
PLC00416,Securisca,,,,,,,,,,
PLC00417,sed adiutorem de scola notariorum,,,,,,,,,,
PLC00418,sed adiutores de scriniis quos voluerit,,,,,,,,,,
PLC00419,sed adiutores electos de scriniis,,,,,,,,,,
PLC00420,Segeduno,,,,,,,,,,
PLC00421,Selle,,,,,,,,,,
PLC00422,Serianae,,,,,,,,,,
PLC00423,Seruitii,,,,,,,,,,
PLC00424,Sexagintaprista,,,,,,,,,,
PLC00425,Silili,,,,,,,,,,
PLC00426,Siluanis,,,,,,,,,,
PLC00427,Sina Iudaeorum,,,,,,,,,,
PLC00428,Singiduno,,,,,,,,,,
PLC00429,Siosta,,,,,,,,,,
PLC00430,Sirmi,,,,,,,,,,
PLC00431,Sisciae,,,,,,,,,,
PLC00432,Sisila,,,,,,,,,,
PLC00433,Solua,,,,,,,,,,
PLC00434,Solue,,,,,,,,,,
PLC00435,Sosteos,,,,,,,,,,
PLC00436,Speluncis,,,,,,,,,,
PLC00437,Submuntorio,,,,,,,,,,
PLC00438,Sucidaua,,,,,,,,,,
PLC00439,Suene,,,,,,,,,,
PLC00440,Suissa,,,,,,,,,,
PLC00441,Sura,,,,,,,,,,
PLC00442,Syene,,,,,,,,,,
PLC00443,Tabernas,,,,,,,,,,
PLC00444,Tabernis,,,,,,,,,,
PLC00445,Tacasiria,,,,,,,,,,
PLC00446,Talamonio,,,,,,,,,,
PLC00447,Taliata,,,,,,,,,,
PLC00448,Taliatae,,,,,,,,,,
PLC00449,Tamuco,,,,,,,,,,
PLC00450,Tarba,,,,,,,,,,
PLC00451,Taurinis,,,,,,,,,,
PLC00452,Tauruno,,,,,,,,,,
PLC00453,Tauruno siue Marsonia,,,,,,,,,,
PLC00454,Teglicio,,,,,,,,,,
PLC00455,Tegra,,,,,,,,,,
PLC00456,Tentira,,,,,,,,,,
PLC00457,Teriolis,,,,,,,,,,
PLC00458,Teutibarcio,,,,,,,,,,
PLC00459,Teutiborgio,,,,,,,,,,
PLC00460,Thainatha,,,,,,,,,,
PLC00461,Thama,,,,,,,,,,
PLC00462,Thamana,,,,,,,,,,
PLC00463,Thannuri,,,,,,,,,,
PLC00464,Thaubasteos,,,,,,,,,,
PLC00465,Thebas,,,,,,,,,,
PLC00466,Thelsee,,,,,,,,,,
PLC00467,Thenenuthi,,,,,,,,,,
PLC00468,Theraco,,,,,,,,,,
PLC00469,Thilbisme,,,,,,,,,,
PLC00470,Thillaamana,,,,,,,,,,
PLC00471,Thillacama,,,,,,,,,,
PLC00472,Thillafica,,,,,,,,,,
PLC00473,Thillazamana,,,,,,,,,,
PLC00474,Thinunepis,,,,,,,,,,
PLC00475,Thmou,,,,,,,,,,
PLC00476,Tohu,,,,,,,,,,
PLC00477,Toloha,,,,,,,,,,
PLC00478,Touia -contra Bintha,,,,,,,,,,
PLC00479,Transalba,,,,,,,,,,
PLC00480,Transdiernis,,,,,,,,,,
PLC00481,Transdrobeta,,,,,,,,,,
PLC00482,Transiacinco,,,,,,,,,,
PLC00483,Transluco,,,,,,,,,,
PLC00484,Transmariscae,,,,,,,,,,
PLC00485,Trapezunta,,,,,,,,,,
PLC00486,Tricomia,,,,,,,,,,
PLC00487,Tricornio,,,,,,,,,,
PLC00488,Trimammio,,,,,,,,,,
PLC00489,Trosmis,,,,,,,,,,
PLC00490,Tunnocelo,,,,,,,,,,
PLC00491,Ualtha,,,,,,,,,,
PLC00492,Ulucitra,,,,,,,,,,
PLC00493,Uto,,,,,,,,,,
PLC00494,Vale Alba,,,,,,,,,,
PLC00495,Valentia,,,,,,,,,,
PLC00496,Vallatio,,,,,,,,,,
PLC00497,Valle Diocletiana,,,,,,,,,,
PLC00498,Vangiones,,,,,,,,,,
PLC00499,Varina,,,,,,,,,,
PLC00500,Variniana,,,,,,,,,,
PLC00501,Veleia,,,,,,,,,,
PLC00502,Venaxamodorum,,,,,,,,,,
PLC00503,Venetiae,,,,,,,,,,
PLC00504,Venetiae et Histriae,,,,,,,,,,
PLC00505,Venetiae inferioris,,,,,,,,,,
PLC00506,Veranoca,,,,,,,,,,
PLC00507,Vercellis,,,,,,,,,,
PLC00508,Veriaraca,,,,,,,,,,
PLC00509,Verofabula,,,,,,,,,,
PLC00510,Verteris,,,,,,,,,,
PLC00511,Vetusalinae,,,,,,,,,,
PLC00512,Vico Iulio,,,,,,,,,,
PLC00513,Viennae siue Arelati,,,,,,,,,,
PLC00514,Vimania,,,,,,,,,,
PLC00515,Viminacio,,,,,,,,,,
PLC00516,Vincentiae,,,,,,,,,,
PLC00517,Vindobala,,,,,,,,,,
PLC00518,Vindolana,,,,,,,,,,
PLC00519,Vindomarae,,,,,,,,,,
PLC00520,Virosido,,,,,,,,,,
PLC00521,Ysiporto,,,,,,,,,,
PLC00522,Zernis,,,,,,,,,,
PLC00523,Ziganne,,,,,,,,,,
PLC00524,Ziza,,,,,,,,,,
PLC00525,Zmirnae,,,,,,,,,,
PLC00526,Zoarae,,,,,,,,,,
PLC00527,Zodocathae,,,,,,,,,,
