placeId,sourceNodeId,occurrenceId,placeName,pleiadesId,pleiadesName,latitude,longitude,featureType,document,chapter,office,unit,sourceLine,matchType,confidence,contextStatus,gisProvince,expectedProvince,hardProvince,softProvince,region
OCC000005,,OCC000005,Lauriacensis,118802,Lauriacum,48.220692,14.465958,unknown,Occidentis,Insignia viri illustris magistri officiorum,,Lauriacensis scutaria,719,REGION_EXACT,confirmed,REGION_MATCH,NORICUM RIPENSE,Illyrico,Illyrico,,ILLYRICUM
OCC000008,,OCC000008,Veronensis,383816,Verona,45.438954,10.994371,unknown,Occidentis,Insignia viri illustris magistri officiorum,,Veronensis scutaria et armorum,723,REGION_EXACT,confirmed,REGION_MATCH,VENETIA ET HISTRIA,,,,ITALIA
OCC000010,,OCC000010,Cremonensis,383628,Cremona,45.133639,10.026149,unknown,Occidentis,Insignia viri illustris magistri officiorum,,Cremonensis scutaria,725,REGION_EXACT,confirmed,REGION_MATCH,AEMILIA ET LIGURIA,,,,ITALIA
OCC000012,,OCC000012,Lucensis,403234,Luca,43.843003,10.50804,unknown,Occidentis,Insignia viri illustris magistri officiorum,,Lucensis spatharia,727,REGION_EXACT,confirmed,REGION_MATCH,TUSCIA ET UMBRIA,,,,ITALIA
OCC000013,,OCC000013,Argentomagensis,138192,Argentomagus,46.588704,1.518941,unknown,Occidentis,Insignia viri illustris magistri officiorum,,Argentomagensis armorum omnium,729,REGION_EXACT,confirmed,REGION_MATCH,AQUITANIA I,Galliis,Galliis,,GALLIAE
OCC000014,,OCC000014,Matisconensis,177577,Matisco,46.306331,4.829183,unknown,Occidentis,Insignia viri illustris magistri officiorum,,Matisconensis sagittaria,730,,confirmed,REGION_MATCH,LUGDUNENSIS I,Galliis,Galliis,,GALLIAE
OCC000015,,OCC000015,Augustodunensis,177460,Augustodunum,46.949448,4.299314,unknown,Occidentis,Insignia viri illustris magistri officiorum,,"Augustodunensis loricaria, balistaria et clibanaria",731,REGION_EXACT,confirmed,REGION_MATCH,LUGDUNENSIS I,Galliis,Galliis,,GALLIAE
OCC000016,,OCC000016,Augustodunensis,177460,Augustodunum,46.949448,4.299314,unknown,Occidentis,Insignia viri illustris magistri officiorum,,Augustodunensis scutaria,732,REGION_EXACT,confirmed,REGION_MATCH,LUGDUNENSIS I,Galliis,Galliis,,GALLIAE
OCC000017,,OCC000017,Suessionensis,109356,Suessiones,49.5,2.5,unknown,Occidentis,Insignia viri illustris magistri officiorum,,Suessionensis,733,REGION_FUZZY,confirmed,REGION_MATCH,BELGICA II,Galliis,Galliis,,GALLIAE
OCC000018,,OCC000018,Remensis,108945,Durocortorum,49.254104,4.032504,unknown,Occidentis,Insignia viri illustris magistri officiorum,,Remensis spatharia,734,REGION_EXACT,confirmed,REGION_MATCH,BELGICA II,Galliis,Galliis,,GALLIAE
OCC000019,,OCC000019,Triberorum,108894,Col. Augusta Treverorum,49.753731,6.646217,unknown,Occidentis,Insignia viri illustris magistri officiorum,,Triberorum scutaria,735,REGION_EXACT,confirmed,REGION_MATCH,BELGICA I,Galliis,Galliis,,GALLIAE
OCC000020,,OCC000020,Triberorum,108894,Col. Augusta Treverorum,49.753731,6.646217,unknown,Occidentis,Insignia viri illustris magistri officiorum,,Triberorum balistaria,736,REGION_EXACT,confirmed,REGION_MATCH,BELGICA I,Galliis,Galliis,,GALLIAE
OCC000021,,OCC000021,Ambianensis,108740,Ambiani,49.5,1.5,unknown,Occidentis,Insignia viri illustris magistri officiorum,,Ambianensis spatharia et scutaria,737,REGION_EXACT,confirmed,REGION_MATCH,LUGDUNENSIS II,Galliis,Galliis,,GALLIAE
OCC000022,,OCC000022,Salonitanorum,197488,Salona,43.539561,16.483426,unknown,Occidentis,Insignia viri illustris comitis sacrarum largitionum,Praepositus,thesaurorum Salonitanorum,775,CONTEXT_EXACT,confirmed,HARD_MATCH,DALMATIA,Dalmatiae,Dalmatiae,,ILLYRICUM
OCC000023,,OCC000023,Siscianorum,197504,Siscia,45.483168,16.371388,unknown,Occidentis,Insignia viri illustris comitis sacrarum largitionum,Praepositus,thesaurorum Siscianorum,776,CONTEXT_EXACT,confirmed,HARD_MATCH,SAVIA,Saviae,Saviae,,ILLYRICUM
OCC000024,,OCC000024,Sabariensium,197498,Savaria,47.235142,16.62192,unknown,Occidentis,Insignia viri illustris comitis sacrarum largitionum,Praepositus,thesaurorum Sabariensium,777,CONTEXT_EXACT,confirmed,HARD_MATCH,PANNONIA SUPERIOR,Pannoniae primae,Pannoniae primae,,ILLYRICUM
OCC000025,,OCC000025,Aquileiensium,187290,Aquileia,45.768259,13.364601,unknown,Occidentis,Insignia viri illustris comitis sacrarum largitionum,Praepositus,thesaurorum Aquileiensium,779,CONTEXT_EXACT,confirmed,HARD_MATCH,VENETIA ET HISTRIA,Venetiae,Venetiae,,ITALIA
OCC000026,,OCC000026,Mediolanensium,383706,Mediolanum,45.463746,9.18806,settlement;urban,Occidentis,Insignia viri illustris comitis sacrarum largitionum,Praepositus,thesaurorum Mediolanensium,780,CONTEXT_EXACT,confirmed,HARD_MATCH,AEMILIA ET LIGURIA,Liguriae,Liguriae,,ITALIA
OCC000027,,OCC000027,Romae,423025,Roma,41.8917,12.4862,temple-2,Occidentis,Insignia viri illustris comitis sacrarum largitionum,Praepositus,thesaurorum urbis Romae,781,REGION_EXACT,confirmed,REGION_MATCH,TUSCIA ET UMBRIA,,,,ITALIA
OCC000029,,OCC000029,Lugdunensium,167717,Col. Lugdunum,45.75863,4.819486,unknown,Occidentis,Insignia viri illustris comitis sacrarum largitionum,Praepositus,thesaurorum Lugdunensium,784,REGION_EXACT,confirmed,REGION_MATCH,LUGDUNENSIS I,,,,GALLIAE
OCC000030,,OCC000030,Arelatensium,148217,Col. Arelate,43.677616,4.630799,unknown,Occidentis,Insignia viri illustris comitis sacrarum largitionum,Praepositus,thesaurorum Arelatensium,785,REGION_EXACT,confirmed,REGION_MATCH,VIENNENSIS,,,,GALLIAE
OCC000031,,OCC000031,Remorum,108945,Durocortorum,49.254104,4.032504,unknown,Occidentis,Insignia viri illustris comitis sacrarum largitionum,Praepositus,thesaurorum Remorum,786,REGION_EXACT,confirmed,REGION_MATCH,BELGICA II,,,,GALLIAE
OCC000032,,OCC000032,Triberorum,108894,Col. Augusta Treverorum,49.753731,6.646217,unknown,Occidentis,Insignia viri illustris comitis sacrarum largitionum,Praepositus,thesaurorum Triberorum,787,REGION_EXACT,confirmed,REGION_MATCH,BELGICA I,,,,GALLIAE
OCC000033,,OCC000033,Augustensium,79574,Augusta,51.513335,-0.088949,unknown,Occidentis,Insignia viri illustris comitis sacrarum largitionum,Praepositus,thesaurorum Augustensium,789,CONTEXT_EXACT,confirmed,HARD_MATCH,BRITANNIAE I AND II,Britanniis,Britanniis,,BRITANNIA
OCC000034,,OCC000034,Siscianae,197504,Siscia,45.483168,16.371388,unknown,Occidentis,Insignia viri illustris comitis sacrarum largitionum,Procurator,monetae Siscianae,791,EXACT_NO_CONTEXT,confirmed,NO_CONTEXT,SAVIA,,,,
OCC000035,,OCC000035,Aquileiensis,187290,Aquileia,45.768259,13.364601,unknown,Occidentis,Insignia viri illustris comitis sacrarum largitionum,Procurator,monetae Aquileiensis,792,EXACT_NO_CONTEXT,confirmed,NO_CONTEXT,VENETIA ET HISTRIA,,,,
OCC000036,,OCC000036,Romae,423025,Roma,41.8917,12.4862,temple-2,Occidentis,Insignia viri illustris comitis sacrarum largitionum,Procurator,monetae urbis Romae,793,EXACT_NO_CONTEXT,confirmed,NO_CONTEXT,TUSCIA ET UMBRIA,,,,
OCC000037,,OCC000037,Lugdunensis,167717,Col. Lugdunum,45.75863,4.819486,unknown,Occidentis,Insignia viri illustris comitis sacrarum largitionum,Procurator,monetae Lugdunensis,794,EXACT_NO_CONTEXT,confirmed,NO_CONTEXT,LUGDUNENSIS I,,,,
OCC000038,,OCC000038,Arelatensis,148217,Col. Arelate,43.677616,4.630799,unknown,Occidentis,Insignia viri illustris comitis sacrarum largitionum,Procurator,monetae Arelatensis,795,EXACT_NO_CONTEXT,confirmed,NO_CONTEXT,VIENNENSIS,,,,
OCC000039,,OCC000039,Triberorum,108894,Col. Augusta Treverorum,49.753731,6.646217,unknown,Occidentis,Insignia viri illustris comitis sacrarum largitionum,Procurator,monetae Triberorum,796,EXACT_NO_CONTEXT,confirmed,NO_CONTEXT,BELGICA I,,,,
OCC000045,,OCC000045,Aquileiensis,187290,Aquileia,45.768259,13.364601,unknown,Occidentis,Insignia viri illustris comitis sacrarum largitionum,Procurator,gynaecii Aquileiensis,801,EXACT_NO_CONTEXT,confirmed,NO_CONTEXT,VENETIA ET HISTRIA,Venetiae inferioris,Venetiae inferioris,,
OCC000046,,OCC000046,Mediolanensis,383706,Mediolanum,45.463746,9.18806,settlement;urban,Occidentis,Insignia viri illustris comitis sacrarum largitionum,Procurator,gynaecii Mediolanensis,802,CONTEXT_EXACT,confirmed,HARD_MATCH,AEMILIA ET LIGURIA,Liguriae,Liguriae,,
OCC000047,,OCC000047,Romae,423025,Roma,41.8917,12.4862,temple-2,Occidentis,Insignia viri illustris comitis sacrarum largitionum,Procurator,gynaecii urbis Romae,803,EXACT_NO_CONTEXT,confirmed,NO_CONTEXT,TUSCIA ET UMBRIA,,,,
OCC000048,,OCC000048,Canusini,442525,Canusium,41.2225,16.066004,unknown,Occidentis,Insignia viri illustris comitis sacrarum largitionum,Procurator,gynaecii Canusini et Venusini,804,,confirmed,HARD_MATCH,APULIA ET CALABRIA,Apuliae,Apuliae,,
OCC000050,,OCC000050,Carthagiensis,314921,Carthago,36.847009,10.312944,unknown,Occidentis,Insignia viri illustris comitis sacrarum largitionum,Procurator,gynaecii Carthagiensis,805,REGION_EXACT,confirmed,REGION_MATCH,AFRICA PROCONSULARIS,,,,AFRICA
OCC000052,,OCC000052,Lugdunensis,167717,Col. Lugdunum,45.75863,4.819486,unknown,Occidentis,Insignia viri illustris comitis sacrarum largitionum,Procurator,gynaecii Lugdunensis,807,EXACT_NO_CONTEXT,confirmed,NO_CONTEXT,LUGDUNENSIS I,,,,
OCC000053,,OCC000053,Remensis,108945,Durocortorum,49.254104,4.032504,unknown,Occidentis,Insignia viri illustris comitis sacrarum largitionum,Procurator,gynaecii Remensis,808,CONTEXT_EXACT,confirmed,HARD_MATCH,BELGICA II,Belgicae secundae,Belgicae secundae,,
OCC000054,,OCC000054,Triberorum,108894,Col. Augusta Treverorum,49.753731,6.646217,unknown,Occidentis,Insignia viri illustris comitis sacrarum largitionum,Procurator,gynaecii Triberorum,809,CONTEXT_EXACT,confirmed,HARD_MATCH,BELGICA I,Belgicae primae,Belgicae primae,,
OCC000055,,OCC000055,Augustoduno,177460,Augustodunum,46.949448,4.299314,unknown,Occidentis,Insignia viri illustris comitis sacrarum largitionum,Procurator,gynaecii Augustoduno translati Mettis,810,EXACT_NO_CONTEXT,confirmed,NO_CONTEXT,LUGDUNENSIS I,,,,
OCC000056,,OCC000056,Mettis,108927,Mettis,49.11605,6.172677,unknown,Occidentis,Insignia viri illustris comitis sacrarum largitionum,Procurator,gynaecii Augustoduno translati Mettis,810,EXACT_NO_CONTEXT,confirmed,NO_CONTEXT,BELGICA I,,,,
OCC000059,,OCC000059,Ravennatis,393480,Ravenna,44.415718,12.196604,unknown,Occidentis,Insignia viri illustris comitis sacrarum largitionum,Procurator,linyfii Ravennatis,814,REGION_EXACT,confirmed,REGION_MATCH,AEMILIA ET LIGURIA,,,,ITALIA
OCC000060,,OCC000060,Tarentini,442810,Tarentum,40.469229,17.240045,unknown,Occidentis,Insignia viri illustris comitis sacrarum largitionum,Procurator,bafii Tarentini,816,CONTEXT_NEAR_EXACT,confirmed,HARD_NEAR_MATCH,,Calabriae,Calabriae,,
OCC000061,,OCC000061,Salonitani,197488,Salona,43.539561,16.483426,unknown,Occidentis,Insignia viri illustris comitis sacrarum largitionum,Procurator,bafii Salonitani,817,CONTEXT_EXACT,confirmed,HARD_MATCH,DALMATIA,Dalmatiae,Dalmatiae,,
OCC000063,,OCC000063,Syracusani,462503,Syracusae,37.0738645,15.2718869278,,Occidentis,Insignia viri illustris comitis sacrarum largitionum,Procurator,bafii Syracusani,819,CONTEXT_EXACT,confirmed,HARD_MATCH,SICILIA,Siciliae,Siciliae,,
OCC000068,,OCC000068,Arelatensium,148217,Col. Arelate,43.677616,4.630799,unknown,Occidentis,Insignia viri illustris comitis sacrarum largitionum,Praepositus,branbaricariorum siue argentariorum Arelatensium,826,EXACT_NO_CONTEXT,confirmed,NO_CONTEXT,VIENNENSIS,,,,
OCC000069,,OCC000069,Remensium,109275,Remi,49.2561547,4.0320509,unknown,Occidentis,Insignia viri illustris comitis sacrarum largitionum,Praepositus,branbaricariorum siue argentariorum Remensium,827,EXACT_NO_CONTEXT,confirmed,NO_CONTEXT,BELGICA II,,,,
OCC000070,,OCC000070,Triberorum,108894,Col. Augusta Treverorum,49.753731,6.646217,unknown,Occidentis,Insignia viri illustris comitis sacrarum largitionum,Praepositus,branbaricariorum siue argentariorum Triberorum,828,EXACT_NO_CONTEXT,confirmed,NO_CONTEXT,BELGICA I,,,,
OCC000071,,OCC000071,Triberorum,108894,Col. Augusta Treverorum,49.753731,6.646217,unknown,Occidentis,Insignia viri illustris comitis privatarum,Procurator,rei privatae gynaeciorum Triberorum,877,EXACT_NO_CONTEXT,confirmed,NO_CONTEXT,BELGICA I,,,,
OCC000074,,OCC000074,Montensis,334579,Limes Montensis,34.5,7.5,unknown,Occidentis,Comes Africae,Praepositus,limitis Montensis in castris Leptitanis,1080,EXACT_NO_CONTEXT,confirmed,NO_CONTEXT,NUMIDIA MILITIANA,,,,
OCC000075,,OCC000075,Leptitanis,344448,Lepcitani,32.636748,14.2922,unknown,Occidentis,Comes Africae,Praepositus,limitis Montensis in castris Leptitanis,1080,EXACT_NO_CONTEXT,confirmed,NO_CONTEXT,TRIPOLITANA,,,,
OCC000076,,OCC000076,Bazensis,334577,Limes Bazensis,34.5,6.5,unknown,Occidentis,Comes Africae,Praepositus,limitis Bazensis,1081,EXACT_NO_CONTEXT,confirmed,NO_CONTEXT,NUMIDIA MILITIANA,,,,
OCC000077,,OCC000077,Gemellensis,334578,Limes Gemellensis,34.5,5.5,unknown,Occidentis,Comes Africae,Praepositus,limitis Gemellensis,1082,EXACT_NO_CONTEXT,confirmed,NO_CONTEXT,NUMIDIA MILITIANA,,,,
OCC000078,,OCC000078,Tubuniensis,334580,Limes Tubunensis,35.5,5.5,unknown,Occidentis,Comes Africae,Praepositus,limitis Tubuniensis,1083,EXACT_NO_CONTEXT,confirmed,NO_CONTEXT,MAURETANIA SITIFENSIS,,,,
OCC000083,,OCC000083,Columnatensis,285430,Columnata,35.470067,1.521582,unknown,Occidentis,Comes Africae,Praepositus,limitis Columnatensis,1088,EXACT_NO_CONTEXT,confirmed,NO_CONTEXT,MAURETANIA CAESARIENSIS,,,,
OCC000091,,OCC000091,Tamuco,275732,Tamucus,35.559201,-5.411197,unknown,Occidentis,Comes Tingitaniae,Praefectus,alae Herculeae,1110,EXACT_NO_CONTEXT,confirmed,NO_CONTEXT,MAURETANIA TINGITANA,,,,
OCC000098,,OCC000098,Friglas,275629,Friglas,34.96001,-6.150002,unknown,Occidentis,Comes Tingitaniae,Tribunus,cohortis Friglensis,1117,EXACT_NO_CONTEXT,confirmed,NO_CONTEXT,MAURETANIA TINGITANA,,,,
OCC000099,,OCC000099,Othonae,79631,Othona,51.724124,0.900334,unknown,Occidentis,Comes litoris Saxonici per Britanniam,Praepositus,numeri Fortensium,1137,EXACT_NO_CONTEXT,confirmed,NO_CONTEXT,BRITANNIAE I AND II,,,,
OCC000102,,OCC000102,Branoduno,79346,Branodunum,52.962911,0.636879,unknown,Occidentis,Comes litoris Saxonici per Britanniam,Praepositus,equitum Dalmatarum Branodunensium,1140,EXACT_NO_CONTEXT,confirmed,NO_CONTEXT,BRITANNIAE I AND II,,,,
OCC000104,,OCC000104,Regulbio,79654,Regulbium,51.379537,1.199796,unknown,Occidentis,Comes litoris Saxonici per Britanniam,Tribunus,cohortis primae Baetasiorum,1142,EXACT_NO_CONTEXT,confirmed,NO_POLYGON,,,,,
OCC000106,,OCC000106,Anderidos,79293,Anderidos,50.819309,0.334063,unknown,Occidentis,Comes litoris Saxonici per Britanniam,Praepositus,numeri Abulcorum,1144,EXACT_NO_CONTEXT,confirmed,NO_CONTEXT,BRITANNIAE I AND II,,,,
OCC000107,,OCC000107,Portum Adurni,79645,Portus Adurni,50.838011,-1.114417,unknown,Occidentis,Comes litoris Saxonici per Britanniam,Praepositus,numeri exploratorum,1145,FUZZY_NO_CONTEXT,confirmed,NO_POLYGON,,,,,
OCC000108,,OCC000108,Columnatensis,285430,Columnata,35.470067,1.521582,unknown,Occidentis,Dux et praeses provinciae Mauritaniae,Praepositus,limitis Columnatensis,1173,CONTEXT_EXACT,confirmed,SOFT_MATCH,MAURETANIA CAESARIENSIS,et praesidis provinciae Mauritaniae et Caesariensis,,et praesidis provinciae Mauritaniae et Caesariensis,
OCC000109,,OCC000109,Vidensis,197400,Vid,43.046389,17.598611,settlement,Occidentis,Dux et praeses provinciae Mauritaniae,Praepositus,limitis Vidensis,1174,EXACT_NO_CONTEXT,confirmed,SOFT_MISMATCH,DALMATIA,et praesidis provinciae Mauritaniae et Caesariensis,,et praesidis provinciae Mauritaniae et Caesariensis,
OCC000116,,OCC000116,Talalatensis,344498,Talalati,32.127233,13.099991,unknown,Occidentis,Dux provinciae Tripolitanae,Praepositus,limitis Talalatensis,1195,CONTEXT_EXACT,confirmed,SOFT_MATCH,TRIPOLITANA,Tripolitanae,,Tripolitanae,
OCC000119,,OCC000119,Tillibarensis,344516,Tillibari,32.31633,10.399072,unknown,Occidentis,Dux provinciae Tripolitanae,Praepositus,limitis Tillibarensis,1198,CONTEXT_EXACT,confirmed,SOFT_MATCH,TRIPOLITANA,Tripolitanae,,Tripolitanae,
OCC000121,,OCC000121,Maccomadensis,363959,Macomades,31.205047,16.588337,unknown,Occidentis,Dux provinciae Tripolitanae,Praepositus,limitis Maccomadensis,1200,CONTEXT_EXACT,confirmed,SOFT_MATCH,TRIPOLITANA,Tripolitanae,,Tripolitanae,
OCC000127,,OCC000127,Leptitanis,344448,Lepcitani,32.636748,14.2922,unknown,Occidentis,Dux provinciae Tripolitanae,,Milites Fortenses in castris Leptitanis,1206,CONTEXT_EXACT,confirmed,SOFT_MATCH,TRIPOLITANA,Tripolitanae,,Tripolitanae,
OCC000130,,OCC000130,Cornacii,197227,Cornacum,45.295094,19.09733,unknown,Occidentis,Dux Pannoniae,,Cuneus equitum scutariorum,1223,,confirmed,SOFT_MATCH,PANNONIA INFERIOR,Pannoniae secundae ripariensis et Saviae,,Pannoniae secundae ripariensis et Saviae,
OCC000132,,OCC000132,Burgenas,207001,Burgenae,44.949991,20.283336,unknown,Occidentis,Dux Pannoniae,,Cuneus equitum Constantianorum,1225,CONTEXT_EXACT,confirmed,SOFT_MATCH,PANNONIA INFERIOR,Pannoniae secundae ripariensis et Saviae,,Pannoniae secundae ripariensis et Saviae,
OCC000134,,OCC000134,Aciminci,206874,Acumincum,45.13739,20.260639,unknown,Occidentis,Dux Pannoniae,,Cuneus equitum constantium,1227,,confirmed,SOFT_NEAR_MATCH,,Pannoniae secundae ripariensis et Saviae,,Pannoniae secundae ripariensis et Saviae,
OCC000139,,OCC000139,Cornaco,197227,Cornacum,45.295094,19.09733,unknown,Occidentis,Dux Pannoniae,,Equites Dalmatae,1232,CONTEXT_EXACT,confirmed,SOFT_MATCH,PANNONIA INFERIOR,Pannoniae secundae ripariensis et Saviae,,Pannoniae secundae ripariensis et Saviae,
OCC000142,,OCC000142,Cusi,207061,Cusum,45.252328,19.861946,unknown,Occidentis,Dux Pannoniae,,Equites Dalmatae,1235,CONTEXT_EXACT,confirmed,SOFT_MATCH,PANNONIA INFERIOR,Pannoniae secundae ripariensis et Saviae,,Pannoniae secundae ripariensis et Saviae,
OCC000145,,OCC000145,Burgentas,207001,Burgenae,44.949991,20.283336,unknown,Occidentis,Dux Pannoniae,,Equites Dalmatae,1238,,confirmed,SOFT_MATCH,PANNONIA INFERIOR,Pannoniae secundae ripariensis et Saviae,,Pannoniae secundae ripariensis et Saviae,
OCC000146,,OCC000146,Tauruno,207488,Taurunum,44.835966,20.411502,unknown,Occidentis,Dux Pannoniae,,Equites promoti,1239,EXACT_NO_CONTEXT,confirmed,SOFT_MISMATCH,MOESIA SUPERIOR,Pannoniae secundae ripariensis et Saviae,,Pannoniae secundae ripariensis et Saviae,
OCC000150,,OCC000150,Onagrino,207320,Onagrinum,45.236152,19.624394,unknown,Occidentis,Dux Pannoniae,,Auxilia Augustensia,1242,CONTEXT_EXACT,confirmed,SOFT_MATCH,PANNONIA INFERIOR,Pannoniae secundae ripariensis et Saviae,,Pannoniae secundae ripariensis et Saviae,
OCC000152,,OCC000152,Tauruno,207488,Taurunum,44.835966,20.411502,unknown,Occidentis,Dux Pannoniae,,Auxilia ascarii,1244,EXACT_NO_CONTEXT,confirmed,SOFT_MISMATCH,MOESIA SUPERIOR,Pannoniae secundae ripariensis et Saviae,,Pannoniae secundae ripariensis et Saviae,
OCC000153,,OCC000153,Marsonia,197371,Marsonia,45.161708,18.018769,unknown,Occidentis,Dux Pannoniae,,Auxilia ascarii,1244,CONTEXT_EXACT,confirmed,SOFT_MATCH,SAVIA,Pannoniae secundae ripariensis et Saviae,,Pannoniae secundae ripariensis et Saviae,
OCC000155,,OCC000155,Burgenas,207001,Burgenae,44.949991,20.283336,unknown,Occidentis,Dux Pannoniae,Praefectus,legionis quintae Ioviae,1247,CONTEXT_EXACT,confirmed,SOFT_MATCH,PANNONIA INFERIOR,Pannoniae secundae ripariensis et Saviae,,Pannoniae secundae ripariensis et Saviae,
OCC000157,,OCC000157,in castello Onagrino,207320,Onagrinum,45.236152,19.624394,unknown,Occidentis,Dux Pannoniae,Praefectus,legionis quintae Ioviae et sextae Herculeae,1249,CONTEXT_EXACT,confirmed,SOFT_MATCH,PANNONIA INFERIOR,Pannoniae secundae ripariensis et Saviae,,Pannoniae secundae ripariensis et Saviae,
OCC000158,,OCC000158,Sirmi,383781,Sirmio,45.492485,10.60805,settlement,Occidentis,Dux Pannoniae,Praefectus,militum Calcariensium,1250,EXACT_NO_CONTEXT,confirmed,SOFT_MISMATCH,VENETIA ET HISTRIA,Pannoniae secundae ripariensis et Saviae,,Pannoniae secundae ripariensis et Saviae,
OCC000159,,OCC000159,Sirmi,383781,Sirmio,45.492485,10.60805,settlement,Occidentis,Dux Pannoniae,Praefectus,classis primae Flaviae Augustae,1251,EXACT_NO_CONTEXT,confirmed,SOFT_MISMATCH,VENETIA ET HISTRIA,Pannoniae secundae ripariensis et Saviae,,Pannoniae secundae ripariensis et Saviae,
OCC000161,,OCC000161,Mursae,197389,Mursa,45.560018,18.675749,unknown,Occidentis,Dux Pannoniae,Praefectus,classis Histricae,1253,CONTEXT_EXACT,confirmed,SOFT_MATCH,PANNONIA INFERIOR,Pannoniae secundae ripariensis et Saviae,,Pannoniae secundae ripariensis et Saviae,
OCC000162,,OCC000162,Sirmi,383781,Sirmio,45.492485,10.60805,settlement,Occidentis,Dux Pannoniae,,Ala Sirmensis,1255,EXACT_NO_CONTEXT,confirmed,SOFT_MISMATCH,VENETIA ET HISTRIA,Pannoniae secundae ripariensis et Saviae,,Pannoniae secundae ripariensis et Saviae,
OCC000163,,OCC000163,Seruitii,197509,Servitium,45.151471,17.25609,unknown,Occidentis,Dux Pannoniae,Praefectus,classis primae Pannonicae,1256,CONTEXT_FUZZY,confirmed,SOFT_MATCH,SAVIA,Pannoniae secundae ripariensis et Saviae,,Pannoniae secundae ripariensis et Saviae,
OCC000165,,OCC000165,Sisciae,197504,Siscia,45.483168,16.371388,unknown,Occidentis,Dux Pannoniae,Tribunus,cohortis tertiae Alpinorum,1258,CONTEXT_EXACT,confirmed,SOFT_MATCH,SAVIA,Pannoniae secundae ripariensis et Saviae,,Pannoniae secundae ripariensis et Saviae,
OCC000169,,OCC000169,Intercisa,197323,Intercisa,46.974661,18.937209,unknown,Occidentis,Dux provinciae Valeriae,,Cuneus equitum Dalmatarum,1275,CONTEXT_NEAR_EXACT,confirmed,SOFT_NEAR_MATCH,,Valeriae ripensis,,Valeriae ripensis,
OCC000170,,OCC000170,Lusionio,197362,Lussonium,46.656784,18.881709,unknown,Occidentis,Dux provinciae Valeriae,,Cuneus equitum Constantianorum,1276,,confirmed,SOFT_NEAR_MATCH,,Valeriae ripensis,,Valeriae ripensis,
OCC000171,,OCC000171,Intercisa,197323,Intercisa,46.974661,18.937209,unknown,Occidentis,Dux provinciae Valeriae,,Cuneus equitum Constantianorum,1276,CONTEXT_NEAR_EXACT,confirmed,SOFT_NEAR_MATCH,,Valeriae ripensis,,Valeriae ripensis,
OCC000174,,OCC000174,Altino,197110,Altinum,45.956108,18.683919,fort,Occidentis,Dux provinciae Valeriae,,Cuneus equitum Fortensium,1278,CONTEXT_EXACT,confirmed,SOFT_MATCH,VALERIA,Valeriae ripensis,,Valeriae ripensis,
OCC000176,,OCC000176,Crumero,197232,Crumerum,47.758799,18.538585,unknown,Occidentis,Dux provinciae Valeriae,,Equites promoti,1280,EXACT_NO_CONTEXT,confirmed,SOFT_MISMATCH,PANNONIA SUPERIOR,Valeriae ripensis,,Valeriae ripensis,
OCC000177,,OCC000177,Solua,197519,Solva,47.793351,18.741986,unknown,Occidentis,Dux provinciae Valeriae,,Equites Mauri,1281,CONTEXT_FUZZY,confirmed,SOFT_MATCH,VALERIA,Valeriae ripensis,,Valeriae ripensis,
OCC000179,,OCC000179,Cirpi,197208,Cirpi,47.794589,19.034743,unknown,Occidentis,Dux provinciae Valeriae,,Equites Dalmatae,1283,CONTEXT_NEAR_EXACT,confirmed,SOFT_NEAR_MATCH,,Valeriae ripensis,,Valeriae ripensis,
OCC000181,,OCC000181,Campona,197187,Campona,47.393234,18.984598,unknown,Occidentis,Dux provinciae Valeriae,,Equites Dalmatae,1285,CONTEXT_NEAR_EXACT,confirmed,SOFT_NEAR_MATCH,,Valeriae ripensis,,Valeriae ripensis,
OCC000183,,OCC000183,Vetusalinae,197580,Vetus Salina,47.119577,18.86527,unknown,Occidentis,Dux provinciae Valeriae,,Equites Dalmatae,1287,CONTEXT_NEAR_FUZZY,confirmed,SOFT_NEAR_MATCH,,Valeriae ripensis,,Valeriae ripensis,
OCC000184,,OCC000184,Intercisa,197323,Intercisa,46.974661,18.937209,unknown,Occidentis,Dux provinciae Valeriae,,Equites sagittarii,1288,CONTEXT_NEAR_EXACT,confirmed,SOFT_NEAR_MATCH,,Valeriae ripensis,,Valeriae ripensis,
OCC000186,,OCC000186,Lussonio,197362,Lussonium,46.656784,18.881709,unknown,Occidentis,Dux provinciae Valeriae,,Equites Dalmatae,1290,CONTEXT_NEAR_EXACT,confirmed,SOFT_NEAR_MATCH,,Valeriae ripensis,,Valeriae ripensis,
OCC000188,,OCC000188,Ad Statuas,197085,Ad Statuas,46.248772,18.686978,unknown,Occidentis,Dux provinciae Valeriae,,Equites Dalmatae,1292,CONTEXT_NEAR_EXACT,confirmed,SOFT_NEAR_MATCH,,Valeriae ripensis,,Valeriae ripensis,
OCC000189,,OCC000189,Florentiae,197360,Florentia,46.081535,18.758743,unknown,Occidentis,Dux provinciae Valeriae,,Equites Dalmatae,1293,CONTEXT_NEAR_EXACT,confirmed,SOFT_NEAR_MATCH,,Valeriae ripensis,,Valeriae ripensis,
OCC000190,,OCC000190,Altino,197110,Altinum,45.956108,18.683919,fort,Occidentis,Dux provinciae Valeriae,,Equites sagittarii,1294,CONTEXT_EXACT,confirmed,SOFT_MATCH,VALERIA,Valeriae ripensis,,Valeriae ripensis,in burgo contra Florentiam
OCC000191,,OCC000191,Ad Militare,197073,Ad Militare,45.850803,18.85223,unknown,Occidentis,Dux provinciae Valeriae,,Equites Flavianenses,1295,CONTEXT_NEAR_EXACT,confirmed,SOFT_NEAR_MATCH,,Valeriae ripensis,,Valeriae ripensis,
OCC000193,,OCC000193,Pone Navata,197452,Ponte Navata,47.798208,18.980086,fort,Occidentis,Dux provinciae Valeriae,,Auxilia Ursarensia,1297,CONTEXT_NEAR_FUZZY,confirmed,SOFT_NEAR_MATCH,,Valeriae ripensis,,Valeriae ripensis,
OCC000194,,OCC000194,Ad Statuas,197085,Ad Statuas,46.248772,18.686978,unknown,Occidentis,Dux provinciae Valeriae,,Auxilia Ursarensia,1297,CONTEXT_NEAR_EXACT,confirmed,SOFT_NEAR_MATCH,,Valeriae ripensis,,Valeriae ripensis,
OCC000196,,OCC000196,Cardabiaca,197283,Cardabiaca,47.724319,18.660225,unknown,Occidentis,Dux provinciae Valeriae,,Auxilia insidiatorum,1300,CONTEXT_EXACT,confirmed,SOFT_MATCH,VALERIA,Valeriae ripensis,,Valeriae ripensis,
OCC000198,,OCC000198,Aliscae,197103,Alisca,46.312562,18.757918,unknown,Occidentis,Dux provinciae Valeriae,Praefectus,legionis secundae adiutricis cohortis quintae partis superioris,1302,CONTEXT_NEAR_EXACT,confirmed,SOFT_NEAR_MATCH,,Valeriae ripensis,,Valeriae ripensis,
OCC000199,,OCC000199,Florentiae,197360,Florentia,46.081535,18.758743,unknown,Occidentis,Dux provinciae Valeriae,Praefectus,legionis secundae adiutricis partis inferioris,1303,CONTEXT_NEAR_EXACT,confirmed,SOFT_NEAR_MATCH,,Valeriae ripensis,,Valeriae ripensis,
OCC000201,,OCC000201,Cirpi,197208,Cirpi,47.794589,19.034743,unknown,Occidentis,Dux provinciae Valeriae,Praefectus,legionis secundae adiutricis,1306,CONTEXT_NEAR_EXACT,confirmed,SOFT_NEAR_MATCH,,Valeriae ripensis,,Valeriae ripensis,
OCC000202,,OCC000202,Lussonio,197362,Lussonium,46.656784,18.881709,unknown,Occidentis,Dux provinciae Valeriae,Praefectus,legionis secundae adiutricis,1307,CONTEXT_NEAR_EXACT,confirmed,SOFT_NEAR_MATCH,,Valeriae ripensis,,Valeriae ripensis,
OCC000203,,OCC000203,Florentiae,197360,Florentia,46.081535,18.758743,unknown,Occidentis,Dux provinciae Valeriae,Praefectus,classis Histricae,1308,CONTEXT_NEAR_EXACT,confirmed,SOFT_NEAR_MATCH,,Valeriae ripensis,,Valeriae ripensis,
OCC000212,,OCC000212,Arrabonae,197141,Arrabona,47.5,17.5,unknown,Occidentis,Dux Pannoniae primae,,Cuneus equitum stablesianorum,1330,CONTEXT_EXACT,confirmed,SOFT_MATCH,PANNONIA SUPERIOR,Pannoniae et Norici ripensis,,Pannoniae et Norici ripensis,
OCC000213,,OCC000213,Arrabonae,197141,Arrabona,47.5,17.5,unknown,Occidentis,Dux Pannoniae primae,,Equites promoti,1331,CONTEXT_EXACT,confirmed,SOFT_MATCH,PANNONIA SUPERIOR,Pannoniae et Norici ripensis,,Pannoniae et Norici ripensis,
OCC000215,,OCC000215,Ala Nova,128354,Ala Nova,48.141031,16.477115,unknown,Occidentis,Dux Pannoniae primae,,Equites Dalmatae,1333,CONTEXT_EXACT,confirmed,SOFT_MATCH,PANNONIA SUPERIOR,Pannoniae et Norici ripensis,,Pannoniae et Norici ripensis,
OCC000220,,OCC000220,Quadrato,197463,Quadrata,47.736147,17.390445,unknown,Occidentis,Dux Pannoniae primae,,Equites Mauri,1338,,confirmed,SOFT_MATCH,PANNONIA SUPERIOR,Pannoniae et Norici ripensis,,Pannoniae et Norici ripensis,
OCC000222,,OCC000222,Carnunto,128376,Carnuntum,48.113346,16.867891,unknown,Occidentis,Dux Pannoniae primae,Praefectus,legionis quartaedecimaegeminae militum liburnariorum cohortis quintae partis superior,1341,CONTEXT_EXACT,confirmed,SOFT_MATCH,PANNONIA SUPERIOR,Pannoniae et Norici ripensis,,Pannoniae et Norici ripensis,
OCC000223,,OCC000223,Arrabonae,197141,Arrabona,47.5,17.5,unknown,Occidentis,Dux Pannoniae primae,Praefectus,legionis decimae et quartaedecimaegeminae geminarum militum liburnariorum,1342,CONTEXT_EXACT,confirmed,SOFT_MATCH,PANNONIA SUPERIOR,Pannoniae et Norici ripensis,,Pannoniae et Norici ripensis,
OCC000227,,OCC000227,Ad Mauros,118543,Ad Mauros,48.308623,14.023625,unknown,Occidentis,Dux Pannoniae primae,,Equites promoti,1346,CONTEXT_EXACT,confirmed,SOFT_MATCH,NORICUM RIPENSE,Pannoniae et Norici ripensis,,Pannoniae et Norici ripensis,
OCC000228,,OCC000228,Lentiae,118803,Lentia,48.306072,14.286293,unknown,Occidentis,Dux Pannoniae primae,,Equites sagittarii,1347,CONTEXT_EXACT,confirmed,SOFT_MATCH,NORICUM RIPENSE,Pannoniae et Norici ripensis,,Pannoniae et Norici ripensis,
OCC000230,,OCC000230,Arlape,118571,Arlape,48.211913,15.208959,unknown,Occidentis,Dux Pannoniae primae,,Equites Dalmatae,1349,CONTEXT_EXACT,confirmed,SOFT_MATCH,NORICUM RIPENSE,Pannoniae et Norici ripensis,,Pannoniae et Norici ripensis,
OCC000231,,OCC000231,Augustianis,118581,Augustiana,48.351096,15.743137,unknown,Occidentis,Dux Pannoniae primae,,Equites Dalmatae,1350,CONTEXT_FUZZY,confirmed,SOFT_MATCH,NORICUM RIPENSE,Pannoniae et Norici ripensis,,Pannoniae et Norici ripensis,
OCC000232,,OCC000232,Comagenis,128385,Comagena,48.330987,16.052027,unknown,Occidentis,Dux Pannoniae primae,,Equites promoti,1351,,confirmed,SOFT_MATCH,NORICUM RIPENSE,Pannoniae et Norici ripensis,,Pannoniae et Norici ripensis,
OCC000233,,OCC000233,Ioviaco,118761,Ioviacum,48.424004,13.871117,unknown,Occidentis,Dux Pannoniae primae,Praefectus,legionis secundae Italicae militum liburnariorum,1352,CONTEXT_EXACT,confirmed,SOFT_MATCH,NORICUM RIPENSE,Pannoniae et Norici ripensis,,Pannoniae et Norici ripensis,
OCC000234,,OCC000234,Lentiae,118803,Lentia,48.306072,14.286293,unknown,Occidentis,Dux Pannoniae primae,Praefectus,legionis secundae Italicae partis inferioris,1353,CONTEXT_EXACT,confirmed,SOFT_MATCH,NORICUM RIPENSE,Pannoniae et Norici ripensis,,Pannoniae et Norici ripensis,
OCC000235,,OCC000235,Lauriaco,118802,Lauriacum,48.220692,14.465958,unknown,Occidentis,Dux Pannoniae primae,Praefectus,legionis secundae Italicae,1354,CONTEXT_EXACT,confirmed,SOFT_MATCH,NORICUM RIPENSE,Pannoniae et Norici ripensis,,Pannoniae et Norici ripensis,
OCC000236,,OCC000236,Adiuuense,118541,Ad Iuvense,48.167341,14.715782,unknown,Occidentis,Dux Pannoniae primae,Praefectus,legionis primae Noricorum militum liburnariorum cohortis Quintae partis superioris,1355,CONTEXT_FUZZY,confirmed,SOFT_MATCH,NORICUM RIPENSE,Pannoniae et Norici ripensis,,Pannoniae et Norici ripensis,
OCC000239,,OCC000239,Austuris,118577,Asturis,48.344636,15.910311,unknown,Occidentis,Dux Pannoniae primae,Tribunus,cohortis,1360,,confirmed,SOFT_MATCH,NORICUM RIPENSE,Pannoniae et Norici ripensis,,Pannoniae et Norici ripensis,
OCC000240,,OCC000240,Cannabiaca,128375,Cannabiaca,48.329013,16.177392,unknown,Occidentis,Dux Pannoniae primae,Tribunus,cohortis,1361,CONTEXT_EXACT,confirmed,SOFT_MATCH,NORICUM RIPENSE,Pannoniae et Norici ripensis,,Pannoniae et Norici ripensis,
OCC000244,,OCC000244,Submuntorio,118986,Summuntorium,48.646252,10.8264,unknown,Occidentis,Dux Raetiae,,Equites stablesiani iuniores,1377,CONTEXT_FUZZY,confirmed,SOFT_MATCH,RAETIA,Raetiae primae et secundae,,Raetiae primae et secundae,
OCC000245,,OCC000245,Castra Regina,118929,Castra Regina,49.016496,12.100904,unknown,Occidentis,Dux Raetiae,Praefectus,legionis tertiae Italicae partis superioris,1378,CONTEXT_EXACT,confirmed,SOFT_MATCH,RAETIA,Raetiae primae et secundae,,Raetiae primae et secundae,
OCC000246,,OCC000246,Vallato,119017,Vallatum,48.717024,11.493325,unknown,Occidentis,Dux Raetiae,Praefectus,legionis tertiae Italicae partis superioris,1378,CONTEXT_EXACT,confirmed,SOFT_MATCH,RAETIA,Raetiae primae et secundae,,Raetiae primae et secundae,
OCC000247,,OCC000247,Submuntorio,118986,Summuntorium,48.646252,10.8264,unknown,Occidentis,Dux Raetiae,Praefectus,legionis tertiae Italicae partis superioris deputatae ripae primae,1379,CONTEXT_FUZZY,confirmed,SOFT_MATCH,RAETIA,Raetiae primae et secundae,,Raetiae primae et secundae,
OCC000249,,OCC000249,Guntiae,118716,Guntia,48.454426,10.281491,unknown,Occidentis,Dux Raetiae,Praefectus,militum Ursariensium,1381,EXACT_NO_CONTEXT,confirmed,SOFT_UNVERIFIED,,Raetiae primae et secundae,,Raetiae primae et secundae,
OCC000251,,OCC000251,Teriolis,187581,Teriolis,47.273341,11.242145,unknown,Occidentis,Dux Raetiae,Praefectus,legionis tertiae Italicae transvectioni specierum deputatae,1383,CONTEXT_EXACT,confirmed,SOFT_MATCH,RAETIA,Raetiae primae et secundae,,Raetiae primae et secundae,
OCC000252,,OCC000252,Quintanis,118919,Quintana,48.669403,13.078749,unknown,Occidentis,Dux Raetiae,Praefectus,alae primae Flaviae Raetorum,1384,,confirmed,SOFT_MATCH,RAETIA,Raetiae primae et secundae,,Raetiae primae et secundae,
OCC000254,,OCC000254,Abusina,118539,Abusina,48.850022,11.77073,unknown,Occidentis,Dux Raetiae,Tribunus,cohortis tertiae Brittorum,1386,CONTEXT_EXACT,confirmed,SOFT_MATCH,RAETIA,Raetiae primae et secundae,,Raetiae primae et secundae,
OCC000255,,OCC000255,Vallatio,119017,Vallatum,48.717024,11.493325,unknown,Occidentis,Dux Raetiae,Praefectus,alae secundae Valeriae singularis,1387,,confirmed,SOFT_MATCH,RAETIA,Raetiae primae et secundae,,Raetiae primae et secundae,
OCC000256,,OCC000256,Venaxamodorum,119019,Venaxamodurum,48.735955,11.184336,unknown,Occidentis,Dux Raetiae,Tribunus,cohortis sextae Valeriaae Raetorum,1388,CONTEXT_FUZZY,confirmed,SOFT_MATCH,RAETIA,Raetiae primae et secundae,,Raetiae primae et secundae,
OCC000257,,OCC000257,Parroduno,118903,Parrodunum,48.70045,11.016986,unknown,Occidentis,Dux Raetiae,Tribunus,cohortis primae Herculeae Raetorum,1389,CONTEXT_EXACT,confirmed,SOFT_MATCH,RAETIA,Raetiae primae et secundae,,Raetiae primae et secundae,
OCC000265,,OCC000265,Grannona in litore Saxonico,138377,Grannona,47.5,-2.5,unknown,Occidentis,Dux tractus Armoricani,Tribunus,cohortis primae novae Armoricanae,1423,EXACT_NO_CONTEXT,confirmed,NO_POLYGON,,tractus Armoricani et Neruicani,,tractus Armoricani et Neruicani,
OCC000268,,OCC000268,Osismis,69511,Osismis,48.389734,-4.486847,unknown,Occidentis,Dux tractus Armoricani,Praefectus,militum Maurorum Osismiacorum,1426,EXACT_NO_CONTEXT,confirmed,NO_CONTEXT,LUGDUNENSIS II,tractus Armoricani et Neruicani,,tractus Armoricani et Neruicani,
OCC000270,,OCC000270,Aleto,69556,Aletum,48.635814,-2.027308,unknown,Occidentis,Dux tractus Armoricani,Praefectus,militum Martensium,1428,EXACT_NO_CONTEXT,confirmed,NO_POLYGON,,tractus Armoricani et Neruicani,,tractus Armoricani et Neruicani,
OCC000275,,OCC000275,Marcis in litore Saxonico,109140,Marcis,50.810751,1.70763,unknown,Occidentis,Dux Belgicae secundae,,Equites Dalmatae,1452,CONTEXT_EXACT,confirmed,SOFT_MATCH,BELGICA II,Balgicae secundae,,Balgicae secundae,
OCC000280,,OCC000280,Dano,79412,Danum,53.5254159814,-1.13510287779,fort,Occidentis,Dux Britanniarum,Praefectus,equitum Crispianorum,1472,CONTEXT_EXACT,confirmed,SOFT_MATCH,BRITANNIAE I AND II,Britanniarum,,Britanniarum,
OCC000282,,OCC000282,Arbeia,89104,Arbeia,55.00434,-1.430879,unknown,Occidentis,Dux Britanniarum,Praefectus,numeri barcariorum Tigrisiensium,1474,CONTEXT_EXACT,confirmed,SOFT_MATCH,BRITANNIAE I AND II,Britanniarum,,Britanniarum,
OCC000284,,OCC000284,Concangios,89146,Concangios,54.855844,-1.571925,unknown,Occidentis,Dux Britanniarum,Praefectus,numeri vigilum,1476,CONTEXT_EXACT,confirmed,SOFT_MATCH,BRITANNIAE I AND II,Britanniarum,,Britanniarum,
OCC000285,,OCC000285,Lavatres,89224,Lavatris,54.517008,-2.007831,unknown,Occidentis,Dux Britanniarum,Praefectus,numeri exploratorum,1477,,confirmed,SOFT_MATCH,BRITANNIAE I AND II,Britanniarum,,Britanniarum,
OCC000286,,OCC000286,Verteris,89312,Verteris,54.5214081466,-2.32367380505,unknown,Occidentis,Dux Britanniarum,Praefectus,numeri directorum,1478,CONTEXT_EXACT,confirmed,SOFT_MATCH,BRITANNIAE I AND II,Britanniarum,,Britanniarum,
OCC000288,,OCC000288,Maglone,89236,Maglone,54.807397,-3.15326,unknown,Occidentis,Dux Britanniarum,Praefectus,numeri Solensium,1480,CONTEXT_EXACT,confirmed,SOFT_MATCH,BRITANNIAE I AND II,Britanniarum,,Britanniarum,
OCC000289,,OCC000289,Magis,89237,Magis,54.655581462,-3.54593836797,unknown,Occidentis,Dux Britanniarum,Praefectus,numeri Pacensium,1481,CONTEXT_EXACT,confirmed,SOFT_MATCH,BRITANNIAE I AND II,Britanniarum,,Britanniarum,
OCC000292,,OCC000292,Segeduno,89288,Segedunum,54.987873,-1.532381,unknown,Occidentis,Dux Britanniarum,Tribunus,cohortis quartae Lingonum,1485,CONTEXT_EXACT,confirmed,SOFT_MATCH,BRITANNIAE I AND II,Britanniarum,,Britanniarum,
OCC000294,,OCC000294,Conderco,89150,Condercum,54.977092,-1.664359,unknown,Occidentis,Dux Britanniarum,Praefectus,alae primae Asturum,1487,CONTEXT_EXACT,confirmed,SOFT_MATCH,BRITANNIAE I AND II,Britanniarum,,Britanniarum,
OCC000295,,OCC000295,Vindobala,89315,Vindobala,55.00241,-1.82535,unknown,Occidentis,Dux Britanniarum,Tribunus,cohortis primae Frixagorum,1488,CONTEXT_EXACT,confirmed,SOFT_MATCH,BRITANNIAE I AND II,Britanniarum,,Britanniarum,
OCC000296,,OCC000296,Hunno,89201,Hunno,55.010652,-2.005582,unknown,Occidentis,Dux Britanniarum,Praefectus,alae Sabinianae,1489,CONTEXT_EXACT,confirmed,SOFT_MATCH,BRITANNIAE I AND II,Britanniarum,,Britanniarum,
OCC000297,,OCC000297,Cilurno,89144,Cilurnum,55.025811,-2.139952,unknown,Occidentis,Dux Britanniarum,Praefectus,alae secundae Asturum,1490,CONTEXT_EXACT,confirmed,SOFT_MATCH,BRITANNIAE I AND II,Britanniarum,,Britanniarum,
OCC000300,,OCC000300,Vindolana,89313,Vindolanda,54.991355,-2.361412,fort,Occidentis,Dux Britanniarum,Tribunus,cohortis quartae Gallorum,1493,CONTEXT_FUZZY,confirmed,SOFT_MATCH,BRITANNIAE I AND II,Britanniarum,,Britanniarum,
OCC000301,,OCC000301,Aesica,89095,Aesica,54.994861,-2.464486,unknown,Occidentis,Dux Britanniarum,Tribunus,cohortis primae Asturum,1494,CONTEXT_EXACT,confirmed,SOFT_MATCH,BRITANNIAE I AND II,Britanniarum,,Britanniarum,
OCC000304,,OCC000304,Petrianis,89307,Petriana,54.905036,-2.934149,unknown,Occidentis,Dux Britanniarum,Praefectus,alae Petrianae,1497,,confirmed,SOFT_MATCH,BRITANNIAE I AND II,Britanniarum,,Britanniarum,
OCC000306,,OCC000306,Congavata,89151,Congabata,54.928087,-3.148943,unknown,Occidentis,Dux Britanniarum,Tribunus,cohortis secundae Lingonum,1500,,confirmed,SOFT_MATCH,BRITANNIAE I AND II,Britanniarum,,Britanniarum,
OCC000307,,OCC000307,Axeloduno,89307,Axeloduno,54.905036,-2.934149,unknown,Occidentis,Dux Britanniarum,Tribunus,cohortis primae Hispanorum,1501,CONTEXT_EXACT,confirmed,SOFT_MATCH,BRITANNIAE I AND II,Britanniarum,,Britanniarum,
OCC000308,,OCC000308,Gabrosenti,89189,Gabrosentum,54.573931,-3.576289,unknown,Occidentis,Dux Britanniarum,Tribunus,cohortis secundae Thracum,1502,CONTEXT_EXACT,confirmed,SOFT_MATCH,BRITANNIAE I AND II,Britanniarum,,Britanniarum,
OCC000310,,OCC000310,Glannibanta,89193,Glannibanta,54.355499,-3.410628,unknown,Occidentis,Dux Britanniarum,Tribunus,cohortis primae Morinorum,1504,CONTEXT_EXACT,confirmed,SOFT_MATCH,BRITANNIAE I AND II,Britanniarum,,Britanniarum,
OCC000311,,OCC000311,Alione,89097,Alione,54.720887,-3.49391,unknown,Occidentis,Dux Britanniarum,Tribunus,cohortis tertiae Neruiorum,1505,CONTEXT_EXACT,confirmed,SOFT_MATCH,BRITANNIAE I AND II,Britanniarum,,Britanniarum,
OCC000313,,OCC000313,Olenaco,89260,Olenacum,53.9409021261,-2.11595049214,unknown,Occidentis,Dux Britanniarum,Praefectus,alae primae Herculeae,1507,CONTEXT_EXACT,confirmed,SOFT_MATCH,BRITANNIAE I AND II,Britanniarum,,Britanniarum,
OCC000314,,OCC000314,Virosido,89317,Virosidum,54.3068751237,-2.09791134362,fort,Occidentis,Dux Britanniarum,Tribunus,cohortis sextae Neruiorum,1508,CONTEXT_EXACT,confirmed,SOFT_MATCH,BRITANNIAE I AND II,Britanniarum,,Britanniarum,
OCC000320,,OCC000320,Vangiones,109410,Vangiones,49.9937962862,8.26684591801,unknown,Occidentis,Dux Mogontiacensis,Praefectus,militum secundae Flaviae,1527,EXACT_NO_CONTEXT,confirmed,NO_CONTEXT,GERMANIA I,Mogonticensis,,Mogonticensis,
OCC000321,,OCC000321,Mogontiaco,109169,Mogontiacum,49.993005,8.278026,unknown,Occidentis,Dux Mogontiacensis,Praefectus,militum armigerorum,1528,EXACT_NO_CONTEXT,confirmed,NO_CONTEXT,GERMANIA I,Mogonticensis,,Mogonticensis,
OCC000322,,OCC000322,Bingio,108809,Bingium,49.968995,7.895659,unknown,Occidentis,Dux Mogontiacensis,Praefectus,militum Bingensium,1529,EXACT_NO_CONTEXT,confirmed,NO_CONTEXT,GERMANIA I,Mogonticensis,,Mogonticensis,
OCC000323,,OCC000323,Bodobrica,108817,Bodobrica,50.230984,7.591936,unknown,Occidentis,Dux Mogontiacensis,Praefectus,militum balistariorum,1530,EXACT_NO_CONTEXT,confirmed,NO_CONTEXT,GERMANIA I,Mogonticensis,,Mogonticensis,
OCC000326,,OCC000326,Aquileiae,187290,Aquileia,45.768259,13.364601,unknown,Occidentis,Item praepositurae magistri militum praesentalis a parte peditum,Praefectus,classis Venetum,1547,REGION_EXACT,confirmed,REGION_MATCH,VENETIA ET HISTRIA,Venetia inferiore,Venetia inferiore,,ITALIA
OCC000327,,OCC000327,Ravennae,393480,Ravenna,44.415718,12.196604,unknown,Occidentis,Item praepositurae magistri militum praesentalis a parte peditum,Praefectus,militum iuniorum Italicorum,1549,CONTEXT_CONFLICT_EXACT,confirmed,HARD_MISMATCH,AEMILIA ET LIGURIA,Flaminia,Flaminia,,ITALIA
OCC000328,,OCC000328,Ravennae,393480,Ravenna,44.415718,12.196604,unknown,Occidentis,Item praepositurae magistri militum praesentalis a parte peditum,Praefectus,classis Ravennatium cum curis eiusdem civitatis,1550,CONTEXT_CONFLICT_EXACT,confirmed,HARD_MISMATCH,AEMILIA ET LIGURIA,Flaminia,Flaminia,,ITALIA
OCC000329,,OCC000329,Como,383627,Como,45.81192,9.085784,unknown,Occidentis,Item praepositurae magistri militum praesentalis a parte peditum,Praefectus,classis Comensis cum curis eiusdem civitatis,1552,CONTEXT_EXACT,confirmed,HARD_MATCH,AEMILIA ET LIGURIA,Liguria,Liguria,,ITALIA
OCC000330,,OCC000330,Miseno,432941,Misenum,40.786279,14.084884,unknown,Occidentis,Item praepositurae magistri militum praesentalis a parte peditum,Praefectus,classis Misenatium,1554,CONTEXT_NEAR_EXACT,confirmed,HARD_NEAR_MATCH,,Campania,Campania,,ITALIA
OCC000331,,OCC000331,Viennae,128537,Vienna,48.211345,16.373946,unknown,Occidentis,Item praepositurae magistri militum praesentalis a parte peditum,Praefectus,classis fluminis Rhodani,1557,EXACT_NO_CONTEXT,confirmed,REGION_MISMATCH,NORICUM RIPENSE,Riparensi,Riparensi,,GALLIAE
OCC000333,,OCC000333,Ebruduni Sapaudiae,167750,Ebrudunum,44.565627,6.496364,unknown,Occidentis,Item praepositurae magistri militum praesentalis a parte peditum,Praefectus,classis barcariorum,1558,REGION_EXACT,confirmed,REGION_MATCH,ALPES MARITIMAE,Riparensi,Riparensi,,GALLIAE
OCC000334,,OCC000334,Massiliae Graecorum,148127,Massilia,43.296854,5.382499,unknown,Occidentis,Item praepositurae magistri militum praesentalis a parte peditum,Praefectus,militum musculariorum,1559,REGION_EXACT,confirmed,REGION_MATCH,VIENNENSIS,Riparensi,Riparensi,,GALLIAE
OCC000336,,OCC000336,Lapurdo,246461,Lapurdum,43.492723,-1.474944,unknown,Occidentis,Item praepositurae magistri militum praesentalis a parte peditum,Tribunus,cohortis Noevempopulanae,1562,REGION_EXACT,confirmed,REGION_MATCH,NOVEM POPULI,Novempopulana,Novempopulana,,GALLIAE
OCC000340,,OCC000340,Paetaonio,236598,Petavonium,42.0898132,-5.9981701,fort,Occidentis,Item praepositurae magistri militum praesentalis a parte peditum,Tribunus,cohortis secundae Flaviae Pacatianae,1570,CONTEXT_FUZZY,confirmed,HARD_MATCH,GALLAECIA,Callaecia,Callaecia,,HISPANIA
OCC000344,,OCC000344,Iuliobriga,236493,Iuliobriga,42.985111,-4.113918,unknown,Occidentis,Item praepositurae magistri militum praesentalis a parte peditum,Tribunus,cohortis Celtiberae,1573,CONTEXT_CONFLICT_EXACT,confirmed,HARD_MISMATCH,TARRACONENSIS,Callaecia,Callaecia,,HISPANIA
OCC000345,,OCC000345,Veleia,246232,Veleia,42.819044,-2.807792,unknown,Occidentis,Item praepositurae magistri militum praesentalis a parte peditum,Tribunus,cohortis primae Gallicae,1575,CONTEXT_EXACT,confirmed,HARD_MATCH,TARRACONENSIS,Tarraconensi,Tarraconensi,,HISPANIA
OCC000347,,OCC000347,Baiocas et Constantiae Lugdunensis secundae,69471,Baiocas,49.275076,-0.706872,unknown,Occidentis,Item praepositurae magistri militum praesentalis a parte peditum,Praefectus,laetorum Batavorum et gentilium Sueuorum,1578,EXACT_NO_CONTEXT,confirmed,NO_CONTEXT,LUGDUNENSIS II,,,,
OCC000352,,OCC000352,Atrabatis,108764,Atrebates,50.5,2.5,unknown,Occidentis,Item praepositurae magistri militum praesentalis a parte peditum,Praefectus,laetorum Batavorum Nemetacensium,1584,,confirmed,HARD_MATCH,BELGICA II,belgicae secundae,belgicae secundae,,
OCC000355,,OCC000355,Tungros,108765,Atuatuca Tungrorum,50.780857,5.464831,unknown,Occidentis,Item praepositurae magistri militum praesentalis a parte peditum,Praefectus,laetorum Lagensium,1587,CONTEXT_EXACT,confirmed,HARD_MATCH,GERMANIA II,germaniae secundae,germaniae secundae,,
OCC000358,,OCC000358,Opittergii,393459,Opitergium,45.781271,12.493648,unknown,Occidentis,Item praepositurae magistri militum praesentalis a parte peditum,Praefectus,Sarmatarum gentilium,1598,FUZZY_NO_CONTEXT,confirmed,NO_CONTEXT,VENETIA ET HISTRIA,Italia mediterranea,Italia mediterranea,,
OCC000359,,OCC000359,Patauio,393473,Patavium,45.409561,11.876975,unknown,Occidentis,Item praepositurae magistri militum praesentalis a parte peditum,Praefectus,Sarmatarum gentilium,1599,FUZZY_NO_CONTEXT,confirmed,NO_CONTEXT,VENETIA ET HISTRIA,Italia mediterranea,Italia mediterranea,,
OCC000360,,OCC000360,Cremonae,383628,Cremona,45.133639,10.026149,unknown,Occidentis,Item praepositurae magistri militum praesentalis a parte peditum,Praefectus,Sarmatarum gentilium,1601,EXACT_NO_CONTEXT,confirmed,NO_CONTEXT,AEMILIA ET LIGURIA,Italia mediterranea,Italia mediterranea,,
OCC000364,,OCC000364,Novariae,383717,Novaria,45.445082,8.618661,unknown,Occidentis,Item praepositurae magistri militum praesentalis a parte peditum,Praefectus,Sarmatarum gentilium,1604,EXACT_NO_CONTEXT,confirmed,NO_CONTEXT,AEMILIA ET LIGURIA,Italia mediterranea,Italia mediterranea,,
OCC000365,,OCC000365,Vercellis,383815,Vercellae,45.321094,8.426374,unknown,Occidentis,Item praepositurae magistri militum praesentalis a parte peditum,Praefectus,Sarmatarum gentilium,1605,EXACT_NO_CONTEXT,confirmed,NO_CONTEXT,AEMILIA ET LIGURIA,Italia mediterranea,Italia mediterranea,,
OCC000366,,OCC000366,Bononiae,393421,Bononia,44.49452,11.349271,unknown,Occidentis,Item praepositurae magistri militum praesentalis a parte peditum,Praefectus,Sarmatarum gentilium,1607,CONTEXT_EXACT,confirmed,HARD_MATCH,AEMILIA ET LIGURIA,Aemilia,Aemilia,,
OCC000368,,OCC000368,Pollentia,383745,Pollentia,44.686768,7.895976,unknown,Occidentis,Item praepositurae magistri militum praesentalis a parte peditum,Praefectus,Sarmatarum gentilium,1609,CONTEXT_EXACT,confirmed,HARD_MATCH,AEMILIA ET LIGURIA,Liguria,Liguria,,
OCC000372,,OCC000372,Damasci,678106,Damascus,33.51158693541351,36.3066092133522,mosque,Oriens,Insignia viri illustris magistri officiorum,,Scutaria et armorum,509,REGION_EXACT,confirmed,REGION_MATCH,AUGUSTA LIBANENSIS,,,,ORIENS
OCC000373,,OCC000373,Antiochiae,658381,Antiochia,36.202097,36.15818,unknown,Oriens,Insignia viri illustris magistri officiorum,,Scutaria et armorum,510,REGION_EXACT,confirmed,REGION_MATCH,SYRIA COELE,,,,ORIENS
OCC000374,,OCC000374,Antiochiae,658381,Antiochia,36.202097,36.15818,unknown,Oriens,Insignia viri illustris magistri officiorum,,Clibanaria,511,REGION_EXACT,confirmed,REGION_MATCH,SYRIA COELE,,,,ORIENS
OCC000375,,OCC000375,Edesa,638734,Aedesa,36.75,29.75,unknown,Oriens,Insignia viri illustris magistri officiorum,,Scutaria et armamentaria,512,FUZZY_NO_CONTEXT,confirmed,REGION_MISMATCH,LYCIA ET PAMPHYLIA,,,,ORIENS
OCC000377,,OCC000377,Caesarea,629035,Caesarea,38.728033,35.484989,unknown,Oriens,Insignia viri illustris magistri officiorum,,Clibanaria,515,CONTEXT_EXACT,confirmed,HARD_MATCH,CAPPADOCIA,cappadociae,cappadociae,,PONTICA
OCC000378,,OCC000378,Nicomediae,511337,Nicomedia,40.765931,29.916288,unknown,Oriens,Insignia viri illustris magistri officiorum,,Scutaria et armorum,516,REGION_EXACT,confirmed,REGION_MATCH,BITHYNIA,,,,PONTICA
OCC000379,,OCC000379,Nicomediae,511337,Nicomedia,40.765931,29.916288,unknown,Oriens,Insignia viri illustris magistri officiorum,,Clibanaria,517,REGION_EXACT,confirmed,REGION_MATCH,BITHYNIA,,,,PONTICA
OCC000380,,OCC000380,Sardis,550867,Sardis,38.488314,28.040286,unknown,Oriens,Insignia viri illustris magistri officiorum,,Scutaria et armorum,519,CONTEXT_EXACT,confirmed,HARD_MATCH,LYDIA,lydiae,lydiae,,ASIANA
OCC000381,,OCC000381,Hadrianopolis Haemimonti,501427,Hadrianopolis,41.140485,24.257643,unknown,Oriens,Insignia viri illustris magistri officiorum,,Scutaria et armorum,521,REGION_EXACT,confirmed,REGION_MATCH,RHODOPE,,,,THRACIAE
OCC000382,,OCC000382,Marcianopoli,216878,Marcianopolis,43.22504,27.585033,unknown,Oriens,Insignia viri illustris magistri officiorum,,Scutaria et armorum,522,REGION_EXACT,confirmed,REGION_MATCH,MOESIA INFERIOR,,,,THRACIAE
OCC000383,,OCC000383,Thessalonicensis,491741,Thessalonica,40.626402,22.956201,unknown,Oriens,Insignia viri illustris magistri officiorum,,Thessalonicensis,524,EXACT_NO_CONTEXT,confirmed,NO_CONTEXT,MACEDONIA,,,,
OCC000385,,OCC000385,Ratiarensis,207376,Ratiaria,43.809753,22.919689,unknown,Oriens,Insignia viri illustris magistri officiorum,,Ratiarensis,526,EXACT_NO_CONTEXT,confirmed,NO_CONTEXT,DACIA RIPENSIS,,,,
OCC000387,,OCC000387,Memfi,736963,Memphis,29.849491,31.255061,settlement,Oriens,Comes limitis Aegypti,,Legio quinta Macadonica,793,CONTEXT_FUZZY,confirmed,SOFT_MATCH,AEGYPTUS HERCULIA,Aegypti,,Aegypti,
OCC000388,,OCC000388,Babilona,727082,Babylon,30.00543,31.229959,unknown,Oriens,Comes limitis Aegypti,,Legio tertiadecima gemina,794,,confirmed,SOFT_MATCH,AEGYPTUS HERCULIA,Aegypti,,Aegypti,
OCC000389,,OCC000389,Pelusio,727192,Pelusium,31.049917,32.600128,unknown,Oriens,Comes limitis Aegypti,,Equites stablesiani,795,CONTEXT_EXACT,confirmed,SOFT_MATCH,AEGYPTUS HERCULIA,Aegypti,,Aegypti,
OCC000392,,OCC000392,Parembole,736993,Parembole,29.311376,31.238111,unknown,Oriens,Comes limitis Aegypti,,Legio secunda Traiana,798,CONTEXT_EXACT,confirmed,SOFT_MATCH,AEGYPTUS HERCULIA,Aegypti,,Aegypti,
OCC000402,,OCC000402,Hipponos,736924,Hipponon,28.649751,30.8668,unknown,Oriens,Comes limitis Aegypti,,Ala Apriana,811,,confirmed,SOFT_MATCH,AEGYPTUS HERCULIA,Aegypti,,Aegypti,
OCC000412,,OCC000412,Affrodito,736889,Aphrodito,29.408419,31.25167,unknown,Oriens,Comes limitis Aegypti,,Cohors quarta Iuthungorum,822,,confirmed,SOFT_MATCH,AEGYPTUS HERCULIA,Augustamnicae,Augustamnicae,Aegypti,
OCC000416,,OCC000416,Lico,187457,Licus,46.7770552,13.5133267,unknown,Oriens,Dux Thebaidos,,Cuneus equitum Maurorum scutariorum,863,EXACT_NO_CONTEXT,confirmed,SOFT_MISMATCH,VENETIA ET HISTRIA,Thebaidos,,Thebaidos,
OCC000419,,OCC000419,Copto,786010,Coptos,25.956181,32.769868,unknown,Oriens,Dux Thebaidos,,Equites sagittarii indigenae,866,CONTEXT_EXACT,confirmed,SOFT_MATCH,THEBAIS,Thebaidos,,Thebaidos,
OCC000421,,OCC000421,Lato,589899,Lato,35.179924,25.656483,unknown,Oriens,Dux Thebaidos,,Equites sagittarii indigenae,868,EXACT_NO_CONTEXT,confirmed,SOFT_MISMATCH,CRETA,Thebaidos,,Thebaidos,
OCC000422,,OCC000422,Maximianopoli,786047,Maximianopolis,26.115273,32.674131,unknown,Oriens,Dux Thebaidos,,Equites sagittarii indigenae,869,CONTEXT_EXACT,confirmed,SOFT_MATCH,THEBAIS,Thebaidos,,Thebaidos,
OCC000423,,OCC000423,Ombos,786079,Ombos,24.45205277777778,32.92824444444445,temple,Oriens,Dux Thebaidos,,Legio tertia Diocletiana,871,CONTEXT_EXACT,confirmed,SOFT_MATCH,THEBAIS,Thebaidos,,Thebaidos,
OCC000424,,OCC000424,Cusas,756588,Cusas,27.438183,30.817991,unknown,Oriens,Dux Thebaidos,,Legio secunda Flavia Constantia Thebaeorum,872,CONTEXT_EXACT,confirmed,SOFT_MATCH,THEBAIS,Thebaidos,,Thebaidos,
OCC000425,,OCC000425,Apollonos superioris,785976,Apollonos,24.498288,34.748068,unknown,Oriens,Dux Thebaidos,,Legio secunda Traiana,873,EXACT_NO_CONTEXT,confirmed,SOFT_UNVERIFIED,,Thebaidos,,Thebaidos,
OCC000426,,OCC000426,Syene,786123,Syene,24.095991,32.904942,unknown,Oriens,Dux Thebaidos,,Milites Miliarenses,874,CONTEXT_EXACT,confirmed,SOFT_MATCH,THEBAIS,Thebaidos,,Thebaidos,
OCC000427,,OCC000427,Copto,786010,Coptos,25.956181,32.769868,unknown,Oriens,Dux Thebaidos,,Legio prima Valentiniana,875,CONTEXT_EXACT,confirmed,SOFT_MATCH,THEBAIS,Thebaidos,,Thebaidos,
OCC000428,,OCC000428,Filas,786089,Philae,24.025031,32.884252,temple-2,Oriens,Dux Thebaidos,,Legio prima Maximiana,876,CONTEXT_FUZZY,confirmed,SOFT_MATCH,THEBAIS,Thebaidos,,Thebaidos,
OCC000430,,OCC000430,Hermunthi,786036,Hermonthis,25.550269,32.508054,unknown,Oriens,Dux Thebaidos,,Legio secunda Valentiniana,878,,confirmed,SOFT_MATCH,THEBAIS,Thebaidos,,Thebaidos,
OCC000431,,OCC000431,Asfynis,785978,Asfynis,25.315559,32.510652,unknown,Oriens,Dux Thebaidos,,Equites felices Honoriani,879,CONTEXT_EXACT,confirmed,SOFT_MATCH,THEBAIS,Thebaidos,,Thebaidos,
OCC000433,,OCC000433,Poisrietemidos,756625,Poisarietemidos,27.933259,30.883298,unknown,Oriens,Dux Thebaidos,,Ala secunda Hispanorum,882,CONTEXT_FUZZY,confirmed,SOFT_MATCH,THEBAIS,Thebaidos,,Thebaidos,
OCC000435,,OCC000435,Isiu,756583,Isiu,27.26579,31.149104,unknown,Oriens,Dux Thebaidos,,Ala quarta Britonum,884,CONTEXT_EXACT,confirmed,SOFT_MATCH,THEBAIS,Thebaidos,,Thebaidos,
OCC000436,,OCC000436,Thmou,737091,Tmou,28.150535,30.67969,unknown,Oriens,Dux Thebaidos,,Ala prima Hiberorum,885,CONTEXT_FUZZY,confirmed,SOFT_MATCH,THEBAIS,Thebaidos,,Thebaidos,
OCC000438,,OCC000438,Maximianopoli,786047,Maximianopolis,26.115273,32.674131,unknown,Oriens,Dux Thebaidos,,Ala tertia dromedariorum,887,CONTEXT_EXACT,confirmed,SOFT_MATCH,THEBAIS,Thebaidos,,Thebaidos,
OCC000442,,OCC000442,Psinaula,756628,Psinaula,26.653194,31.600403,unknown,Oriens,Dux Thebaidos,,Ala secunda Herculia dromedariorum,893,CONTEXT_EXACT,confirmed,SOFT_MATCH,THEBAIS,Thebaidos,,Thebaidos,
OCC000447,,OCC000447,Silili,756641,Silili,26.779471,31.555114,unknown,Oriens,Dux Thebaidos,,Cohors prima Apamenorum,899,CONTEXT_EXACT,confirmed,SOFT_MATCH,THEBAIS,Thebaidos,,Thebaidos,
OCC000450,,OCC000450,Burgo Severi,138249,Burgus,45.039335,-0.559844,unknown,Oriens,Dux Thebaidos,,Cohors nona Alamannorum,902,EXACT_NO_CONTEXT,confirmed,SOFT_MISMATCH,AQUITANIA II,Thebaidos,,Thebaidos,
OCC000452,,OCC000452,Lapidariorum,187446,Lapidaria,46.634098,9.443943,unknown,Oriens,Dux Thebaidos,,Cohors sexta saginarum,905,EXACT_NO_CONTEXT,confirmed,SOFT_MISMATCH,RAETIA,Thebaidos,,Thebaidos,
OCC000454,,OCC000454,Otthara,668327,Otthara,34.422928,37.173068,unknown,Oriens,Dux Foenicis,,Equites Mauri Illyriciani,919,CONTEXT_EXACT,confirmed,SOFT_MATCH,AUGUSTA LIBANENSIS,Foenicis,,Foenicis,
OCC000459,,OCC000459,Nazala,668315,Nazala,34.260948,37.257544,unknown,Oriens,Dux Foenicis,,Equites promoti indigenae,924,CONTEXT_EXACT,confirmed,SOFT_MATCH,AUGUSTA LIBANENSIS,Foenicis,,Foenicis,
OCC000461,,OCC000461,Casama,678085,Casama,34.031455,36.700612,unknown,Oriens,Dux Foenicis,,Equites sagittarii indigenae,926,CONTEXT_EXACT,confirmed,SOFT_MATCH,AUGUSTA LIBANENSIS,Foenicis,,Foenicis,
OCC000463,,OCC000463,Betproclis,668212,Betproclis,34.639874,37.111805,unknown,Oriens,Dux Foenicis,,Equites Saraceni indigenae,928,EXACT_NO_CONTEXT,confirmed,SOFT_MISMATCH,SYRIA COELE,Foenicis,,Foenicis,
OCC000465,,OCC000465,Adatha,658366,Adatha,37.702358,37.409481,unknown,Oriens,Dux Foenicis,,Equites sagittarii indigenae,930,EXACT_NO_CONTEXT,confirmed,SOFT_MISMATCH,AUGUSTA EUPHRATENSIS,Foenicis,,Foenicis,
OCC000466,,OCC000466,Palmira,668331,Palmyra,34.553302,38.269948,temple-2,Oriens,Dux Foenicis,Praefectus,legionis primae Illyricorum,931,FUZZY_NO_CONTEXT,confirmed,SOFT_MISMATCH,SYRIA COELE,Foenicis,,Foenicis,
OCC000469,,OCC000469,Veriaraca,668396,Veriaraca,34.385516,38.082065,unknown,Oriens,Dux Foenicis,,Ala noun Diocletiana,935,CONTEXT_EXACT,confirmed,SOFT_MATCH,AUGUSTA LIBANENSIS,Foenicis,,Foenicis,
OCC000470,,OCC000470,Cunna,668233,Cunna,34.266959,37.832095,unknown,Oriens,Dux Foenicis,,Ala prima Francorum,936,CONTEXT_EXACT,confirmed,SOFT_MATCH,AUGUSTA LIBANENSIS,Foenicis,,Foenicis,
OCC000476,,OCC000476,Oneuatha,678315,Oneuatha,34.018825,37.283135,unknown,Oriens,Dux Foenicis,,Cohors quinta pacta Alamannorum,942,CONTEXT_EXACT,confirmed,SOFT_MATCH,AUGUSTA LIBANENSIS,Foenicis,,Foenicis,
OCC000478,,OCC000478,Valle Diocletiana,678447,Valle Diocletiana,33.753494,36.973873,unknown,Oriens,Dux Foenicis,,Cohors secunda Aegyptiorum,944,CONTEXT_EXACT,confirmed,SOFT_MATCH,AUGUSTA LIBANENSIS,Foenicis,,Foenicis,
OCC000480,,OCC000480,Serianae,668369,Seriane,35.387685,37.800064,unknown,Oriens,Dux Syriae,,Equites scutarii Illyriciani,958,CONTEXT_FUZZY,confirmed,SOFT_MATCH,SYRIA COELE,Syriae et Eufratensis Syriae,,Syriae et Eufratensis Syriae,
OCC000481,,OCC000481,Occariba,668322,Occaraba,35.076322,37.489463,unknown,Oriens,Dux Syriae,,Equites promoti Illyriciani,959,,confirmed,SOFT_MATCH,SYRIA COELE,Syriae et Eufratensis Syriae,,Syriae et Eufratensis Syriae,
OCC000484,,OCC000484,Anatha,668196,Anatha,34.671287,38.582516,unknown,Oriens,Dux Syriae,,Equites sagittarii indigenae,962,CONTEXT_EXACT,confirmed,SOFT_MATCH,SYRIA COELE,Syriae et Eufratensis Syriae,,Syriae et Eufratensis Syriae,
OCC000485,,OCC000485,Acadama,668177,Acadama,35.083196,38.423851,unknown,Oriens,Dux Syriae,,Equites sagittarii,963,CONTEXT_EXACT,confirmed,SOFT_MATCH,SYRIA COELE,Syriae et Eufratensis Syriae,,Syriae et Eufratensis Syriae,
OCC000487,,OCC000487,Oresa,668323,Oresa,35.124102,38.94342,unknown,Oriens,Dux Syriae,Praefectus,legionis quartae Scythicae,965,CONTEXT_EXACT,confirmed,SOFT_MATCH,SYRIA COELE,Syriae et Eufratensis Syriae,,Syriae et Eufratensis Syriae,
OCC000488,,OCC000488,Barbalisso,668208,Barbalissus,36.01724,38.142301,unknown,Oriens,Dux Syriae,,Equites Dalmatae Illyriciani,967,CONTEXT_CONFLICT_EXACT,confirmed,HARD_MISMATCH,OSRHOENE,Augusta Eufratensi,Augusta Eufratensi,Syriae,In Augusta Eufratensi
OCC000491,,OCC000491,Sura,109359,Sura,49.5,5.5,unknown,Oriens,Dux Syriae,Praefectus,legionis sextaedecimae Flaviae firmae,970,CONTEXT_CONFLICT_EXACT,confirmed,HARD_MISMATCH,BELGICA I,Augusta Eufratensi,Augusta Eufratensi,Syriae,In Augusta Eufratensi
OCC000494,,OCC000494,Helela,668259,Helela,34.778675,38.733046,unknown,Oriens,Dux Syriae,,Cohors prima Gotthorum,974,CONTEXT_EXACT,confirmed,SOFT_MATCH,SYRIA COELE,Syriae,,Syriae,
OCC000497,,OCC000497,Ammattha,668183,Ammattha,35.684651,37.65125,unknown,Oriens,Dux Syriae,,Cohors prima victorum,977,CONTEXT_EXACT,confirmed,SOFT_MATCH,SYRIA COELE,Syriae,,Syriae,
OCC000498,,OCC000498,Benosabae,687846,Berosaba,31.250369,34.790451,unknown,Oriens,Dux Palaestinae,,Equites Dalmatae Illyriciani,990,,confirmed,SOFT_MATCH,PALAESTINA,Palaestinae,,Palaestinae,
OCC000499,,OCC000499,Benosabae,687846,Berosaba,31.250369,34.790451,unknown,Oriens,Dux Palaestinae,,Equites Dalmatae Illyriciani,991,,confirmed,SOFT_MATCH,PALAESTINA,Palaestinae,,Palaestinae,
OCC000500,,OCC000500,Menochiae,687964,Menochia,31.334516,34.399245,unknown,Oriens,Dux Palaestinae,,Equites promoti Illyriciani,992,CONTEXT_EXACT,confirmed,SOFT_MATCH,PALAESTINA,Palaestinae,,Palaestinae,
OCC000502,,OCC000502,Aeliae,324657,Aeliae,35.4232,10.437678,unknown,Oriens,Dux Palaestinae,,Equites Mauri Illyriciani,994,EXACT_NO_CONTEXT,confirmed,SOFT_MISMATCH,BYZACENA,Palaestinae,,Palaestinae,
OCC000503,,OCC000503,Birsama,687864,Birsama,31.26045,34.537078,unknown,Oriens,Dux Palaestinae,,Equites Thamudeni Illyriciani,995,CONTEXT_EXACT,confirmed,SOFT_MATCH,PALAESTINA,Palaestinae,,Palaestinae,
OCC000505,,OCC000505,Zodocathae,697769,Zodacatha,30.186526,35.512756,unknown,Oriens,Dux Palaestinae,,Equites promiti indigenae,997,,confirmed,SOFT_NEAR_MATCH,,Palaestinae,,Palaestinae,
OCC000507,,OCC000507,Zoarae,697768,Zoara,31.02726,35.481813,unknown,Oriens,Dux Palaestinae,,Equites sagittarii indigenae,999,CONTEXT_EXACT,confirmed,SOFT_MATCH,PALAESTINA,Palaestinae,,Palaestinae,
OCC000509,,OCC000509,Sabure,697750,Sabure,30.314037,35.385319,unknown,Oriens,Dux Palaestinae,,Equites primi felices Palaestini,1001,CONTEXT_EXACT,confirmed,SOFT_MATCH,PALAESTINA,Palaestinae,,Palaestinae,
OCC000510,,OCC000510,Veterocariae,697750,Veterocaria,30.314037,35.385319,unknown,Oriens,Dux Palaestinae,,Equites primi felices Palaestini,1001,CONTEXT_EXACT,confirmed,SOFT_MATCH,PALAESTINA,Palaestinae,,Palaestinae,
OCC000512,,OCC000512,Ailae,746700,Aila,29.796591,34.94276,unknown,Oriens,Dux Palaestinae,Praefectus,legionis decimae Fretensis,1003,CONTEXT_EXACT,confirmed,SOFT_MATCH,PALAESTINA,Palaestinae,,Palaestinae,
OCC000514,,OCC000514,Admatha,678131,Admatha,32.684043,35.665625,unknown,Oriens,Dux Palaestinae,,Ala Antana dromedariorum,1006,CONTEXT_EXACT,confirmed,SOFT_MATCH,PALAESTINA,Palaestinae,,Palaestinae,
OCC000515,,OCC000515,Toloha,697755,Toloha,30.843214,35.406656,unknown,Oriens,Dux Palaestinae,,Ala Constantiana,1007,CONTEXT_EXACT,confirmed,SOFT_MATCH,PALAESTINA,Palaestinae,,Palaestinae,
OCC000516,,OCC000516,apud Praesidium,697729,Praesidium,30.944103,35.442258,unknown,Oriens,Dux Palaestinae,,Ala secunda felix Valentiana,1008,CONTEXT_EXACT,confirmed,SOFT_MATCH,PALAESTINA,Palaestinae,,Palaestinae,
OCC000520,,OCC000520,Tarba,246679,Tarba,43.23314,0.074264,unknown,Oriens,Dux Palaestinae,,Cohors prima agentenaria,1013,EXACT_NO_CONTEXT,confirmed,SOFT_MISMATCH,NOVEM POPULI,Palaestinae,,Palaestinae,
OCC000521,,OCC000521,Praesidio,697729,Praesidium,30.944103,35.442258,unknown,Oriens,Dux Palaestinae,,Cohors quarta Frygium,1014,CONTEXT_EXACT,confirmed,SOFT_MATCH,PALAESTINA,Palaestinae,,Palaestinae,
OCC000524,,OCC000524,Arieldela,746715,Arieldela,30.08098,35.236212,unknown,Oriens,Dux Palaestinae,,Cohors secunda Galatarum,1017,CONTEXT_EXACT,confirmed,SOFT_MATCH,PALAESTINA,Palaestinae,,Palaestinae,
OCC000528,,OCC000528,Callinico,668318,Callinicum,35.972501,39.08287,unknown,Oriens,Dux Osrhoenae,,Equites promoti Illyriciani,1035,CONTEXT_EXACT,confirmed,SOFT_MATCH,OSRHOENE,Osrhoenae,,Osrhoenae,
OCC000529,,OCC000529,Dabana,658448,Dabana,36.663746,38.951714,unknown,Oriens,Dux Osrhoenae,,Equites Mauri Illyriciani,1036,CONTEXT_EXACT,confirmed,SOFT_MATCH,OSRHOENE,Osrhoenae,,Osrhoenae,
OCC000532,,OCC000532,Oraba,874688,Oraba,36.244537,40.707477,unknown,Oriens,Dux Osrhoenae,,Equites sagittarii indigenae,1039,CONTEXT_NEAR_EXACT,confirmed,SOFT_NEAR_MATCH,,Osrhoenae,,Osrhoenae,
OCC000536,,OCC000536,Circesio,893974,Circesium,35.334435,40.326381,unknown,Oriens,Dux Osrhoenae,Praefectus,legionis quartae Parthicae,1043,CONTEXT_EXACT,confirmed,SOFT_MATCH,OSRHOENE,Osrhoenae,,Osrhoenae,
OCC000544,,OCC000544,Amidae,874298,Amida,37.911777,40.224033,unknown,Oriens,Dux Mesopotamiae,,Equites scutarii Illyriciani,1066,CONTEXT_NEAR_EXACT,confirmed,SOFT_NEAR_MATCH,,Mesopotamiae,,Mesopotamiae,
OCC000545,,OCC000545,Resain - Theodosiopoli,874662,Theodosiopolis,36.825837,40.049623,unknown,Oriens,Dux Mesopotamiae,,Equites promoti Illyriciani,1067,CONTEXT_EXACT,confirmed,SOFT_MATCH,MESOPOTAMIA,Mesopotamiae,,Mesopotamiae,
OCC000546,,OCC000546,Amidae,874298,Amida,37.911777,40.224033,unknown,Oriens,Dux Mesopotamiae,,Equites ducatores Illyriciani,1068,CONTEXT_NEAR_EXACT,confirmed,SOFT_NEAR_MATCH,,Mesopotamiae,,Mesopotamiae,
OCC000547,,OCC000547,Constantia,874324,Constantia,37.233333,39.766666,unknown,Oriens,Dux Mesopotamiae,,Equites felices Honoriani Illyriciani,1069,CONTEXT_EXACT,confirmed,SOFT_MATCH,MESOPOTAMIA,Mesopotamiae,,Mesopotamiae,
OCC000553,,OCC000553,Thannuri,874762,Thannuris,36.438598,40.86652,unknown,Oriens,Dux Mesopotamiae,,Equites sagittarii indigenae,1075,EXACT_NO_CONTEXT,confirmed,SOFT_UNVERIFIED,,Mesopotamiae,,Mesopotamiae,
OCC000561,,OCC000561,Motha,678289,Motha,32.41855,36.818713,unknown,Oriens,Dux Arabiae,,Equites scutarii Illyriciani,1096,CONTEXT_NEAR_EXACT,confirmed,SOFT_NEAR_MATCH,,Arabiae,,Arabiae,
OCC000562,,OCC000562,Tricomia,678436,Tricomia,32.491336,36.712059,unknown,Oriens,Dux Arabiae,,Equites promoti Illyriciani,1097,CONTEXT_EXACT,confirmed,SOFT_MATCH,ARABIA,Arabiae,,Arabiae,
OCC000563,,OCC000563,Ziza,697767,Ziza,31.703711,35.952182,unknown,Oriens,Dux Arabiae,,Equites Dalmatae Illyriciani,1098,CONTEXT_EXACT,confirmed,SOFT_MATCH,ARABIA,Arabiae,,Arabiae,
OCC000564,,OCC000564,Areopoli,697632,Areopolis,31.272021,35.736,unknown,Oriens,Dux Arabiae,,Equites Mauri Illyriciani,1099,CONTEXT_EXACT,confirmed,SOFT_MATCH,ARABIA,Arabiae,,Arabiae,
OCC000567,,OCC000567,Gadda,697666,Gadda,32.026672,36.081722,unknown,Oriens,Dux Arabiae,,Equites sagittari indigenae,1102,CONTEXT_EXACT,confirmed,SOFT_MATCH,ARABIA,Arabiae,,Arabiae,
OCC000568,,OCC000568,Bostra,678073,Bostra,32.517831,36.48369,unknown,Oriens,Dux Arabiae,Praefectus,legionis tertiae Cyrenaicae,1103,CONTEXT_EXACT,confirmed,SOFT_MATCH,ARABIA,Arabiae,,Arabiae,
OCC000569,,OCC000569,Betthoro,697643,Betthorus,31.236867,35.86807,unknown,Oriens,Dux Arabiae,Praefectus,legionis quartae Martiae,1104,CONTEXT_EXACT,confirmed,SOFT_MATCH,ARABIA,Arabiae,,Arabiae,
OCC000575,,OCC000575,Thainatha,678423,Thainatha,32.269976,36.228985,unknown,Oriens,Dux Arabiae,,Ala prima Valentiana,1111,CONTEXT_EXACT,confirmed,SOFT_MATCH,ARABIA,Arabiae,,Arabiae,
OCC000579,,OCC000579,Ualtha,697762,Valtha,31.554249,35.772658,unknown,Oriens,Dux Arabiae,,Cohors octava voluntaria,1115,CONTEXT_FUZZY,confirmed,SOFT_MATCH,ARABIA,Arabiae,,Arabiae,
OCC000583,,OCC000583,Domana,857111,Domana,40.212239,39.651311,unknown,Oriens,Dux Armeniae,,Equites sagittarii,1140,EXACT_NO_CONTEXT,confirmed,SOFT_MISMATCH,PONTUS POLEMONIACUS,Armeniae,,Armeniae,
OCC000584,,OCC000584,Satala,874684,Satala,40.027787,39.597934,fort,Oriens,Dux Armeniae,Praefectus,legionis quintadecimae Apollinaris,1141,CONTEXT_EXACT,confirmed,SOFT_MATCH,ARMENIA MINOR,Armeniae,,Armeniae,
OCC000585,,OCC000585,Melitena,629040,Melitena,38.34767,38.314627,unknown,Oriens,Dux Armeniae,Praefectus,legionis duodecimae fulminatae,1142,EXACT_NO_CONTEXT,confirmed,SOFT_MISMATCH,CAPPADOCIA,Armeniae,,Armeniae,
OCC000586,,OCC000586,Trapezunta,857359,Trapezunt,41.002662,39.718172,unknown,Oriens,Dux Armeniae,Praefectus,legionis primae Ponticae,1144,CONTEXT_FUZZY,confirmed,HARD_MATCH,PONTUS POLEMONIACUS,Ponto,Ponto,Armeniae,In Ponto
OCC000590,,OCC000590,Chiaca,629008,Chiaca,38.684258,38.39808,unknown,Oriens,Dux Armeniae,,Ala prima Augusta Colonorum,1149,EXACT_NO_CONTEXT,confirmed,SOFT_NEAR_MISMATCH,,Armeniae,,Armeniae,
OCC000591,,OCC000591,Dascusa,628963,Dascusa,38.941935,38.715521,unknown,Oriens,Dux Armeniae,,Ala Auriana,1150,EXACT_NO_CONTEXT,confirmed,SOFT_NEAR_MISMATCH,,Armeniae,,Armeniae,
OCC000594,,OCC000594,Metita,874603,Metita,38.161074,39.14419,unknown,Oriens,Dux Armeniae,,Cohors tertia Ulpia miliaria Petraeorum,1155,EXACT_NO_CONTEXT,confirmed,SOFT_UNVERIFIED,,Armeniae,,Armeniae,
OCC000595,,OCC000595,Analiba,628922,Analiba,39.528217,38.582014,unknown,Oriens,Dux Armeniae,,Cohors quarta Raetorum,1156,CONTEXT_EXACT,confirmed,SOFT_MATCH,ARMENIA MINOR,Armeniae,,Armeniae,
OCC000598,,OCC000598,Chaszanenica,857137,Chaszanenica,40.761648,39.598493,unknown,Oriens,Dux Armeniae,,Ala prima Iovia felix,1159,EXACT_NO_CONTEXT,confirmed,SOFT_MISMATCH,PONTUS POLEMONIACUS,Armeniae,,Armeniae,
OCC000599,,OCC000599,Pithiae,857283,Pithiae,43.162916,40.334472,unknown,Oriens,Dux Armeniae,,Ala prima felix Theodosiana,1160,EXACT_NO_CONTEXT,confirmed,SOFT_UNVERIFIED,,Armeniae,,Armeniae,
OCC000601,,OCC000601,Ysiporto,857291,Ysiporto,40.942435,40.039388,unknown,Oriens,Dux Armeniae,,Cohors Apuleia civium Romanorum,1162,EXACT_NO_CONTEXT,confirmed,SOFT_NEAR_MISMATCH,,Armeniae,,Armeniae,
OCC000604,,OCC000604,Ziganne,857385,Ziganne,42.631325,41.504797,unknown,Oriens,Dux Armeniae,,Cohors secunda Valentiana,1165,EXACT_NO_CONTEXT,confirmed,SOFT_UNVERIFIED,,Armeniae,,Armeniae,
OCC000605,,OCC000605,Mochora,863842,Mochora,42.5,42.5,unknown,Oriens,Dux Armeniae,,Cohors,1166,EXACT_NO_CONTEXT,confirmed,SOFT_UNVERIFIED,,Armeniae,,Armeniae,
OCC000607,,OCC000607,Capidaua,216748,Capidava,44.493688,28.090266,unknown,Oriens,Dux Scythiae,,Cuneus equitum Solensium,1180,CONTEXT_FUZZY,confirmed,SOFT_MATCH,SCYTHIA,Scythiae,,Scythiae,
OCC000610,,OCC000610,Arubio,216712,Arubium,45.253041,28.137099,unknown,Oriens,Dux Scythiae,,Cuneus equitum catafractariorum,1183,CONTEXT_EXACT,confirmed,SOFT_MATCH,SCYTHIA,Scythiae,,Scythiae,
OCC000612,,OCC000612,Talamonio,217007,Thalamonium,45.149867,28.916885,unknown,Oriens,Dux Scythiae,,Cuneus equitum Arcadum,1185,CONTEXT_FUZZY,confirmed,SOFT_MATCH,SCYTHIA,Scythiae,,Scythiae,
OCC000613,,OCC000613,Flaviana,216811,Flaviana,44.24818,27.948318,unknown,Oriens,Dux Scythiae,,Milites navclarii,1187,CONTEXT_EXACT,confirmed,SOFT_MATCH,SCYTHIA,Scythiae,,Scythiae,
OCC000614,,OCC000614,Axiupoli,216722,Axiopolis,44.316703,28.016871,unknown,Oriens,Dux Scythiae,,Milites superventores,1188,,confirmed,SOFT_MATCH,SCYTHIA,Scythiae,,Scythiae,
OCC000618,,OCC000618,Nouioduro,216900,Noviodunum,45.270526,28.491915,settlement,Oriens,Dux Scythiae,,Milites primi Constantini,1192,CONTEXT_FUZZY,confirmed,SOFT_MATCH,SCYTHIA,Scythiae,,Scythiae,
OCC000619,,OCC000619,Salsouia,226748,Salsovia,45.066464,29.123993,unknown,Oriens,Dux Scythiae,,Milites quinti Constantini,1193,CONTEXT_FUZZY,confirmed,SOFT_MATCH,SCYTHIA,Scythiae,,Scythiae,
OCC000620,,OCC000620,Gratiana,226611,Gratiana,45.036639,29.161736,unknown,Oriens,Dux Scythiae,,Milites primi Gratianenses,1194,CONTEXT_EXACT,confirmed,SOFT_MATCH,SCYTHIA,Scythiae,,Scythiae,
OCC000622,,OCC000622,Axiupoli,216722,Axiopolis,44.316703,28.016871,unknown,Oriens,Dux Scythiae,Praefectus,ripae legionis secundae Herculiae cohortis quintae pedaturae inferioris,1197,,confirmed,SOFT_MATCH,SCYTHIA,Scythiae,,Scythiae,
OCC000624,,OCC000624,Nouioduno,216900,Noviodunum,45.270526,28.491915,settlement,Oriens,Dux Scythiae,Praefectus,legionis primae Ioviae,1199,CONTEXT_FUZZY,confirmed,SOFT_MATCH,SCYTHIA,Scythiae,,Scythiae,
OCC000625,,OCC000625,Nouioduno,216900,Noviodunum,45.270526,28.491915,settlement,Oriens,Dux Scythiae,Praefectus,ripae legionis primae Ioviae cohortis quintae pedaturae superioris,1200,CONTEXT_FUZZY,confirmed,SOFT_MATCH,SCYTHIA,Scythiae,,Scythiae,
OCC000627,,OCC000627,Securisca,216978,Securisca,43.702592,24.834372,unknown,Oriens,Dux Moesiae secundae,,Cuneus equitum scutariorum,1216,CONTEXT_EXACT,confirmed,SOFT_MATCH,MOESIA INFERIOR,moesiae secundae,,moesiae secundae,
OCC000628,,OCC000628,Dimo,216790,Dimum,43.64822,25.128306,unknown,Oriens,Dux Moesiae secundae,,Cuneus equitum Solensium,1217,CONTEXT_EXACT,confirmed,SOFT_MATCH,MOESIA INFERIOR,moesiae secundae,,moesiae secundae,
OCC000630,,OCC000630,Sexagintaprista,216982,Sexaginta Prista,43.849388,25.954117,unknown,Oriens,Dux Moesiae secundae,,Cuneus equitum armigerorum,1219,CONTEXT_FUZZY,confirmed,SOFT_MATCH,MOESIA INFERIOR,moesiae secundae,,moesiae secundae,
OCC000631,,OCC000631,Tegra,217003,Tegra,43.920738,26.082325,unknown,Oriens,Dux Moesiae secundae,,Cuneus equitum secundorum armigerorum,1220,CONTEXT_EXACT,confirmed,SOFT_MATCH,MOESIA INFERIOR,moesiae secundae,,moesiae secundae,
OCC000632,,OCC000632,Appiaria,216707,Appiaria,43.987675,26.245621,unknown,Oriens,Dux Moesiae secundae,,Cuneus equitum scutariorum,1221,CONTEXT_EXACT,confirmed,SOFT_MATCH,MOESIA INFERIOR,moesiae secundae,,moesiae secundae,
OCC000635,,OCC000635,Trimammio,217023,Trimammium,43.708048,25.831077,unknown,Oriens,Dux Moesiae secundae,,Milites Constantini,1225,CONTEXT_EXACT,confirmed,SOFT_MATCH,MOESIA INFERIOR,Moesiae secundae,,Moesiae secundae,
OCC000637,,OCC000637,Appiaria,216707,Appiaria,43.987675,26.245621,unknown,Oriens,Dux Moesiae secundae,,Milites tertii navclarii,1227,CONTEXT_EXACT,confirmed,SOFT_MATCH,MOESIA INFERIOR,Moesiae secundae,,Moesiae secundae,
OCC000638,,OCC000638,Transmariscae,217021,Transmarisca,44.044753,26.614532,unknown,Oriens,Dux Moesiae secundae,,Milites Novenses,1228,CONTEXT_EXACT,confirmed,SOFT_MATCH,MOESIA INFERIOR,Moesiae secundae,,Moesiae secundae,
OCC000639,,OCC000639,Candidiana,216896,Candidiana,44.063431,26.848302,unknown,Oriens,Dux Moesiae secundae,,Milites primi Moesiaci,1229,CONTEXT_EXACT,confirmed,SOFT_MATCH,MOESIA INFERIOR,Moesiae secundae,,Moesiae secundae,
OCC000641,,OCC000641,Durostoro,216800,Durostorum,44.117033,27.260732,unknown,Oriens,Dux Moesiae secundae,,Milites quarti Constantiani,1231,CONTEXT_EXACT,confirmed,SOFT_MATCH,MOESIA INFERIOR,Moesiae secundae,,Moesiae secundae,
OCC000643,,OCC000643,Altino,216700,Altinum,44.188552,27.699403,fort,Oriens,Dux Moesiae secundae,,Milites navclarii Altinenses,1233,CONTEXT_EXACT,confirmed,SOFT_MATCH,MOESIA INFERIOR,Moesiae secundae,,Moesiae secundae,
OCC000644,,OCC000644,Nouas,216899,Novae,43.60103,25.395644,unknown,Oriens,Dux Moesiae secundae,Praefectus,legionis primae Italicae,1235,CONTEXT_FUZZY,confirmed,SOFT_MATCH,MOESIA INFERIOR,Moesiae secundae,,Moesiae secundae,
OCC000645,,OCC000645,Nouas,216899,Novae,43.60103,25.395644,unknown,Oriens,Dux Moesiae secundae,Praefectus,ripae legionis primae Italicae cohortis quintae pedaturae superioris,1236,CONTEXT_FUZZY,confirmed,SOFT_MATCH,MOESIA INFERIOR,Moesiae secundae,,Moesiae secundae,
OCC000646,,OCC000646,Sexagintaprista,216982,Sexaginta Prista,43.849388,25.954117,unknown,Oriens,Dux Moesiae secundae,Praefectus,ripae legionis primae Italicae cohortis quintae pedaturae inferioris,1237,CONTEXT_FUZZY,confirmed,SOFT_MATCH,MOESIA INFERIOR,Moesiae secundae,,Moesiae secundae,
OCC000647,,OCC000647,Durostoro,216800,Durostorum,44.117033,27.260732,unknown,Oriens,Dux Moesiae secundae,Praefectus,legionis undecimae Claudiae,1238,CONTEXT_EXACT,confirmed,SOFT_MATCH,MOESIA INFERIOR,Moesiae secundae,,Moesiae secundae,
OCC000648,,OCC000648,Transmariscae,217021,Transmarisca,44.044753,26.614532,unknown,Oriens,Dux Moesiae secundae,Praefectus,ripae legionis undecimae Claudiae cohortis quintae pedaturae superioris,1239,CONTEXT_EXACT,confirmed,SOFT_MATCH,MOESIA INFERIOR,Moesiae secundae,,Moesiae secundae,
OCC000649,,OCC000649,Transmariscae,217021,Transmarisca,44.044753,26.614532,unknown,Oriens,Dux Moesiae secundae,Praefectus,ripae legionis undecimae Claudiae cohortis quintae pedaturae inferioris,1240,CONTEXT_EXACT,confirmed,SOFT_MATCH,MOESIA INFERIOR,Moesiae secundae,,Moesiae secundae,
OCC000651,,OCC000651,sub Radice - Viamata,217040,Viamata,42.492859,24.843007,unknown,Oriens,Dux Moesiae secundae,,Cohors prima Aureliana,1253,CONTEXT_EXACT,confirmed,HARD_MATCH,THRACIA,Thracia,Thracia,Moesiae secundae,
OCC000654,,OCC000654,Flaviana,216811,Flaviana,44.24818,27.948318,unknown,Oriens,Dux Moesiae primae,,Cuneus equtum promotorum,1261,EXACT_NO_CONTEXT,confirmed,SOFT_MISMATCH,SCYTHIA,Moesiae primae,,Moesiae primae,
OCC000655,,OCC000655,Tricornio,207515,Tricornium,44.733229,20.649959,unknown,Oriens,Dux Moesiae primae,,Cuneus equtum sagittariorum,1262,CONTEXT_EXACT,confirmed,SOFT_MATCH,MOESIA SUPERIOR,Moesiae primae,,Moesiae primae,
OCC000657,,OCC000657,Viminacio,207549,Viminacium,44.716471,21.166605,unknown,Oriens,Dux Moesiae primae,,Cuneus equtum promotorum,1264,CONTEXT_EXACT,confirmed,SOFT_MATCH,MOESIA SUPERIOR,Moesiae primae,,Moesiae primae,
OCC000658,,OCC000658,Laedenatae,207237,Lederata,44.813432,21.334266,unknown,Oriens,Dux Moesiae primae,,Cuneus equtum sagittariorum,1265,,confirmed,SOFT_MATCH,MOESIA SUPERIOR,Moesiae primae,,Moesiae primae,
OCC000660,,OCC000660,Cuppis,207060,Cuppae,44.651063,21.638303,unknown,Oriens,Dux Moesiae primae,,Cuneus equtum Dalmatarum,1267,CONTEXT_EXACT,confirmed,SOFT_MATCH,MOESIA SUPERIOR,Moesiae primae,,Moesiae primae,
OCC000662,,OCC000662,Cuppis,207060,Cuppae,44.651063,21.638303,unknown,Oriens,Dux Moesiae primae,,Auxilium Cuppense,1273,CONTEXT_EXACT,confirmed,SOFT_MATCH,MOESIA SUPERIOR,Moesiae primae,,Moesiae primae,
OCC000663,,OCC000663,Gratiana,226611,Gratiana,45.036639,29.161736,unknown,Oriens,Dux Moesiae primae,,Auxilium Gratianense,1274,EXACT_NO_CONTEXT,confirmed,SOFT_MISMATCH,SCYTHIA,Moesiae primae,,Moesiae primae,
OCC000664,,OCC000664,Taliata,207485,Taliata,44.443587,22.144349,unknown,Oriens,Dux Moesiae primae,,Auxilium Taliatense,1275,EXACT_NO_CONTEXT,confirmed,SOFT_MISMATCH,DACIA RIPENSIS,Moesiae primae,,Moesiae primae,
OCC000665,,OCC000665,Tricornio,207515,Tricornium,44.733229,20.649959,unknown,Oriens,Dux Moesiae primae,,Auxilium Aureomontanum,1276,CONTEXT_EXACT,confirmed,SOFT_MATCH,MOESIA SUPERIOR,Moesiae primae,,Moesiae primae,
OCC000666,,OCC000666,Singiduno,207443,Singidunum,44.802382,20.465593,unknown,Oriens,Dux Moesiae primae,Praefectus,legionis quartae Flaviae,1278,CONTEXT_EXACT,confirmed,SOFT_MATCH,MOESIA SUPERIOR,Moesiae primae,,Moesiae primae,
OCC000667,,OCC000667,Cuppis,207060,Cuppae,44.651063,21.638303,unknown,Oriens,Dux Moesiae primae,Praefectus,legionis septimae Claudiae,1279,CONTEXT_EXACT,confirmed,SOFT_MATCH,MOESIA SUPERIOR,Moesiae primae,,Moesiae primae,
OCC000668,,OCC000668,Novis,207310,Novae,44.620434,21.888533,unknown,Oriens,Dux Moesiae primae,Praefectus,militum exploratorum,1281,CONTEXT_EXACT,confirmed,SOFT_MATCH,MOESIA SUPERIOR,Moesiae primae,,Moesiae primae,
OCC000669,,OCC000669,Taliatae,207485,Taliata,44.443587,22.144349,unknown,Oriens,Dux Moesiae primae,Praefectus,militum exploratorum,1282,EXACT_NO_CONTEXT,confirmed,SOFT_MISMATCH,DACIA RIPENSIS,Moesiae primae,,Moesiae primae,
OCC000670,,OCC000670,Laedemata,207237,Lederata,44.813432,21.334266,unknown,Oriens,Dux Moesiae primae,Praefectus,militum Vincentiensium,1283,,confirmed,SOFT_MATCH,MOESIA SUPERIOR,Moesiae primae,,Moesiae primae,
OCC000671,,OCC000671,Zmirnae,550893,Zmyrna,38.41905,27.1383,settlement,Oriens,Dux Moesiae primae,Praefectus,militum exploratorum,1284,FUZZY_NO_CONTEXT,confirmed,SOFT_MISMATCH,ASIA,Moesiae primae,,Moesiae primae,
OCC000672,,OCC000672,Viminacio,207549,Viminacium,44.716471,21.166605,unknown,Oriens,Dux Moesiae primae,Praefectus,classis Histricae,1285,CONTEXT_EXACT,confirmed,SOFT_MATCH,MOESIA SUPERIOR,Moesiae primae,,Moesiae primae,
OCC000674,,OCC000674,Bononia,206975,Bononia,43.993221,22.8759,unknown,Oriens,Dux Daciae ripensis,,Cuneus equitum Dalmatarum Fortensium,1299,CONTEXT_NEAR_EXACT,confirmed,SOFT_NEAR_MATCH,,Daciae ripensis,,Daciae ripensis,
OCC000675,,OCC000675,Dortico,207093,Dorticum,44.19265,22.736228,unknown,Oriens,Dux Daciae ripensis,,Cuneus equitum Dalmatarum Divitensium,1300,CONTEXT_EXACT,confirmed,SOFT_MATCH,DACIA RIPENSIS,Daciae ripensis,,Daciae ripensis,
OCC000676,,OCC000676,Cebro,207020,Cebrus,43.800646,23.531732,unknown,Oriens,Dux Daciae ripensis,,Cuneus equitum scutariorum,1301,CONTEXT_EXACT,confirmed,SOFT_MATCH,DACIA RIPENSIS,Daciae ripensis,,Daciae ripensis,
OCC000677,,OCC000677,Drobeta,207100,Drobeta,44.635584,22.660366,unknown,Oriens,Dux Daciae ripensis,,Cuneus equitum Dalmatarum Divitensium,1302,CONTEXT_NEAR_EXACT,confirmed,SOFT_NEAR_MATCH,,Daciae ripensis,,Daciae ripensis,
OCC000681,,OCC000681,Aegetae,207107,Egeta,44.469116,22.445309,unknown,Oriens,Dux Daciae ripensis,,Cuneus equitum scutariorum,1306,CONTEXT_NEAR_FUZZY,confirmed,SOFT_NEAR_MATCH,,Daciae ripensis,,Daciae ripensis,
OCC000684,,OCC000684,Drobeta,207100,Drobeta,44.635584,22.660366,unknown,Oriens,Dux Daciae ripensis,,Auxilium primorum Daciscorum,1310,CONTEXT_NEAR_EXACT,confirmed,SOFT_NEAR_MATCH,,Daciae ripensis,,Daciae ripensis,
OCC000688,,OCC000688,Burgo Zono,138249,Burgus,45.039335,-0.559844,unknown,Oriens,Dux Daciae ripensis,,Auxilium secundorum Daciscorum,1314,EXACT_NO_CONTEXT,confirmed,SOFT_MISMATCH,AQUITANIA II,Daciae ripensis,,Daciae ripensis,
OCC000689,,OCC000689,Transdiernis,207508,Transdierna,44.662795,22.404513,unknown,Oriens,Dux Daciae ripensis,Praefectus,militum exploratorum,1315,CONTEXT_FUZZY,confirmed,SOFT_MATCH,DACIA RIPENSIS,Daciae ripensis,,Daciae ripensis,
OCC000691,,OCC000691,Cebro,207020,Cebrus,43.800646,23.531732,unknown,Oriens,Dux Daciae ripensis,Praefectus,legionis quintae Macedonicae,1318,CONTEXT_EXACT,confirmed,SOFT_MATCH,DACIA RIPENSIS,Daciae ripensis,,Daciae ripensis,
OCC000693,,OCC000693,Aegeta,207107,Egeta,44.469116,22.445309,unknown,Oriens,Dux Daciae ripensis,Praefectus,legionis tertiaedecimae geminae,1320,CONTEXT_NEAR_FUZZY,confirmed,SOFT_NEAR_MATCH,,Daciae ripensis,,Daciae ripensis,
OCC000695,,OCC000695,Burgo Novo,138249,Burgus,45.039335,-0.559844,unknown,Oriens,Dux Daciae ripensis,Praefectus,legionis tertiaedecimae geminae,1322,EXACT_NO_CONTEXT,confirmed,SOFT_MISMATCH,AQUITANIA II,Daciae ripensis,,Daciae ripensis,
OCC000697,,OCC000697,Ratiaria,207376,Ratiaria,43.809753,22.919689,unknown,Oriens,Dux Daciae ripensis,Praefectus,legionis tertiaedecimae geminae,1324,CONTEXT_EXACT,confirmed,SOFT_MATCH,DACIA RIPENSIS,Daciae ripensis,,Daciae ripensis,
OCC000700,,OCC000700,Aegetae,207107,Egeta,44.469116,22.445309,unknown,Oriens,Dux Daciae ripensis,Praefectus,classis Histricae,1328,CONTEXT_NEAR_FUZZY,confirmed,SOFT_NEAR_MATCH,,Daciae ripensis,,Daciae ripensis,
