gazetteerId,placeName,sourcePlaceName,pleiadesId,pleiadesName,latitude,longitude,featureType,description,uri,confidence
GAZ00001,Abina,Abina,915818,Abina,,,unknown,"An ancient place, cited: BAtlas 93 unlocated Abin(n)a",http://pleiades.stoa.org/places/915818,confirmed
GAZ00002,Abusina,Abusina,118539,Abusina,48.850022,11.77073,unknown,"Abusina was the site of a Roman auxiliary fort along the Danube, some 30 km SW of Regensburg.",http://pleiades.stoa.org/places/118539,confirmed
GAZ00003,Acadama,Acadama,668177,Acadama,35.083196,38.423851,unknown,"An ancient place, cited: BAtlas 68 F3 Acadama",http://pleiades.stoa.org/places/668177,confirmed
GAZ00004,Acimincum,Aciminci,206874,Acumincum,45.13739,20.260639,unknown,"Acumincum (Stari Slankamen) was a settlement of the Scordisci that was later conquered by the Romans. During the Flavian period, the cohors I Britannica equitata and II Adjutrix were based there.",http://pleiades.stoa.org/places/206874,confirmed
GAZ00005,ad cohortem Gallicam,ad cohortem Gallicam,240849,Ad Cohortem Gallicam,,,unknown,"An ancient place, cited: BAtlas 24 unlocated Ad Cohortem Gallicam",http://pleiades.stoa.org/places/240849,confirmed
GAZ00006,Ad Mauros,Ad Mauros,118543,Ad Mauros,48.308623,14.023625,unknown,"An ancient place, cited: BAtlas 12 H4 Ad Mauros",http://pleiades.stoa.org/places/118543,confirmed
GAZ00007,Ad Militare,Ad Militare,197073,Ad Militare,45.850803,18.85223,unknown,"An ancient place, cited: BAtlas 20 F4 Ad Militare",http://pleiades.stoa.org/places/197073,confirmed
GAZ00008,Ad Statuas,Ad Statuas,197085,Ad Statuas,46.248772,18.686978,unknown,"An ancient place, cited: BAtlas 20 F3 Ad Statuas",http://pleiades.stoa.org/places/197085,confirmed
GAZ00009,Adiuuense,Adiuuense,118541,Ad Iuvense,48.167341,14.715782,unknown,"An ancient place, cited: BAtlas 12 H4 Ad Iuvense?",http://pleiades.stoa.org/places/118541,confirmed
GAZ00010,Admatha,Admatha,678131,Admatha,32.684043,35.665625,unknown,"An ancient place, cited: BAtlas 69 C4 Emmatha",http://pleiades.stoa.org/places/678131,confirmed
GAZ00011,Aegeta,Aegetae,207107,Egeta,44.469116,22.445309,unknown,"An ancient place, cited: BAtlas 21 E5 Egeta",http://pleiades.stoa.org/places/207107,confirmed
GAZ00012,Aegeta,Aegeta,207107,Egeta,44.469116,22.445309,unknown,"An ancient place, cited: BAtlas 21 E5 Egeta",http://pleiades.stoa.org/places/207107,confirmed
GAZ00013,Aesica,Aesica,89095,Aesica,54.994861,-2.464486,unknown,"(A)Esica, also known as Great Chesters, was a fort on the line of Hadrian's Wall.",http://pleiades.stoa.org/places/89095,confirmed
GAZ00014,Affrodito,Affrodito,736889,Aphrodito,29.408419,31.25167,unknown,"An ancient place, cited: BAtlas 75 E2 Aphrodito(polis)",http://pleiades.stoa.org/places/736889,confirmed
GAZ00015,Afro,Afro,699887,Afro,,,unknown,"An ancient place, cited: BAtlas 71 unlocated Afro",http://pleiades.stoa.org/places/699887,confirmed
GAZ00016,Aila,Ailae,746700,Aila,29.796591,34.94276,unknown,The city of Aqaba on the Red Sea.,http://pleiades.stoa.org/places/746700,confirmed
GAZ00017,Ala Nova,Ala Nova,128354,Ala Nova,48.141031,16.477115,unknown,"An ancient place, cited: BAtlas 13 B4 Ala Nova",http://pleiades.stoa.org/places/128354,confirmed
GAZ00018,Aletum,Aleto,69556,Aletum,48.635814,-2.027308,unknown,"An ancient place, cited: BAtlas 7 D3 Reginca/Aletum",http://pleiades.stoa.org/places/69556,confirmed
GAZ00019,Alione,Alione,89097,Alione,54.720887,-3.49391,unknown,"A Roman fort at present-day Maryport, cited: BAtlas 9 D6 Alauna/Alione. Part of Cumbrian coastal defenses.",http://pleiades.stoa.org/places/89097,confirmed
GAZ00020,Alisca,Aliscae,197103,Alisca,46.312562,18.757918,unknown,"An ancient place, cited: BAtlas 20 F3 Alisca",http://pleiades.stoa.org/places/197103,confirmed
GAZ00021,Altinum,Altino,197110,Altinum,45.956108,18.683919,fort,"An ancient place, cited: BAtlas 20 F4 Altinum",http://pleiades.stoa.org/places/197110,confirmed
GAZ00022,Altinum,Altino,216700,Altinum,44.188552,27.699403,fort,"An ancient place, cited: BAtlas 22 E4 Altinum",http://pleiades.stoa.org/places/216700,confirmed
GAZ00023,Amida,Amidae,874298,Amida,37.911777,40.224033,unknown,"An ancient place, cited: BAtlas 89 C3 Ad Tygrem/Amida",http://pleiades.stoa.org/places/874298,confirmed
GAZ00024,Ammattha,Ammattha,668183,Ammattha,35.684651,37.65125,unknown,"An ancient place, cited: BAtlas 68 E2 Ammattha",http://pleiades.stoa.org/places/668183,confirmed
GAZ00025,Analiba,Analiba,628922,Analiba,39.528217,38.582014,unknown,"An ancient place, cited: BAtlas 64 H1 Analib(l)a",http://pleiades.stoa.org/places/628922,confirmed
GAZ00026,Anatha,Anatha,668196,Anatha,34.671287,38.582516,unknown,"An ancient place, cited: BAtlas 68 G4 Aracha/Anatha/‘Harae’",http://pleiades.stoa.org/places/668196,confirmed
GAZ00027,Anderidos,Anderidos,79293,Anderidos,50.819309,0.334063,unknown,"An ancient place, cited: BAtlas 8 H4 Anderidos",http://pleiades.stoa.org/places/79293,confirmed
GAZ00028,Antiochia,Antiochiae,658381,Antiochia,36.202097,36.15818,unknown,"A city founded ca. 300 BC by Seleucus I Nicator, a successor of Alexander the Great. Antioch was a great trading center and numbered as one of the four cities of the Syrian tetrapolis. Justinian I renamed the city 'Theoupolis' in the sixth century AD.",http://pleiades.stoa.org/places/658381,confirmed
GAZ00029,Apollonos,Apollonos superioris,785976,Apollonos,24.498288,34.748068,unknown,"An ancient place, cited: BAtlas 80 F4 Apollonos",http://pleiades.stoa.org/places/785976,confirmed
GAZ00030,Appiaria,Appiaria,216707,Appiaria,43.987675,26.245621,unknown,"An ancient place, cited: BAtlas 22 D5 Appiaria",http://pleiades.stoa.org/places/216707,confirmed
GAZ00031,Aquileia,Aquileiae,187290,Aquileia,45.768259,13.364601,unknown,"An ancient Roman city initially founded ca. 181/180 BC, Aquileia is especially important in Late Antiquity and the Middle Ages.",http://pleiades.stoa.org/places/187290,confirmed
GAZ00032,Aquileiensis,Aquileiensis,187290,Aquileia,45.768259,13.364601,unknown,"An ancient Roman city initially founded ca. 181/180 BC, Aquileia is especially important in Late Antiquity and the Middle Ages.",http://pleiades.stoa.org/places/187290,confirmed
GAZ00033,Aquileiensium,Aquileiensium,187290,Aquileia,45.768259,13.364601,unknown,"An ancient Roman city initially founded ca. 181/180 BC, Aquileia is especially important in Late Antiquity and the Middle Ages.",http://pleiades.stoa.org/places/187290,confirmed
GAZ00034,Arbeia,Arbeia,89104,Arbeia,55.00434,-1.430879,unknown,A Roman fort at present-day South Shields. Cited as: BAtlas 9 F6 Arbeia,http://pleiades.stoa.org/places/89104,confirmed
GAZ00035,Arelatensis,Arelatensis,148217,Col. Arelate,43.677616,4.630799,unknown,An ancient settlement located at modern Arles in France.,http://pleiades.stoa.org/places/148217,confirmed
GAZ00036,Arelatensium,Arelatensium,148217,Col. Arelate,43.677616,4.630799,unknown,An ancient settlement located at modern Arles in France.,http://pleiades.stoa.org/places/148217,confirmed
GAZ00037,Areopolis,Areopoli,697632,Areopolis,31.272021,35.736,unknown,"An ancient place, cited: BAtlas 71 B3 Areopolis",http://pleiades.stoa.org/places/697632,confirmed
GAZ00038,Argentomagus,Argentomagensis,138192,Argentomagus,46.588704,1.518941,unknown,*Argentomagus was a pre-Roman and later Roman settlement in the territory of the Bituriges tribe.,http://pleiades.stoa.org/places/138192,confirmed
GAZ00039,Arieldela,Arieldela,746715,Arieldela,30.08098,35.236212,unknown,"A Roman site in modern Jordan, known today as ‘Ayn Gharandal. It includes remains of a late Roman fort and bathhouse.",http://pleiades.stoa.org/places/746715,confirmed
GAZ00040,Arlape,Arlape,118571,Arlape,48.211913,15.208959,unknown,"An ancient place, cited: BAtlas 12 I4 Ar(e)lape",http://pleiades.stoa.org/places/118571,confirmed
GAZ00041,Arrabona,Arrabonae,197141,Arrabona,47.5,17.5,unknown,"An ancient place, cited: BAtlas 20 E2 Arrabona",http://pleiades.stoa.org/places/197141,confirmed
GAZ00042,Arubium,Arubio,216712,Arubium,45.253041,28.137099,unknown,"An ancient place, cited: BAtlas 22 F3 Arubium",http://pleiades.stoa.org/places/216712,confirmed
GAZ00043,Asabaia,Asabaia,699890,Asabaia,,,unknown,"An ancient place, cited: BAtlas 71 unlocated Asabaia",http://pleiades.stoa.org/places/699890,confirmed
GAZ00044,Asfynis,Asfynis,785978,Asfynis,25.315559,32.510652,unknown,"An ancient place, cited: BAtlas 80 B3 ‘Asfynis’",http://pleiades.stoa.org/places/785978,confirmed
GAZ00045,Asuada,Asuada,699891,Asuada,,,unknown,"An ancient place, cited: BAtlas 71 unlocated Asuada",http://pleiades.stoa.org/places/699891,confirmed
GAZ00046,Atrabates,Atrabatis,108764,Atrebates,50.5,2.5,unknown,"The Atrebates were a Belgic tribe of Gaul and Britain prior to the Roman conquest,",http://pleiades.stoa.org/places/108764,confirmed
GAZ00047,Auatha,Auatha,699892,Auatha,,,unknown,"An ancient place, cited: BAtlas 71 unlocated Auatha",http://pleiades.stoa.org/places/699892,confirmed
GAZ00048,Augusta,Augustensium,79574,Augusta,51.513335,-0.088949,unknown,Roman London was established ca. AD 43.,http://pleiades.stoa.org/places/79574,confirmed
GAZ00049,Augusta Suessionum,Suessionensis,108772,Augusta Suessionum,49.380792,3.32632,unknown,Augusta Suessionum (modern Soissons) was a Gallic site captured by Iulius Caesar and re-established as a Roman city.,http://pleiades.stoa.org/places/108772,confirmed
GAZ00050,Augustianae,Augustianis,118581,Augustiana,48.351096,15.743137,unknown,"An ancient place, cited: BAtlas 12 I4 Augustiana",http://pleiades.stoa.org/places/118581,confirmed
GAZ00051,Augustodunum,Augustodunensis,177460,Augustodunum,46.949448,4.299314,unknown,"An ancient place, cited: BAtlas 18 B3 Augustodunum",http://pleiades.stoa.org/places/177460,confirmed
GAZ00052,Augustodunum,Augustoduno,177460,Augustodunum,46.949448,4.299314,unknown,"An ancient place, cited: BAtlas 18 B3 Augustodunum",http://pleiades.stoa.org/places/177460,confirmed
GAZ00053,Austuris,Austuris,118577,Asturis,48.344636,15.910311,unknown,"An ancient place, cited: BAtlas 12 I4 Asturis?",http://pleiades.stoa.org/places/118577,confirmed
GAZ00054,Axeloduno,Axeloduno,89307,Axeloduno,54.905036,-2.934149,unknown,"An ancient place, cited: BAtlas 9 E6 Uxelodu(nu)m",http://pleiades.stoa.org/places/89307,confirmed
GAZ00055,Axiupolis,Axiupoli,216722,Axiopolis,44.316703,28.016871,unknown,"An ancient place, cited: BAtlas 22 F4 Axiopolis",http://pleiades.stoa.org/places/216722,confirmed
GAZ00056,Babilona,Babilona,727082,Babylon,30.00543,31.229959,unknown,"An ancient fortified city of the Delta of Egypt, located at Babylon in the area today known as Coptic Cairo.",http://pleiades.stoa.org/places/727082,confirmed
GAZ00057,Baiocas,Baiocas et Constantiae Lugdunensis secundae,69471,Baiocas,49.275076,-0.706872,unknown,"An ancient place, cited: BAtlas 7 F2 Augustodurum",http://pleiades.stoa.org/places/69471,confirmed
GAZ00058,Barbalissus,Barbalisso,668208,Barbalissus,36.01724,38.142301,unknown,"An ancient place, cited: BAtlas 68 F2 Barbalissus",http://pleiades.stoa.org/places/668208,confirmed
GAZ00059,Bazensis,Bazensis,334577,Limes Bazensis,34.5,6.5,unknown,"An ancient place, cited: BAtlas 34 E3 Limes ‘Bazensis’",http://pleiades.stoa.org/places/334577,confirmed
GAZ00060,Benosaba,Benosabae,687846,Berosaba,31.250369,34.790451,unknown,"An ancient place, cited: BAtlas 70 F3 Beer Sheva/Berosaba",http://pleiades.stoa.org/places/687846,confirmed
GAZ00061,Bethallaha,Bethallaha,876591,Bethallaha,,,unknown,"An ancient place, cited: BAtlas 89 unlocated Bethallaha",http://pleiades.stoa.org/places/876591,confirmed
GAZ00062,Betthorus,Betthoro,697643,Betthorus,31.236867,35.86807,unknown,"A Roman castrum of the limes Arabicus. In the fourth century, Legio IV Martia was stationed here.",http://pleiades.stoa.org/places/697643,confirmed
GAZ00063,Bingium,Bingio,108809,Bingium,49.968995,7.895659,unknown,"An ancient place, cited: BAtlas 11 H3 Bingium",http://pleiades.stoa.org/places/108809,confirmed
GAZ00064,Birsama,Birsama,687864,Birsama,31.26045,34.537078,unknown,"An ancient place, cited: BAtlas 70 F3 Birsama",http://pleiades.stoa.org/places/687864,confirmed
GAZ00065,Bodobrica,Bodobrica,108817,Bodobrica,50.230984,7.591936,unknown,Bodobrica (Boppard),http://pleiades.stoa.org/places/108817,confirmed
GAZ00066,Bononia,Bononia,206975,Bononia,43.993221,22.8759,unknown,"An ancient place, cited: BAtlas 21 E5 Bononia",http://pleiades.stoa.org/places/206975,confirmed
GAZ00067,Bononia,Bononiae,393421,Bononia,44.49452,11.349271,unknown,"A city of the Po Plain with important cultural phases related to Etruscan, Celtic, and Roman culture. Important evidence for the Iron Age Villanovan culture has been found in Bononia and its vicinity. A Roman colony was established at Bononia in 189 BC. After changing hands several times following the fall of the Western Roman Empire, Bologna became an important Medieval center.",http://pleiades.stoa.org/places/393421,confirmed
GAZ00068,Bostra,Bostra,678073,Bostra,32.517831,36.48369,unknown,"The ancient city of Bostra (modern Busra in Syria), where extensive ancient Nabataean, Roman, Byzantine and Umayyad structures still visible. Inscribed as a UNESCO World Heritage Site in 1980.",http://pleiades.stoa.org/places/678073,confirmed
GAZ00069,Branodunum,Branoduno,79346,Branodunum,52.962911,0.636879,unknown,A third century A.D. Roman fort that was part of the Saxon Shore fortification system.,http://pleiades.stoa.org/places/79346,confirmed
GAZ00070,Burgenae,Burgenas,207001,Burgenae,44.949991,20.283336,unknown,"An ancient place, cited: BAtlas 21 C5 Burgenae",http://pleiades.stoa.org/places/207001,confirmed
GAZ00071,Burgentae,Burgentas,207001,Burgenae,44.949991,20.283336,unknown,"An ancient place, cited: BAtlas 21 C5 Burgenae",http://pleiades.stoa.org/places/207001,confirmed
GAZ00072,Caesarea,Caesarea,629035,Caesarea,38.728033,35.484989,unknown,"Mazaka/Eusebeia/Caesarea was the chief town of Cappadocia, modern Kayseri.",http://pleiades.stoa.org/places/629035,confirmed
GAZ00073,Caini,Caini,876602,Caini,,,unknown,"An ancient place, cited: BAtlas 89 unlocated Caini",http://pleiades.stoa.org/places/876602,confirmed
GAZ00074,Callinicum,Callinico,668318,Callinicum,35.972501,39.08287,unknown,Nicephorium (modern ar-Raqqa in Syria) was an ancient settlement.,http://pleiades.stoa.org/places/668318,confirmed
GAZ00075,Campona,Campona,197187,Campona,47.393234,18.984598,unknown,"An ancient place, cited: BAtlas 20 F2 Campona",http://pleiades.stoa.org/places/197187,confirmed
GAZ00076,Candidiana,Candidiana,216896,Candidiana,44.063431,26.848302,unknown,"An ancient place, cited: BAtlas 22 D4 Nigrinianis/Candidiana",http://pleiades.stoa.org/places/216896,confirmed
GAZ00077,Cannabiaca,Cannabiaca,128375,Cannabiaca,48.329013,16.177392,unknown,"An ancient place, cited: BAtlas 13 B4 Cannabiaca?",http://pleiades.stoa.org/places/128375,confirmed
GAZ00078,Canusinum,Canusini,442525,Canusium,41.2225,16.066004,unknown,"A center of the ancient Daunians, Canusium became allied to Rome in 318 B.C. It received municipal status in 88 B.C.",http://pleiades.stoa.org/places/442525,confirmed
GAZ00079,Capidaua,Capidaua,216748,Capidava,44.493688,28.090266,unknown,"An ancient place, cited: BAtlas 22 F4 Capidava",http://pleiades.stoa.org/places/216748,confirmed
GAZ00080,Caputcellensis,Caputcellensis,299007,Limes Caputcellensis,,,unknown,"An ancient place, cited: BAtlas 30 unlocated Limes Caputcellensis",http://pleiades.stoa.org/places/299007,confirmed
GAZ00081,Cardabiaca,Cardabiaca,197283,Cardabiaca,47.724319,18.660225,unknown,"An ancient place, cited: BAtlas 20 F2 Gardellaca/Cardabiaca",http://pleiades.stoa.org/places/197283,confirmed
GAZ00082,Carnuntum,Cornutensis,128376,Carnuntum,48.113346,16.867891,unknown,A Roman army camp on the Danube river in Noricum; after the first century AD Carnuntum served as the capital of Upper Pannonia.,http://pleiades.stoa.org/places/128376,confirmed
GAZ00083,Carnuntum,Carnunto,128376,Carnuntum,48.113346,16.867891,unknown,A Roman army camp on the Danube river in Noricum; after the first century AD Carnuntum served as the capital of Upper Pannonia.,http://pleiades.stoa.org/places/128376,confirmed
GAZ00084,Cartha,Cartha,699911,Cartha,,,unknown,"An ancient place, cited: BAtlas 71 unlocated Sartha/Cartha/Sirtha",http://pleiades.stoa.org/places/699911,confirmed
GAZ00085,Cartha,Mefana - Cartha,699911,Cartha,,,unknown,"An ancient place, cited: BAtlas 71 unlocated Sartha/Cartha/Sirtha",http://pleiades.stoa.org/places/699911,confirmed
GAZ00086,Carthagiensis,Carthagiensis,314921,Carthago,36.847009,10.312944,unknown,"The ancient city of Carthage, located in modern Tunis (Tunisia).",http://pleiades.stoa.org/places/314921,confirmed
GAZ00087,Casama,Casama,678085,Casama,34.031455,36.700612,unknown,"An ancient place, cited: BAtlas 69 E1 Casama",http://pleiades.stoa.org/places/678085,confirmed
GAZ00088,Castra Regina,Castra Regina,118929,Castra Regina,49.016496,12.100904,unknown,Reginum/Castra Regina was a Roman military installation on the Danube established ca. AD 179 for Legio III Italica.,http://pleiades.stoa.org/places/118929,confirmed
GAZ00089,Castrabarensis,Castrabarensis,278602,Castrabariensis,,,unknown,"Babba/Col. Iulia Campestris Babba/Castrabariensis was an Augustan colony of western Mauretania, mentioned by ancient geographers including Pliny the Elder.",http://pleiades.stoa.org/places/278602,confirmed
GAZ00090,Cebrus,Cebro,207020,Cebrus,43.800646,23.531732,unknown,"An ancient place, cited: BAtlas 21 F6 Cebrus",http://pleiades.stoa.org/places/207020,confirmed
GAZ00091,Cilurnum,Cilurno,89144,Cilurnum,55.025811,-2.139952,unknown,Cilurnum is the site of a fort dating to A.D. 123 on Hadrian's Wall that guarded a military bridge along the Roman road. It is now known as Chester's Roman Fort.,http://pleiades.stoa.org/places/89144,confirmed
GAZ00092,Circesium,Circesio,893974,Circesium,35.334435,40.326381,unknown,"A Roman limes fortress located in Mesopotamia, along the Khabur river, near the point where it flows into the Euphrates.",http://pleiades.stoa.org/places/893974,confirmed
GAZ00093,Cirpi,Cirpi,197208,Cirpi,47.794589,19.034743,unknown,"An ancient place, cited: BAtlas 20 G2 Cirpi",http://pleiades.stoa.org/places/197208,confirmed
GAZ00094,Columnata,Columnatensis,285430,Columnata,35.470067,1.521582,unknown,"An ancient place, cited: BAtlas 29 G1 Columnata",http://pleiades.stoa.org/places/285430,confirmed
GAZ00095,Comagenae,Comagenis,128385,Comagena,48.330987,16.052027,unknown,"An ancient place, cited: BAtlas 13 B4 Comagena",http://pleiades.stoa.org/places/128385,confirmed
GAZ00096,Como,Como,383627,Como,45.81192,9.085784,unknown,Comum (modern Como) was a key city of regio XI of ancient Italy. The Celtic site received a Roman colony (Novum Comum) under Iulius Caesar in the first century BC.,http://pleiades.stoa.org/places/383627,confirmed
GAZ00097,Concangios,Concangios,89146,Concangios,54.855844,-1.571925,unknown,"A Roman fort at present-day Chester-le-Street, cited: BAtlas 9 F6 ‘Cocanges’/‘Concangios’",http://pleiades.stoa.org/places/89146,confirmed
GAZ00098,Condercum,Conderco,89150,Condercum,54.977092,-1.664359,unknown,A fort on Hadrian's Wall,http://pleiades.stoa.org/places/89150,confirmed
GAZ00099,Congavata,Congavata,89151,Congabata,54.928087,-3.148943,unknown,"A Roman fort on Hadrian's Wall, cited: BAtlas 9 D6 ‘Congavata’",http://pleiades.stoa.org/places/89151,confirmed
GAZ00100,Constantia,Constantia,874324,Constantia,37.233333,39.766666,unknown,"An ancient place, cited: BAtlas 89 B3 Antiochia Arabis/Antoninopolis/Tella/Constantia/Maximianopolis",http://pleiades.stoa.org/places/874324,confirmed
GAZ00101,Coptos,Copto,786010,Coptos,25.956181,32.769868,unknown,An ancient settlement on the Nile river (modern Quft/Qift in Egypt) that flourished from pre-dynastic times through late antiquity.,http://pleiades.stoa.org/places/786010,confirmed
GAZ00102,Cornacium,Cornacii,197227,Cornacum,45.295094,19.09733,unknown,"An ancient place, cited: BAtlas 20 G4 Cornacum",http://pleiades.stoa.org/places/197227,confirmed
GAZ00103,Cornacum,Cornaco,197227,Cornacum,45.295094,19.09733,unknown,"An ancient place, cited: BAtlas 20 G4 Cornacum",http://pleiades.stoa.org/places/197227,confirmed
GAZ00104,Cremona,Cremonensis,383628,Cremona,45.133639,10.026149,unknown,"Cremona is a city of Cisalpine Gaul located on the Po river. The Romans established a colony of 6,000 settlers there after 225 BC. Cremona was the first Latin colony placed north of the Po river.",http://pleiades.stoa.org/places/383628,confirmed
GAZ00105,Cremona,Cremonae,383628,Cremona,45.133639,10.026149,unknown,"Cremona is a city of Cisalpine Gaul located on the Po river. The Romans established a colony of 6,000 settlers there after 225 BC. Cremona was the first Latin colony placed north of the Po river.",http://pleiades.stoa.org/places/383628,confirmed
GAZ00106,Cunna,Cunna,668233,Cunna,34.266959,37.832095,unknown,"An ancient place, cited: BAtlas 68 E5 Cunna?",http://pleiades.stoa.org/places/668233,confirmed
GAZ00107,Cuppae,Cuppis,207060,Cuppae,44.651063,21.638303,unknown,"An ancient place, cited: BAtlas 21 D5 Cuppae",http://pleiades.stoa.org/places/207060,confirmed
GAZ00108,Cusas,Cusas,756588,Cusas,27.438183,30.817991,unknown,"An ancient place, cited: BAtlas 77 D2 Koussai/Koskam",http://pleiades.stoa.org/places/756588,confirmed
GAZ00109,Cusum,Cusi,207061,Cusum,45.252328,19.861946,unknown,"An ancient place, cited: BAtlas 21 B4 Cusum",http://pleiades.stoa.org/places/207061,confirmed
GAZ00110,Dabana,Dabana,658448,Dabana,36.663746,38.951714,unknown,"An ancient place, cited: BAtlas 67 H3 Dabana/Tharrana/Mannouorra",http://pleiades.stoa.org/places/658448,confirmed
GAZ00111,Damascus,Damasci,678106,Damascus,33.51158693541351,36.3066092133522,mosque,"The ancient city of Damascus, located in modern Syria, with some 125 monuments dating back to the Roman period. Inscribed as a UNESCO World Heritage Site in 1979.",http://pleiades.stoa.org/places/678106,confirmed
GAZ00112,Danum,Dano,79412,Danum,53.5254159814,-1.13510287779,fort,"A Roman auxiliary fort at present day Doncaster, cited: BAtlas 8 F1 Danum?",http://pleiades.stoa.org/places/79412,confirmed
GAZ00113,Dictum,Dicti,92137,Dictum,,,unknown,"An ancient place, cited: BAtlas 9 unlocated *Dictum",http://pleiades.stoa.org/places/92137,confirmed
GAZ00114,Dimum,Dimo,216790,Dimum,43.64822,25.128306,unknown,"An ancient place, cited: BAtlas 22 C5 Dimum",http://pleiades.stoa.org/places/216790,confirmed
GAZ00115,Dionisiada,Dionisiada,329205,Dionysiana,,,unknown,"An ancient place, cited: BAtlas 33 unlocated Dionysiana",http://pleiades.stoa.org/places/329205,confirmed
GAZ00116,Dorticum,Dortico,207093,Dorticum,44.19265,22.736228,unknown,"An ancient place, cited: BAtlas 21 E5 Dorticum",http://pleiades.stoa.org/places/207093,confirmed
GAZ00117,Drasdea,Drasdea,222050,Drasdea,,,unknown,"An ancient place, cited: BAtlas 22 unlocated Drasdea",http://pleiades.stoa.org/places/222050,confirmed
GAZ00118,Drobeta,Drobeta,207100,Drobeta,44.635584,22.660366,unknown,"An ancient place, cited: BAtlas 21 E5 Drobeta",http://pleiades.stoa.org/places/207100,confirmed
GAZ00119,Duodecimum,Duodecimo constituta,876623,Duodecimum,,,unknown,"An ancient place, cited: BAtlas 89 unlocated Duodecimum",http://pleiades.stoa.org/places/876623,confirmed
GAZ00120,Durostorum,Durostoro,216800,Durostorum,44.117033,27.260732,unknown,"An ancient place, cited: BAtlas 22 E4 Durostorum",http://pleiades.stoa.org/places/216800,confirmed
GAZ00121,Ebrudunum,Ebruduni Sapaudiae,167750,Ebrudunum,44.565627,6.496364,unknown,"An ancient place, cited: BAtlas 17 G4 Eburodunum",http://pleiades.stoa.org/places/167750,confirmed
GAZ00122,Filae,Filas,786089,Philae,24.025031,32.884252,temple-2,"An ancient island located just above the first cataract of the Nile that was flooded by the construction of the Aswan High Dam. The island was home to a multi-period temple complex, which was moved to the nearby island of Agilkia and declared a UNESCO World Heritage Site in the 1970s.",http://pleiades.stoa.org/places/786089,confirmed
GAZ00123,Flaviana,Flaviana,216811,Flaviana,44.24818,27.948318,unknown,"An ancient place, cited: BAtlas 22 E4 Flaviana",http://pleiades.stoa.org/places/216811,confirmed
GAZ00124,Florentia,Florentiae,197360,Florentia,46.081535,18.758743,unknown,"An ancient place, cited: BAtlas 20 F3 Lugio/Florentia",http://pleiades.stoa.org/places/197360,confirmed
GAZ00125,Friglas,Friglas,275629,Friglas,34.96001,-6.150002,unknown,"An ancient place, cited: BAtlas 28 B4 Frigidae",http://pleiades.stoa.org/places/275629,confirmed
GAZ00126,Gabrosentum,Gabrosenti,89189,Gabrosentum,54.573931,-3.576289,unknown,"A Roman fort at present-day Moresby, cited: BAtlas 9 D6 Gabrosentum. Part of Cumbrian coastal defenses.",http://pleiades.stoa.org/places/89189,confirmed
GAZ00127,Gadda,Gadda,697666,Gadda,32.026672,36.081722,unknown,"An ancient place, cited: BAtlas 71 C1 Gadda?",http://pleiades.stoa.org/places/697666,confirmed
GAZ00128,Gemellensis,Gemellensis,334578,Limes Gemellensis,34.5,5.5,unknown,"An ancient place, cited: BAtlas 34 D3 Limes Gemellensis",http://pleiades.stoa.org/places/334578,confirmed
GAZ00129,Glannibanta,Glannibanta,89193,Glannibanta,54.355499,-3.410628,unknown,*Glannoventa was a Roman fort and naval base on the coast of Cumbria.,http://pleiades.stoa.org/places/89193,confirmed
GAZ00130,Graium,Graio,203127,Graium,,,unknown,"An ancient place, cited: BAtlas 20 unlocated Graium",http://pleiades.stoa.org/places/203127,confirmed
GAZ00131,Grannona,Grannona in litore Saxonico,138377,Grannona,47.5,-2.5,unknown,"An ancient place, cited: BAtlas 14 C1 Grannona",http://pleiades.stoa.org/places/138377,confirmed
GAZ00132,Gratiana,Gratiana,226611,Gratiana,45.036639,29.161736,unknown,"An ancient place, cited: BAtlas 23 C3 Gratiana?",http://pleiades.stoa.org/places/226611,confirmed
GAZ00133,Guntia,Guntiae,118716,Guntia,48.454426,10.281491,unknown,"An ancient place, cited: BAtlas 12 D4 Guntia",http://pleiades.stoa.org/places/118716,confirmed
GAZ00134,Hadrianopolis,Hadrianopolis Haemimonti,501427,Hadrianopolis,41.140485,24.257643,unknown,"An ancient place, cited: BAtlas 51 C2 Hadrianopolis",http://pleiades.stoa.org/places/501427,confirmed
GAZ00135,Helela,Helela,668259,Helela,34.778675,38.733046,unknown,"An ancient place, cited: BAtlas 68 G4 Helela",http://pleiades.stoa.org/places/668259,confirmed
GAZ00136,Hermunthis,Hermunthi,786036,Hermonthis,25.550269,32.508054,unknown,An important town of the Egyptian Middle Kingdom that was enlarged during the Eighteenth Dynasty.,http://pleiades.stoa.org/places/786036,confirmed
GAZ00137,Hipponos,Hipponos,736924,Hipponon,28.649751,30.8668,unknown,"An ancient place, cited: BAtlas 75 D3 Hipponon/Phylake Hipponos",http://pleiades.stoa.org/places/736924,confirmed
GAZ00138,Horreum Margi,Horreomargensis,207173,Horreum Margi,43.927174,21.3836,unknown,"An ancient place, cited: BAtlas 21 D6 Horreum Margi",http://pleiades.stoa.org/places/207173,confirmed
GAZ00139,Hunno,Hunno,89201,Hunno,55.010652,-2.005582,unknown,A fort on Hadrian's Wall known today as Halton Chesters.,http://pleiades.stoa.org/places/89201,confirmed
GAZ00140,Intercisa,Intercisa,197323,Intercisa,46.974661,18.937209,unknown,"An ancient place, cited: BAtlas 20 F3 Intercisa",http://pleiades.stoa.org/places/197323,confirmed
GAZ00141,Ioviacum,Ioviaco,118761,Ioviacum,48.424004,13.871117,unknown,"An ancient place, cited: BAtlas 12 G4 Ioviacum?",http://pleiades.stoa.org/places/118761,confirmed
GAZ00142,Isiu,Isiu,756583,Isiu,27.26579,31.149104,unknown,"An ancient place, cited: BAtlas 77 E2 Isiu",http://pleiades.stoa.org/places/756583,confirmed
GAZ00143,Iulia Concordia,Concordensis,393441,Iulia Concordia,45.756906,12.844313,unknown,Iulia Concordia (Concordia Sagittaria) was established by the Romans in 42 BC at the intersection of the Via Annia and the Via Postumia.,http://pleiades.stoa.org/places/393441,confirmed
GAZ00144,Iuliobriga,Iuliobriga,236493,Iuliobriga,42.985111,-4.113918,unknown,"An ancient place, cited: BAtlas 24 G2 Iuliobriga",http://pleiades.stoa.org/places/236493,confirmed
GAZ00145,Laedemata,Laedemata,207237,Lederata,44.813432,21.334266,unknown,"An ancient place, cited: BAtlas 21 D5 Lederata",http://pleiades.stoa.org/places/207237,confirmed
GAZ00146,Laedenata,Laedenatae,207237,Lederata,44.813432,21.334266,unknown,"An ancient place, cited: BAtlas 21 D5 Lederata",http://pleiades.stoa.org/places/207237,confirmed
GAZ00147,Lapurdum,Lapurdo,246461,Lapurdum,43.492723,-1.474944,unknown,"An ancient place, cited: BAtlas 25 D2 Lapurdum",http://pleiades.stoa.org/places/246461,confirmed
GAZ00148,Lauriacum,Lauriacensis,118802,Lauriacum,48.220692,14.465958,unknown,"An ancient place, cited: BAtlas 12 H4 Lauriacum",http://pleiades.stoa.org/places/118802,confirmed
GAZ00149,Lauriacum,Lauriaco,118802,Lauriacum,48.220692,14.465958,unknown,"An ancient place, cited: BAtlas 12 H4 Lauriacum",http://pleiades.stoa.org/places/118802,confirmed
GAZ00150,Lavatres,Lavatres,89224,Lavatris,54.517008,-2.007831,unknown,"An ancient place, cited: BAtlas 9 F6 Lavatris",http://pleiades.stoa.org/places/89224,confirmed
GAZ00151,Lentia,Lentiae,118803,Lentia,48.306072,14.286293,unknown,"An ancient place, cited: BAtlas 12 H4 Lentia",http://pleiades.stoa.org/places/118803,confirmed
GAZ00152,Leptitanis,Leptitanis,344448,Lepcitani,32.636748,14.2922,unknown,"Originally a Phoenician colony (ca. 1100 BC), Lepcis Magna became a prominent Roman city and birthplace of the emperor Septimius Severus.",http://pleiades.stoa.org/places/344448,confirmed
GAZ00153,Libona,Libona,699901,Libona,,,unknown,"An ancient place, cited: BAtlas 71 unlocated Libona",http://pleiades.stoa.org/places/699901,confirmed
GAZ00154,Limes Muticitanus,Muticitani,289939,Limes Muticitanus,,,unknown,"An ancient place, cited: BAtlas 29 unlocated Limes Muticitanus",http://pleiades.stoa.org/places/289939,confirmed
GAZ00155,Luca,Lucensis,403234,Luca,43.843003,10.50804,unknown,Luca (the modern Lucca) was originally an Etruscan settlement that became a Roman colony ca. 180 BC.,http://pleiades.stoa.org/places/403234,confirmed
GAZ00156,Lucos,Luco,446262,Lucos,,,unknown,"An ancient place, cited: BAtlas 45 unlocated Lucos",http://pleiades.stoa.org/places/446262,confirmed
GAZ00157,Lugdunensis,Lugdunensis,167717,Col. Lugdunum,45.75863,4.819486,unknown,"Col. Lugdunum was a Roman military colony from 43 BC and a major center in Gaul. Marcus Agrippa was involved in its expansion and two Roman emperors, Claudius and Caracalla, were born there.",http://pleiades.stoa.org/places/167717,confirmed
GAZ00158,Lugdunensium,Lugdunensium,167717,Col. Lugdunum,45.75863,4.819486,unknown,"Col. Lugdunum was a Roman military colony from 43 BC and a major center in Gaul. Marcus Agrippa was involved in its expansion and two Roman emperors, Claudius and Caracalla, were born there.",http://pleiades.stoa.org/places/167717,confirmed
GAZ00159,Lusionium,Lusionio,197362,Lussonium,46.656784,18.881709,unknown,"An ancient place, cited: BAtlas 20 F3 Lussonium",http://pleiades.stoa.org/places/197362,confirmed
GAZ00160,Lussonium,Lussonio,197362,Lussonium,46.656784,18.881709,unknown,"An ancient place, cited: BAtlas 20 F3 Lussonium",http://pleiades.stoa.org/places/197362,confirmed
GAZ00161,Macomades,Maccomadensis,363959,Macomades,31.205047,16.588337,unknown,"An ancient place, cited: BAtlas 37 B1 Euphranta/Macomades",http://pleiades.stoa.org/places/363959,confirmed
GAZ00162,Magis,Magis,89237,Magis,54.655581462,-3.54593836797,unknown,"A Roman fort at modern-day Burrow Walls, probably to identified with the ancient placename ""Magis"" (BAtlas 9 D6 Magis?).",http://pleiades.stoa.org/places/89237,confirmed
GAZ00163,Maglone,Maglone,89236,Maglone,54.807397,-3.15326,unknown,"A Roman fort at present-day Old Carlisle, cited: BAtlas 9 D6 ‘Maglone’",http://pleiades.stoa.org/places/89236,confirmed
GAZ00164,Mantua,Manutuana,383704,Mantua,45.160446,10.797659,unknown,Mantua (modern Mantova) is a city of Etruscan origin that received Roman citizenship in 49 B.C.,http://pleiades.stoa.org/places/383704,confirmed
GAZ00165,Marcianopolis,Marcianopoli,216878,Marcianopolis,43.22504,27.585033,unknown,"An ancient place, cited: BAtlas 22 E5 Marcianopolis",http://pleiades.stoa.org/places/216878,confirmed
GAZ00166,Marcis,Marcis in litore Saxonico,109140,Marcis,50.810751,1.70763,unknown,"An ancient place, cited: BAtlas 11 B2 Marcis?",http://pleiades.stoa.org/places/109140,confirmed
GAZ00167,Marsonia,Marsonia,197371,Marsonia,45.161708,18.018769,unknown,"An ancient place, cited: BAtlas 20 E4 Marsonia",http://pleiades.stoa.org/places/197371,confirmed
GAZ00168,Massilia,Massiliae Graecorum,148127,Massilia,43.296854,5.382499,unknown,Massalia/Massilia (modern Marseille) was founded by Phocaean Greeks ca. 600 BC as a trading outpost.,http://pleiades.stoa.org/places/148127,confirmed
GAZ00169,Matiscon,Matisconensis,177577,Matisco,46.306331,4.829183,unknown,A settlement in the territory of the Aedui mentioned by Caesar.,http://pleiades.stoa.org/places/177577,confirmed
GAZ00170,Maximianopolis,Maximianopoli,786047,Maximianopolis,26.115273,32.674131,unknown,"An ancient place, cited: BAtlas 80 B1 Kaine/Maximianopolis",http://pleiades.stoa.org/places/786047,confirmed
GAZ00171,Mediolanensis,Mediolanensis,383706,Mediolanum,45.463746,9.18806,settlement;urban,"Now Milan. A Celtic settlement and crossroad, later a Western Roman capital.",http://pleiades.stoa.org/places/383706,confirmed
GAZ00172,Mediolanensium,Mediolanensium,383706,Mediolanum,45.463746,9.18806,settlement;urban,"Now Milan. A Celtic settlement and crossroad, later a Western Roman capital.",http://pleiades.stoa.org/places/383706,confirmed
GAZ00173,Memfis,Memfi,736963,Memphis,29.849491,31.255061,settlement,A city and capital of Ancient Egypt that remained an important center for most of Egyptian history (BAtlas 75 E1 Memphis).,http://pleiades.stoa.org/places/736963,confirmed
GAZ00174,Menochia,Menochiae,687964,Menochia,31.334516,34.399245,unknown,"An ancient place, cited: BAtlas 70 E3 Maon/Menoeis/Castrum Moenoenum",http://pleiades.stoa.org/places/687964,confirmed
GAZ00175,Metita,Metita,874603,Metita,38.161074,39.14419,unknown,"An ancient place, cited: BAtlas 89 B2 Metita",http://pleiades.stoa.org/places/874603,confirmed
GAZ00176,Mettis,Mettis,108927,Mettis,49.11605,6.172677,unknown,Divodurum/Mettis was a Celtic capital oppidum of the Mediomatrici tribe and was captured by Iulius Caesar in 52 BC.,http://pleiades.stoa.org/places/108927,confirmed
GAZ00177,Misenum,Miseno,432941,Misenum,40.786279,14.084884,unknown,"An ancient place, cited: BAtlas 44 F4 Misenum",http://pleiades.stoa.org/places/432941,confirmed
GAZ00178,Moahile,Moahile,748965,Moahile,,,unknown,"An ancient place, cited: BAtlas 76 unlocated Moahile",http://pleiades.stoa.org/places/748965,confirmed
GAZ00179,Mochora,Mochora,863842,Mochora,42.5,42.5,unknown,"An ancient place, cited: BAtlas 88 A2 Mocheresis",http://pleiades.stoa.org/places/863842,confirmed
GAZ00180,Mogontiacum,Mogontiaco,109169,Mogontiacum,49.993005,8.278026,unknown,The original Roman settlement at Mogontiacum (modern Mainz) was established by Drusus ca. 13/12 BC. The settlement became an important military center throughout Roman times and was the base of operations for numerous Roman legions.,http://pleiades.stoa.org/places/109169,confirmed
GAZ00181,Montensis,Montensis,334579,Limes Montensis,34.5,7.5,unknown,"An ancient place, cited: BAtlas 34 F3 Limes Montensis",http://pleiades.stoa.org/places/334579,confirmed
GAZ00182,Morbium,Morbio,92170,Morbium,,,unknown,"An ancient place, cited: BAtlas 9 unlocated Morbium",http://pleiades.stoa.org/places/92170,confirmed
GAZ00183,Motha,Motha,678289,Motha,32.41855,36.818713,unknown,"An ancient place, cited: BAtlas 69 E5 Motha(na)/Motho?",http://pleiades.stoa.org/places/678289,confirmed
GAZ00184,Mursa,Mursae,197389,Mursa,45.560018,18.675749,unknown,"Mursa was an ancient city on the Drava river and the site of a colonia Aelia Mursa, likely founded by Hadrian in AD 133. Traces of Neolithic and Iron Age cultures have also been discovered at the site.",http://pleiades.stoa.org/places/197389,confirmed
GAZ00185,Naarsafari,Naarsafari,699904,Naar Safari,,,unknown,"An ancient place, cited: BAtlas 71 unlocated Naar Safari",http://pleiades.stoa.org/places/699904,confirmed
GAZ00186,Naissus,Naissatensis,207303,Naissus,43.316295,21.893884,unknown,"An ancient place, cited: BAtlas 21 D6 Naissus",http://pleiades.stoa.org/places/207303,confirmed
GAZ00187,Nazala,Nazala,668315,Nazala,34.260948,37.257544,unknown,"An ancient place, cited: BAtlas 68 D5 Nazala",http://pleiades.stoa.org/places/668315,confirmed
GAZ00188,Nee,Nee,554290,Nee,,,unknown,"An ancient place, cited: BAtlas 56 unlocated Nea Kome/Nee",http://pleiades.stoa.org/places/554290,confirmed
GAZ00189,Neronias,Irenopolitana,658458,Neronias,37.249515,36.462152,unknown,"An ancient place, cited: BAtlas 67 C2 Eirenopolis/Neronias",http://pleiades.stoa.org/places/658458,confirmed
GAZ00190,Nicomedia,Nicomediae,511337,Nicomedia,40.765931,29.916288,unknown,Nicomedia was founded in 712/11 BC as a Megarian colony named Astacus and was rebuilt by Nicomedes I of Bithynia in 264 BC. The city was an important administrative center of the Roman Empire.,http://pleiades.stoa.org/places/511337,confirmed
GAZ00191,Nouae,Nouas,216899,Novae,43.60103,25.395644,unknown,"An ancient place, cited: BAtlas 22 C5 Novae",http://pleiades.stoa.org/places/216899,confirmed
GAZ00192,Nouiodunum,Nouioduno,216900,Noviodunum,45.270526,28.491915,settlement,The chief base of the Roman fleet on the lower Danube river.,http://pleiades.stoa.org/places/216900,confirmed
GAZ00193,Nouiodurum,Nouioduro,216900,Noviodunum,45.270526,28.491915,settlement,The chief base of the Roman fleet on the lower Danube river.,http://pleiades.stoa.org/places/216900,confirmed
GAZ00194,Novae,Novis,207310,Novae,44.620434,21.888533,unknown,"An ancient place, cited: BAtlas 21 D5 Novae",http://pleiades.stoa.org/places/207310,confirmed
GAZ00195,Novaria,Novariae,383717,Novaria,45.445082,8.618661,unknown,"An ancient place, cited: BAtlas 39 D3 Novaria",http://pleiades.stoa.org/places/383717,confirmed
GAZ00196,Occariba,Occariba,668322,Occaraba,35.076322,37.489463,unknown,"An ancient place, cited: BAtlas 68 D3 Occaraba",http://pleiades.stoa.org/places/668322,confirmed
GAZ00197,Olenacum,Olenaco,89260,Olenacum,53.9409021261,-2.11595049214,unknown,"A Roman fort at present day Elslack, North Yorkshire, cited: BAtlas 9 E7 Olenacum?",http://pleiades.stoa.org/places/89260,confirmed
GAZ00198,Ombos,Ombos,786079,Ombos,24.45205277777778,32.92824444444445,temple,The Ptolemaic temple to Sobek and Horus the Elder at Kom Ombo.,http://pleiades.stoa.org/places/786079,confirmed
GAZ00199,Onagrinum,Onagrino,207320,Onagrinum,45.236152,19.624394,unknown,"An ancient place, cited: BAtlas 21 B4 Onagrinum",http://pleiades.stoa.org/places/207320,confirmed
GAZ00200,Onagrinum,in castello Onagrino,207320,Onagrinum,45.236152,19.624394,unknown,"An ancient place, cited: BAtlas 21 B4 Onagrinum",http://pleiades.stoa.org/places/207320,confirmed
GAZ00201,Oneuatha,Oneuatha,678315,Oneuatha,34.018825,37.283135,unknown,"An ancient place, cited: BAtlas 69 F1 Oneuatha/*Anabatha",http://pleiades.stoa.org/places/678315,confirmed
GAZ00202,Opittergium,Opittergii,393459,Opitergium,45.781271,12.493648,unknown,Opitergium (modern Oderzo) is a settlement of the Veneti along the Piave river located at a junction of the Via Postumia.,http://pleiades.stoa.org/places/393459,confirmed
GAZ00203,Oraba,Oraba,874688,Oraba,36.244537,40.707477,unknown,"An ancient place, cited: BAtlas 89 C4 Shadikanni/Ar(a)ban/(H)Oraba?/*Castellum Arabum",http://pleiades.stoa.org/places/874688,confirmed
GAZ00204,Oresa,Oresa,668323,Oresa,35.124102,38.94342,unknown,"An ancient place, cited: BAtlas 68 G3 Oriza/Oruba/Oresa",http://pleiades.stoa.org/places/668323,confirmed
GAZ00205,Osismis,Osismis,69511,Osismis,48.389734,-4.486847,unknown,Gesocribate/Osismis (modern Brest in France) was a settlement in Gallia Lugdunensis.,http://pleiades.stoa.org/places/69511,confirmed
GAZ00206,Othona,Othonae,79631,Othona,51.724124,0.900334,unknown,"An ancient place, cited: BAtlas 8 H3 Othona",http://pleiades.stoa.org/places/79631,confirmed
GAZ00207,Otthara,Otthara,668327,Otthara,34.422928,37.173068,unknown,"An ancient place, cited: BAtlas 68 D5 Otthara",http://pleiades.stoa.org/places/668327,confirmed
GAZ00208,Pacatiana,Pacatiana,278631,Pacatiana,,,unknown,"An ancient place, cited: BAtlas 28 unlocated Pacatiana",http://pleiades.stoa.org/places/278631,confirmed
GAZ00209,Paetaonium,Paetaonio,236598,Petavonium,42.0898132,-5.9981701,fort,"An ancient place, cited: BAtlas 24 F2 Petavonium",http://pleiades.stoa.org/places/236598,confirmed
GAZ00210,Pampanis,Pampane,789754,Pampanis,,,unknown,"An ancient settlement, attested by literary or documentary sources, whose precise location cannot be determined today",http://pleiades.stoa.org/places/789754,confirmed
GAZ00211,Parembole,Parembole,736993,Parembole,29.311376,31.238111,unknown,"An ancient place, cited: BAtlas 75 E2 Parembole",http://pleiades.stoa.org/places/736993,confirmed
GAZ00212,Parrodunum,Parroduno,118903,Parrodunum,48.70045,11.016986,unknown,"An ancient place, cited: BAtlas 12 E4 Parrodunum",http://pleiades.stoa.org/places/118903,confirmed
GAZ00213,Patauium,Patauio,393473,Patavium,45.409561,11.876975,unknown,"An ancient settlement of the Veneti, Patavium became a Roman municipium in 45 BC. It was the birthplace of several famous Romans including Titus Livius, Valerius Flaccus, Asconius Pedianus and Thrasea Paetus.",http://pleiades.stoa.org/places/393473,confirmed
GAZ00214,Pelusium,Pelusio,727192,Pelusium,31.049917,32.600128,unknown,"Pelusium was a fortified ancient city located at the mouth of the eastern-most branch of the Nile river. Its ruins, now land-locked and located approximately 30km southeast of Port Said, are known as Tell Farama.",http://pleiades.stoa.org/places/727192,confirmed
GAZ00215,Petrianae,Petrianis,89307,Petriana,54.905036,-2.934149,unknown,"An ancient place, cited: BAtlas 9 E6 Uxelodu(nu)m",http://pleiades.stoa.org/places/89307,confirmed
GAZ00216,Pithiae,Pithiae,857283,Pithiae,43.162916,40.334472,unknown,"An ancient place, cited: BAtlas 87 F1 Pityous",http://pleiades.stoa.org/places/857283,confirmed
GAZ00217,Poisrietemidos,Poisrietemidos,756625,Poisarietemidos,27.933259,30.883298,unknown,"An ancient place, cited: BAtlas 77 D1 ‘Poisarietemidos’",http://pleiades.stoa.org/places/756625,confirmed
GAZ00218,Pollentia,Pollentia,383745,Pollentia,44.686768,7.895976,unknown,"An ancient place, cited: BAtlas 39 B4 Pollentia",http://pleiades.stoa.org/places/383745,confirmed
GAZ00219,Pone Navata,Pone Navata,197452,Ponte Navata,47.798208,18.980086,fort,"*Ponte Navata, a late Roman fort on Sibrik hill, Visegrád.",http://pleiades.stoa.org/places/197452,confirmed
GAZ00220,Portu Epatiacus,Portu Epatiaci,114790,Portus Epatiacus,,,unknown,"An ancient place, cited: BAtlas 11 unlocated Portus Epatiacus",http://pleiades.stoa.org/places/114790,confirmed
GAZ00221,Portum Adurni,Portum Adurni,79645,Portus Adurni,50.838011,-1.114417,unknown,Portus ‘Adurni’? was likely a third century A.D. Roman fort (now Portchester) that is mentioned by name only in the Notitia Dignitatum. The Roman fort was converted to a Saxon castle and is thus very well preserved.,http://pleiades.stoa.org/places/79645,confirmed
GAZ00222,Praesidium,apud Praesidium,697729,Praesidium,30.944103,35.442258,unknown,"An ancient place, cited: BAtlas 71 A4 Praesidium",http://pleiades.stoa.org/places/697729,confirmed
GAZ00223,Praesidium,Praesidio,697729,Praesidium,30.944103,35.442258,unknown,"An ancient place, cited: BAtlas 71 A4 Praesidium",http://pleiades.stoa.org/places/697729,confirmed
GAZ00224,Psinaula,Psinaula,756628,Psinaula,26.653194,31.600403,unknown,"An ancient place, cited: BAtlas 77 F3 Psinabla",http://pleiades.stoa.org/places/756628,confirmed
GAZ00225,Quadrato,Quadrato,197463,Quadrata,47.736147,17.390445,unknown,"An ancient place, cited: BAtlas 20 E2 Quadrata",http://pleiades.stoa.org/places/197463,confirmed
GAZ00226,Quintanae,Quintanis,118919,Quintana,48.669403,13.078749,unknown,"An ancient place, cited: BAtlas 12 G4 Quintana",http://pleiades.stoa.org/places/118919,confirmed
GAZ00227,Rasin,Rasin,876684,Rasin,,,unknown,"An ancient place, cited: BAtlas 89 unlocated Rasin/Rhasios",http://pleiades.stoa.org/places/876684,confirmed
GAZ00228,Ratiaria,Ratiarensis,207376,Ratiaria,43.809753,22.919689,unknown,"An ancient place, cited: BAtlas 21 E6 Ratiaria",http://pleiades.stoa.org/places/207376,confirmed
GAZ00229,Ratiaria,Ratiaria,207376,Ratiaria,43.809753,22.919689,unknown,"An ancient place, cited: BAtlas 21 E6 Ratiaria",http://pleiades.stoa.org/places/207376,confirmed
GAZ00230,Ravenna,Ravennatis,393480,Ravenna,44.415718,12.196604,unknown,A city of northern Adriatic Italy that served as the capital of the Western Roman Empire from AD 402 until 476.,http://pleiades.stoa.org/places/393480,confirmed
GAZ00231,Ravenna,Ravennae,393480,Ravenna,44.415718,12.196604,unknown,A city of northern Adriatic Italy that served as the capital of the Western Roman Empire from AD 402 until 476.,http://pleiades.stoa.org/places/393480,confirmed
GAZ00232,Regulbium,Regulbio,79654,Regulbium,51.379537,1.199796,unknown,"An ancient place, cited: BAtlas 8 I3 Regulbium",http://pleiades.stoa.org/places/79654,confirmed
GAZ00233,Remensis,Remensis,108945,Durocortorum,49.254104,4.032504,unknown,"The capital of the Remi in Gallia Belgica, now Reims.",http://pleiades.stoa.org/places/108945,confirmed
GAZ00234,Remi,Remensium,109275,Remi,49.2561547,4.0320509,unknown,"An ancient place, cited: BAtlas 11 E3 Remi",http://pleiades.stoa.org/places/109275,confirmed
GAZ00235,Remorum,Remorum,108945,Durocortorum,49.254104,4.032504,unknown,"The capital of the Remi in Gallia Belgica, now Reims.",http://pleiades.stoa.org/places/108945,confirmed
GAZ00236,Rene,Rene,876686,Rene,,,unknown,"An ancient place, cited: BAtlas 89 unlocated Rene",http://pleiades.stoa.org/places/876686,confirmed
GAZ00237,Ripa,Ripa Alta,270365,Ripa,,,unknown,"An ancient place, cited: BAtlas 27 unlocated Ripa",http://pleiades.stoa.org/places/270365,confirmed
GAZ00238,Ripaltha,Ripaltha,876689,Ripaltha,,,unknown,"An ancient place, cited: BAtlas 89 unlocated Ripaltha",http://pleiades.stoa.org/places/876689,confirmed
GAZ00239,Robatha,Robatha,699908,Robatha,,,unknown,"An ancient place, cited: BAtlas 71 unlocated Robatha/Robotha",http://pleiades.stoa.org/places/699908,confirmed
GAZ00240,Roma,Romae,423025,Roma,41.8917,12.4862,temple-2,The capital of the Roman Republic and Empire.,http://pleiades.stoa.org/places/423025,confirmed
GAZ00241,Sabariensium,Sabariensium,197498,Savaria,47.235142,16.62192,unknown,Colonia Claudia Savaria (Szombathely) Hungary.,http://pleiades.stoa.org/places/197498,confirmed
GAZ00242,Sabure,Sabure,697750,Sabure,30.314037,35.385319,unknown,"An ancient place, cited: BAtlas 71 A5 Sobora/Karkaria",http://pleiades.stoa.org/places/697750,confirmed
GAZ00243,Salona,Salonitana,197488,Salona,43.539561,16.483426,unknown,A coastal city of Dalmatia.,http://pleiades.stoa.org/places/197488,confirmed
GAZ00244,Salonitani,Salonitani,197488,Salona,43.539561,16.483426,unknown,A coastal city of Dalmatia.,http://pleiades.stoa.org/places/197488,confirmed
GAZ00245,Salonitanorum,Salonitanorum,197488,Salona,43.539561,16.483426,unknown,A coastal city of Dalmatia.,http://pleiades.stoa.org/places/197488,confirmed
GAZ00246,Salsouia,Salsouia,226748,Salsovia,45.066464,29.123993,unknown,"An ancient place, cited: BAtlas 23 C3 Salsovia",http://pleiades.stoa.org/places/226748,confirmed
GAZ00247,Saltatha,Saltatha,674263,Saltatha,,,unknown,"An ancient place, cited: BAtlas 68 unlocated Saltatha",http://pleiades.stoa.org/places/674263,confirmed
GAZ00248,Samarobriva Ambianorum,Ambianensis,109321,Samarobriva Ambianorum,49.892624,2.293832,unknown,"An ancient place, cited: BAtlas 11 C3 Samarobriva Ambianorum",http://pleiades.stoa.org/places/109321,confirmed
GAZ00249,Sardis,Sardis,550867,Sardis,38.488314,28.040286,unknown,Sardis was the capital of the Lydian Empire located in western Turkey.,http://pleiades.stoa.org/places/550867,confirmed
GAZ00250,Satala,Satala,874684,Satala,40.027787,39.597934,fort,Satala was the station of the Legio XV Apollinaris.,http://pleiades.stoa.org/places/874684,confirmed
GAZ00251,Securisca,Securisca,216978,Securisca,43.702592,24.834372,unknown,"An ancient place, cited: BAtlas 22 B5 Securisca",http://pleiades.stoa.org/places/216978,confirmed
GAZ00252,Segedunum,Segeduno,89288,Segedunum,54.987873,-1.532381,unknown,"An ancient place, cited: BAtlas 9 F6 Segedunum",http://pleiades.stoa.org/places/89288,confirmed
GAZ00253,Serianae,Serianae,668369,Seriane,35.387685,37.800064,unknown,"An ancient place, cited: BAtlas 68 E3 Seriane?",http://pleiades.stoa.org/places/668369,confirmed
GAZ00254,Seruitium,Seruitii,197509,Servitium,45.151471,17.25609,unknown,"An ancient place, cited: BAtlas 20 E4 Servitium",http://pleiades.stoa.org/places/197509,confirmed
GAZ00255,Sexagintaprista,Sexagintaprista,216982,Sexaginta Prista,43.849388,25.954117,unknown,"An ancient place, cited: BAtlas 22 C5 Sexaginta Prista",http://pleiades.stoa.org/places/216982,confirmed
GAZ00256,Silili,Silili,756641,Silili,26.779471,31.555114,unknown,"An ancient place, cited: BAtlas 77 F3 Selino/Silili",http://pleiades.stoa.org/places/756641,confirmed
GAZ00257,Singidunum,Singiduno,207443,Singidunum,44.802382,20.465593,unknown,An ancient settlement and Roman fort on the site of modern Belgrade in Serbia.,http://pleiades.stoa.org/places/207443,confirmed
GAZ00258,Sirmi,Sirmi,207447,Sirmium,44.966447,19.610106,unknown,"An ancient place, cited: BAtlas 21 B5 Sirmium",http://pleiades.stoa.org/places/207447,confirmed
GAZ00259,Sirmium,Sirmensis,207447,Sirmium,44.966447,19.610106,unknown,"An ancient place, cited: BAtlas 21 B5 Sirmium",http://pleiades.stoa.org/places/207447,confirmed
GAZ00260,Sirmus,Sirmensis,222195,Syrmus,,,unknown,"An ancient place, cited: BAtlas 22 unlocated Syrmus fl.",http://pleiades.stoa.org/places/222195,confirmed
GAZ00261,Siscia,Sisciae,197504,Siscia,45.483168,16.371388,unknown,"An ancient place, cited: BAtlas 20 D4 Segestica/Siscia",http://pleiades.stoa.org/places/197504,confirmed
GAZ00262,Siscianae,Siscianae,197504,Siscia,45.483168,16.371388,unknown,"An ancient place, cited: BAtlas 20 D4 Segestica/Siscia",http://pleiades.stoa.org/places/197504,confirmed
GAZ00263,Siscianorum,Siscianorum,197504,Siscia,45.483168,16.371388,unknown,"An ancient place, cited: BAtlas 20 D4 Segestica/Siscia",http://pleiades.stoa.org/places/197504,confirmed
GAZ00264,Sisila,Sisila,876704,Sisila,,,unknown,"An ancient place, cited: BAtlas 89 unlocated Sisila/Sissilisson Phrourion/Ziziola?",http://pleiades.stoa.org/places/876704,confirmed
GAZ00265,Solua,Solua,197519,Solva,47.793351,18.741986,unknown,"An ancient place, cited: BAtlas 20 F2 Solva",http://pleiades.stoa.org/places/197519,confirmed
GAZ00266,Submuntorium,Submuntorio,118986,Summuntorium,48.646252,10.8264,unknown,"An ancient place, cited: BAtlas 12 D4 Summuntorium",http://pleiades.stoa.org/places/118986,confirmed
GAZ00267,Suissa,Suissa,860859,Suissa,,,unknown,"An ancient place, cited: BAtlas 87 unlocated Suissa",http://pleiades.stoa.org/places/860859,confirmed
GAZ00268,Sura,Sura,109359,Sura,49.5,5.5,unknown,"An ancient place, cited: BAtlas 11 F3 Sura fl.",http://pleiades.stoa.org/places/109359,confirmed
GAZ00269,Syene,Syene,786123,Syene,24.095991,32.904942,unknown,"The ancient city of Swenett in Egypt, called Syene by the Greeks.",http://pleiades.stoa.org/places/786123,confirmed
GAZ00270,Syracusae,Syracusani,462503,Syracusae,37.0738645,15.2718869278,,An important ancient city on the island of Sicily.,http://pleiades.stoa.org/places/462503,confirmed
GAZ00271,Talalatensis,Talalatensis,344498,Talalati,32.127233,13.099991,unknown,"An ancient place, cited: BAtlas 35 F2 Talalati",http://pleiades.stoa.org/places/344498,confirmed
GAZ00272,Talamonium,Talamonio,217007,Thalamonium,45.149867,28.916885,unknown,"An ancient place, cited: BAtlas 22 F3 Thalamonium",http://pleiades.stoa.org/places/217007,confirmed
GAZ00273,Tamucus,Tamuco,275732,Tamucus,35.559201,-5.411197,unknown,"An ancient place, cited: BAtlas 28 D2 Tamuda",http://pleiades.stoa.org/places/275732,confirmed
GAZ00274,Tarentum,Tarentini,442810,Tarentum,40.469229,17.240045,unknown,A Greek colonial city founded in 706 B.C.,http://pleiades.stoa.org/places/442810,confirmed
GAZ00275,Tegra,Tegra,217003,Tegra,43.920738,26.082325,unknown,"An ancient place, cited: BAtlas 22 D5 Tegris",http://pleiades.stoa.org/places/217003,confirmed
GAZ00276,Teriolis,Teriolis,187581,Teriolis,47.273341,11.242145,unknown,"An ancient place, cited: BAtlas 19 D2 Teriolis",http://pleiades.stoa.org/places/187581,confirmed
GAZ00277,Thainatha,Thainatha,678423,Thainatha,32.269976,36.228985,unknown,"An ancient place, cited: BAtlas 69 D5 Thantia/Thainatha",http://pleiades.stoa.org/places/678423,confirmed
GAZ00278,Thama,Thama,798107,Tama,,,unknown,"An ancient place, cited: BAtlas 81 unlocated Tama",http://pleiades.stoa.org/places/798107,confirmed
GAZ00279,Thannuris,Thannuri,874762,Thannuris,36.438598,40.86652,unknown,"An ancient place, cited: BAtlas 89 C4 Thannuris",http://pleiades.stoa.org/places/874762,confirmed
GAZ00280,Theodosiopolis,Resain - Theodosiopoli,874662,Theodosiopolis,36.825837,40.049623,unknown,A Roman garrison town located near the Chaboras that was later renamed Theodosiopolis.,http://pleiades.stoa.org/places/874662,confirmed
GAZ00281,Thessalonica,Thessalonicensis,491741,Thessalonica,40.626402,22.956201,unknown,A city of northern Greece founded by Cassander of Macedon ca. 315 BC; important center of the Roman and Late Antique.,http://pleiades.stoa.org/places/491741,confirmed
GAZ00282,Thillaamana,Thillaamana,876723,Thillazamana,,,unknown,"An ancient place, cited: BAtlas 89 unlocated Thillazamana/Monithilla",http://pleiades.stoa.org/places/876723,confirmed
GAZ00283,Thillafica,Thillafica,876722,Thillafica,,,unknown,"An ancient place, cited: BAtlas 89 unlocated Thillafica",http://pleiades.stoa.org/places/876722,confirmed
GAZ00284,Thillazamana,Thillazamana,876723,Thillazamana,,,unknown,"An ancient place, cited: BAtlas 89 unlocated Thillazamana/Monithilla",http://pleiades.stoa.org/places/876723,confirmed
GAZ00285,Thmou,Thmou,737091,Tmou,28.150535,30.67969,unknown,"An ancient place, cited: BAtlas 75 D4 Tmou",http://pleiades.stoa.org/places/737091,confirmed
GAZ00286,Ticinum,Ticenensis,383798,Ticinum,45.185899,9.156562,unknown,"An ancient city of Gallia Transpadana, Ticinum lay along the line of the ancient Via Aemilia. Today Ticinum is the modern city of Pavia.",http://pleiades.stoa.org/places/383798,confirmed
GAZ00287,Tillibarensis,Tillibarensis,344516,Tillibari,32.31633,10.399072,unknown,"An ancient place, cited: BAtlas 35 C2 Tillibari",http://pleiades.stoa.org/places/344516,confirmed
GAZ00288,Toloha,Toloha,697755,Toloha,30.843214,35.406656,unknown,"An ancient place, cited: BAtlas 71 A4 Toloha",http://pleiades.stoa.org/places/697755,confirmed
GAZ00289,Transdiernae,Transdiernis,207508,Transdierna,44.662795,22.404513,unknown,"An ancient place, cited: BAtlas 21 E5 Transdierna",http://pleiades.stoa.org/places/207508,confirmed
GAZ00290,Transmarisca,Transmariscae,217021,Transmarisca,44.044753,26.614532,unknown,"An ancient place, cited: BAtlas 22 D4 Transmarisca",http://pleiades.stoa.org/places/217021,confirmed
GAZ00291,Trapezunta,Trapezunta,857359,Trapezunt,41.002662,39.718172,unknown,An ancient settlement of Asia Minor on the south coast of the Black Sea. Modern Trabzon in Turkey.,http://pleiades.stoa.org/places/857359,confirmed
GAZ00292,Triberorum,Triberorum,108894,Col. Augusta Treverorum,49.753731,6.646217,unknown,The chief ancient city (civitas) of the Treveri. Modern Trier in Germany.,http://pleiades.stoa.org/places/108894,confirmed
GAZ00293,Tricomia,Tricomia,678436,Tricomia,32.491336,36.712059,unknown,"An ancient place, cited: BAtlas 69 E5 Tricomia",http://pleiades.stoa.org/places/678436,confirmed
GAZ00294,Tricornium,Tricornio,207515,Tricornium,44.733229,20.649959,unknown,"An ancient place, cited: BAtlas 21 C5 Tricornium",http://pleiades.stoa.org/places/207515,confirmed
GAZ00295,Trimammium,Trimammio,217023,Trimammium,43.708048,25.831077,unknown,"An ancient place, cited: BAtlas 22 C5 Trimammium",http://pleiades.stoa.org/places/217023,confirmed
GAZ00296,Tubuniensis,Tubuniensis,334580,Limes Tubunensis,35.5,5.5,unknown,"An ancient place, cited: BAtlas 34 D2 Limes Tubunensis",http://pleiades.stoa.org/places/334580,confirmed
GAZ00297,Tungros,Tungros,108765,Atuatuca Tungrorum,50.780857,5.464831,unknown,"Atuatuca (modern Tongeren, Belgium) was also known as Aduatuca Tungrorum or Atuatuca Tongrorum and served as the capital of the Civitas Tungrorum.",http://pleiades.stoa.org/places/108765,confirmed
GAZ00298,Ualtha,Ualtha,697762,Valtha,31.554249,35.772658,unknown,"An ancient place, cited: BAtlas 71 B2 Valtha",http://pleiades.stoa.org/places/697762,confirmed
GAZ00299,Vallatium,Vallatio,119017,Vallatum,48.717024,11.493325,unknown,At Vallatum? (the Oppidum of Manching) are the remains of a massive proto-urban Celtic settlement that reached its maximum size of ca. 380 ha during the late La Tène period (late second century BC).,http://pleiades.stoa.org/places/119017,confirmed
GAZ00300,Vallatum,Vallato,119017,Vallatum,48.717024,11.493325,unknown,At Vallatum? (the Oppidum of Manching) are the remains of a massive proto-urban Celtic settlement that reached its maximum size of ca. 380 ha during the late La Tène period (late second century BC).,http://pleiades.stoa.org/places/119017,confirmed
GAZ00301,Valle Diocletiana,Valle Diocletiana,678447,Valle Diocletiana,33.753494,36.973873,unknown,"An ancient place, cited: BAtlas 69 F2 ‘Valle Diocletiana’",http://pleiades.stoa.org/places/678447,confirmed
GAZ00302,Vangiones,Vangiones,109410,Vangiones,49.9937962862,8.26684591801,unknown,"The Vangiones were a Germanic tribe. They allied themselves with Ariovistus (58 BC) as he invaded Gaul and was defeated by Julius Caesar near Belfort. Drusus established two forts among the Vangiones, castrum Mogontiacum (13 BC, later Mainz) and another (14 BC) at Worms.",http://pleiades.stoa.org/places/109410,confirmed
GAZ00303,Veleia,Veleia,246232,Veleia,42.819044,-2.807792,unknown,Bele(g)ia/Veleia (Iruña-Veleia) was a Roman town along the ab Asturica Burdigalam road.,http://pleiades.stoa.org/places/246232,confirmed
GAZ00304,Venaxamodorum,Venaxamodorum,119019,Venaxamodurum,48.735955,11.184336,unknown,"An ancient place, cited: BAtlas 12 E4 Venaxamodurum",http://pleiades.stoa.org/places/119019,confirmed
GAZ00305,Vercellae,Vercellis,383815,Vercellae,45.321094,8.426374,unknown,"Originally a captial of the Libici, a tribe of Ligurians, Vercellae became an important Roman municipium.",http://pleiades.stoa.org/places/383815,confirmed
GAZ00306,Veriaraca,Veriaraca,668396,Veriaraca,34.385516,38.082065,unknown,"An ancient place, cited: BAtlas 68 F5 Veriaraca",http://pleiades.stoa.org/places/668396,confirmed
GAZ00307,Verona,Veronensis,383816,Verona,45.438954,10.994371,unknown,Verona was an ancient settlement that became a Roman colonia in 89 BC and a municipium in 49 BC.,http://pleiades.stoa.org/places/383816,confirmed
GAZ00308,Verteris,Verteris,89312,Verteris,54.5214081466,-2.32367380505,unknown,"An ancient place, cited: BAtlas 9 E6 Verteris",http://pleiades.stoa.org/places/89312,confirmed
GAZ00309,Veterocaria,Veterocariae,697750,Veterocaria,30.314037,35.385319,unknown,"An ancient place, cited: BAtlas 71 A5 Sobora/Karkaria",http://pleiades.stoa.org/places/697750,confirmed
GAZ00310,Vetusalina,Vetusalinae,197580,Vetus Salina,47.119577,18.86527,unknown,Vetus Salina was the site of a Roman castrum on the frontier of Pannonia Inferior.,http://pleiades.stoa.org/places/197580,confirmed
GAZ00311,Viamata,sub Radice - Viamata,217040,Viamata,42.492859,24.843007,unknown,"An ancient place, cited: BAtlas 22 B6 Viamata",http://pleiades.stoa.org/places/217040,confirmed
GAZ00312,Viennae,Viennae,167719,Col. Vienna,45.524817,4.878717,unknown,A settlement of the Allobroges in Gallia Narbonensis that became a Roman colony in 47 BC.,http://pleiades.stoa.org/places/167719,confirmed
GAZ00313,Viminacium,Viminacio,207549,Viminacium,44.716471,21.166605,unknown,"An ancient city and Roman legionary base along the Danube, near modern Kostolac (Костолац, Caştelu) in Serbia.",http://pleiades.stoa.org/places/207549,confirmed
GAZ00314,Vindobala,Vindobala,89315,Vindobala,55.00241,-1.82535,unknown,"An ancient place, cited: BAtlas 9 F6 Vindovala",http://pleiades.stoa.org/places/89315,confirmed
GAZ00315,Vindolana,Vindolana,89313,Vindolanda,54.991355,-2.361412,fort,A fort south of Hadrian's Wall and findspot of the Vindolanda Tablets.,http://pleiades.stoa.org/places/89313,confirmed
GAZ00316,Virosidum,Virosido,89317,Virosidum,54.3068751237,-2.09791134362,fort,A Roman fort at present-day Bainbridge. Cited as BAtlas 9 E6 Virosidum,http://pleiades.stoa.org/places/89317,confirmed
GAZ00317,Ziganne,Ziganne,857385,Ziganne,42.631325,41.504797,unknown,"An ancient place, cited: BAtlas 87 G2 Zigan(n)e/Siganeon",http://pleiades.stoa.org/places/857385,confirmed
GAZ00318,Ziza,Ziza,697767,Ziza,31.703711,35.952182,unknown,"An ancient place, cited: BAtlas 71 B2 Ziza",http://pleiades.stoa.org/places/697767,confirmed
GAZ00319,Zoara,Zoarae,697768,Zoara,31.02726,35.481813,unknown,"An ancient place, cited: BAtlas 71 A3 Zoara",http://pleiades.stoa.org/places/697768,confirmed
GAZ00320,Zodocatha,Zodocathae,697769,Zodacatha,30.186526,35.512756,unknown,"An ancient place, cited: BAtlas 71 B5 Zodacatha",http://pleiades.stoa.org/places/697769,confirmed
