nodeId,parentId,level,kind,line,text
S00001,,0,document,,Occidentis
S00002,S00001,1,chapter,3,I
S00003,S00002,2,title,3,Notitia dignitatum omnium tam civilium quam militarium in partibus Occidentis
S00004,S00002,2,entry,5,Praefectus praetorio Italiae.
S00005,S00002,2,entry,6,Praefectus praetorio Galliarum.
S00006,S00002,2,entry,7,Praefectus urbis Romae.
S00007,S00002,2,entry,8,Magister peditum in praesenti.
S00008,S00002,2,entry,9,Magister equitum in praesenti.
S00009,S00002,2,entry,10,Magister equitum per Gallias.
S00010,S00002,2,entry,11,Praepositus sacri cubiculi.
S00011,S00002,2,entry,12,Magister officiorum.
S00012,S00002,2,entry,13,Quaestor.
S00013,S00002,2,entry,14,Comes sacrarum largitionum.
S00014,S00002,2,entry,15,Comes rerum privatum.
S00015,S00002,2,entry,16,Comes domesticorum equitum.
S00016,S00002,2,entry,17,Comes domesticorum peditum.
S00017,S00002,2,entry,18,Primicerius sacri cubiculi.
S00018,S00002,2,entry,19,Primicerius notariorum.
S00019,S00002,2,entry,20,Castrensis sacri palatii.
S00020,S00002,2,heading,21,Magistri scriniorum:
S00021,S00020,3,entry,22,Memoriae.
S00022,S00020,3,entry,23,Epistolarum.
S00023,S00020,3,entry,24,Libellorum.
S00024,S00020,3,entry,25,Proconsul Africae.
S00025,S00002,2,heading,26,Vicarii sex:
S00026,S00025,3,entry,27,Urbis Romae.
S00027,S00002,2,heading,28,Italiae.
S00028,S00002,2,heading,29,Africae.
S00029,S00002,2,heading,30,Hispaniarum.
S00030,S00002,2,heading,31,Septem provinciarum.
S00031,S00002,2,heading,32,Britanniarum.
S00032,S00002,2,heading,33,Comites rei militaris sex:
S00033,S00002,2,heading,34,Italiae.
S00034,S00002,2,heading,35,Africae.
S00035,S00034,3,entry,36,Tingitaniae.
S00036,S00034,3,entry,37,Tractus Argentoratensis.
S00037,S00002,2,heading,38,Britanniarum.
S00038,S00037,3,entry,39,Litoris Saxonici per Britannias.
S00039,S00002,2,heading,40,Duces duodecim:
S00040,S00039,3,entry,41,Limitis Mauretaniae Caesariensis.
S00041,S00039,3,entry,42,Limites Tripolitani.
S00042,S00039,3,entry,43,Pannoniae primae et Norici ripensis.
S00043,S00039,3,entry,44,Pannoniae secundae.
S00044,S00039,3,entry,45,Valeriae ripensis.
S00045,S00039,3,entry,46,Raetiae primae et secundae.
S00046,S00039,3,entry,47,Sequanicae.
S00047,S00039,3,entry,48,Tractus Armoricani et Neruicani.
S00048,S00039,3,entry,49,Belgicae secundae.
S00049,S00039,3,entry,50,Germaniae primae.
S00050,S00039,3,entry,51,Britanniae.
S00051,S00039,3,entry,52,Mogontiacensis.
S00052,S00002,2,heading,53,Consulares viginti duo:
S00053,S00002,2,block,54,Per Pannoniam unus:
S00054,S00053,3,entry,55,Pannoniae.
S00055,S00002,2,block,56,Per Italias octo:
S00056,S00055,3,entry,57,Venetiae et Histriae.
S00057,S00055,3,entry,58,Aemiliae.
S00058,S00055,3,entry,59,Liguriae.
S00059,S00055,3,entry,60,Flaminiae et Piceni annonarii.
S00060,S00055,3,entry,61,Tusciae et Umbriae.
S00061,S00055,3,entry,62,Piceni suburbicarii.
S00062,S00055,3,entry,63,Campaniae
S00063,S00055,3,entry,64,Siciliae.
S00064,S00002,2,block,65,Per Africam duo:
S00065,S00064,3,entry,66,Byzacii.
S00066,S00064,3,entry,67,Numidiae.
S00067,S00002,2,block,68,Per Hispanias tres:
S00068,S00067,3,entry,69,Baeticae.
S00069,S00067,3,entry,70,Lusitaniae.
S00070,S00067,3,entry,71,Callaeciae.
S00071,S00002,2,block,72,Per Gallias sex:
S00072,S00071,3,entry,73,Viennensis.
S00073,S00071,3,entry,74,Lugdunensis primae.
S00074,S00071,3,entry,75,Germaniae primae.
S00075,S00071,3,entry,76,Germaniae secundae.
S00076,S00071,3,entry,77,Belgicae primae.
S00077,S00071,3,entry,78,Belgicae secundae.
S00078,S00002,2,block,79,Per Britannias duo:
S00079,S00078,3,entry,80,Maximae Caesariensis.
S00080,S00078,3,entry,81,Valentiae.
S00081,S00002,2,heading,82,Correctores tres:
S00082,S00002,2,block,83,Per Italiam duo:
S00083,S00082,3,entry,84,Apuliae et Calabriae.
S00084,S00082,3,entry,85,Lucaniae et Brittiorum.
S00085,S00002,2,block,86,Per Pannoniam unum:
S00086,S00085,3,entry,87,Saviae.
S00087,S00002,2,heading,88,Praesides triginta unum:
S00088,S00002,2,block,89,Per Illyricum quattuor:
S00089,S00088,3,entry,90,Dalmaticarum.
S00090,S00088,3,entry,91,Pannoniae primae.
S00091,S00088,3,entry,92,Norici mediterranei.
S00092,S00088,3,entry,93,Norici ripensis
S00093,S00002,2,block,94,Per Italias septem:
S00094,S00093,3,entry,95,Alpium Cottiarum.
S00095,S00093,3,entry,96,Raetiae primae
S00096,S00093,3,entry,97,Raetiae secundae.
S00097,S00093,3,entry,98,Samnii.
S00098,S00093,3,entry,99,Valeriae.
S00099,S00093,3,entry,100,Saradiniae.
S00100,S00093,3,entry,101,Corsicae.
S00101,S00002,2,block,102,Per Africam duo:
S00102,S00101,3,entry,103,Mauretaniae Sitifensis.
S00103,S00101,3,entry,104,Tripolitanae.
S00104,S00002,2,block,105,Per Hispanias Quattuor:
S00105,S00104,3,entry,106,Tarraconensis.
S00106,S00104,3,entry,107,Carthagiensis.
S00107,S00104,3,entry,108,Tingitaniae.
S00108,S00104,3,entry,109,Insularum Balearum.
S00109,S00002,2,block,110,Per Gallias undecim:
S00110,S00109,3,entry,111,Alpum maritimarum.
S00111,S00109,3,entry,112,Alpium Poeninarum et Graiarum.
S00112,S00109,3,entry,113,Maximae Sequanorum.
S00113,S00109,3,entry,114,Aquitanicae primae
S00114,S00109,3,entry,115,Aquitanicae secundae.
S00115,S00109,3,entry,116,Novempopulanae.
S00116,S00109,3,entry,117,Narbonensis primae.
S00117,S00109,3,entry,118,Narbonensis secundae.
S00118,S00109,3,entry,119,Lugdunensis secundae.
S00119,S00109,3,entry,120,Lugdunensis tertiae.
S00120,S00109,3,entry,121,Lugdunensis Senonicae.
S00121,S00002,2,block,122,Per Britannias tres:
S00122,S00121,3,entry,123,Britanniae primae.
S00123,S00121,3,entry,124,Britanniae secundae.
S00124,S00121,3,entry,125,Flaviae Caesariensis.
S00125,S00001,1,chapter,127,II
S00126,S00125,2,title,127,Insignia viri illustris praefecti praetorio per Italias
S00127,S00125,2,block,129,Sub dispositione viri illustris praefecti praetorio Italiae dioceses infrascriptae:
S00128,S00127,3,entry,130,Italia.
S00129,S00127,3,entry,131,Illyricum.
S00130,S00127,3,entry,132,Africa.
S00131,S00125,2,heading,133,Provinciae:
S00132,S00125,2,heading,134,Italiae decem et septem:
S00133,S00132,3,entry,135,Venetiae.
S00134,S00132,3,entry,136,Aemilae.
S00135,S00132,3,entry,137,Liguriae.
S00136,S00132,3,entry,138,Flaminiae et Piceni annonarii.
S00137,S00132,3,entry,139,Tusciae et Umbriae.
S00138,S00132,3,entry,140,Piceni suburbicarii.
S00139,S00132,3,entry,141,Campaniae.
S00140,S00132,3,entry,142,Siciliae.
S00141,S00132,3,entry,143,Apuliae et Campaniae.
S00142,S00132,3,entry,144,Lucaniae et Brittiorum.
S00143,S00132,3,entry,145,Alpium Cottiarum.
S00144,S00132,3,entry,146,Raetiae primae.
S00145,S00132,3,entry,147,Raetiae secundae.
S00146,S00132,3,entry,148,Samnii.
S00147,S00132,3,entry,149,Valeriae.
S00148,S00132,3,entry,150,Saradiniae.
S00149,S00132,3,entry,151,Corsicae.
S00150,S00125,2,heading,152,Illyrici sex:
S00151,S00150,3,entry,153,Pannoniae secundae.
S00152,S00150,3,entry,154,Saviae.
S00153,S00150,3,entry,155,Dalmatiarum.
S00154,S00150,3,entry,156,Pannoniae primae.
S00155,S00150,3,entry,157,Norici mediterranei.
S00156,S00150,3,entry,158,Norici ripensis.
S00157,S00125,2,heading,159,Africae septem:
S00158,S00157,3,entry,160,Byzacium.
S00159,S00157,3,entry,161,Numidia.
S00160,S00157,3,entry,162,Mauretaniae Sitifensis.
S00161,S00157,3,entry,163,Mauretaniae Caesariensis.
S00162,S00157,3,entry,164,Tripolis.
S00163,S00157,3,entry,165,Praefectus annonae Africae.
S00164,S00157,3,entry,166,Praefectus fundorum patrimonialium.
S00165,S00125,2,block,167,Officium viri illustris praefecti praeterio Italiae:
S00166,S00165,3,entry,168,Princeps.
S00167,S00165,3,entry,169,Cornicularius.
S00168,S00165,3,entry,170,Adiutor.
S00169,S00165,3,entry,171,Commentariensis.
S00170,S00165,3,entry,172,Ab actis.
S00171,S00165,3,entry,173,Numerarii.
S00172,S00165,3,entry,174,Subadiuuae.
S00173,S00165,3,entry,175,Cura epistolarum.
S00174,S00165,3,entry,176,Regerendarius.
S00175,S00165,3,entry,177,Exceptores.
S00176,S00165,3,entry,178,Adiutores.
S00177,S00165,3,entry,179,Singularii
S00178,S00001,1,chapter,181,III
S00179,S00178,2,title,181,Sub dispositione viri illustris praefecti praetorio Galliarum dioceses infrascriptae:
S00180,S00178,2,heading,183,Hispaniae.
S00181,S00180,3,entry,184,Septem provinciae.
S00182,S00180,3,entry,185,Britanniae.
S00183,S00178,2,heading,186,Provinciae:
S00184,S00178,2,heading,187,Hispaniarum VII:
S00185,S00184,3,entry,188,Baetica.
S00186,S00184,3,entry,189,Lusitania.
S00187,S00184,3,entry,190,Callaecia.
S00188,S00184,3,entry,191,Tarraconensis.
S00189,S00184,3,entry,192,Carthaginensis.
S00190,S00184,3,entry,193,Tingitania.
S00191,S00184,3,entry,194,Baleares.
S00192,S00178,2,heading,195,Septem provinciarum XVII:
S00193,S00192,3,entry,196,Viennensis.
S00194,S00192,3,entry,197,Lugdunensis primae.
S00195,S00192,3,entry,198,Germania primae.
S00196,S00192,3,entry,199,Germania secundae.
S00197,S00192,3,entry,200,Belgica prima.
S00198,S00192,3,entry,201,Belgica secunda.
S00199,S00192,3,entry,202,Alpes maritimae.
S00200,S00192,3,entry,203,Alpes Poeninae et Graiae.
S00201,S00192,3,entry,204,Maxima Sequanorum.
S00202,S00192,3,entry,205,Aquitania prima.
S00203,S00192,3,entry,206,Aquitania secunda.
S00204,S00192,3,entry,207,Novem populi.
S00205,S00192,3,entry,208,Narbonensis prima.
S00206,S00192,3,entry,209,Narbonensis secunda.
S00207,S00192,3,entry,210,Lugdunensis secunda.
S00208,S00192,3,entry,211,Lugdunensis tertia.
S00209,S00192,3,entry,212,Lugdunensis Senonia.
S00210,S00178,2,heading,213,Britanniarum V:
S00211,S00210,3,entry,214,Maxima Caesariensis.
S00212,S00210,3,entry,215,Valentia.
S00213,S00210,3,entry,216,Britannia prima.
S00214,S00210,3,entry,217,Britannia decunda.
S00215,S00210,3,entry,218,Flavia Caesariensis.
S00216,S00178,2,block,219,Officium viri illustris praefecti praetorio Galliarum:
S00217,S00216,3,entry,220,Princeps.
S00218,S00216,3,entry,221,Cornicularius.
S00219,S00216,3,entry,222,Adiutor.
S00220,S00216,3,entry,223,Commentariensis.
S00221,S00216,3,entry,224,Ab actis.
S00222,S00216,3,entry,225,Numerarii.
S00223,S00216,3,entry,226,Subadiuuae.
S00224,S00216,3,entry,227,Cura epistolarum.
S00225,S00216,3,entry,228,Regerendarius.
S00226,S00216,3,entry,229,Exceptores.
S00227,S00216,3,entry,230,Adiutores.
S00228,S00216,3,entry,231,Singularii
S00229,S00216,3,entry,233,IV:
S00230,S00216,3,entry,234,Insignia viri illustris praefecti urbis Romae.
S00231,S00178,2,block,236,Sub dispositione viri illustris praefecti urbis habentur amministrationes infrascriptae:
S00232,S00231,3,entry,237,Praefectus annonae.
S00233,S00231,3,entry,238,Praefectus vigilum.
S00234,S00231,3,entry,239,Comes formarum.
S00235,S00231,3,entry,240,Comes riparum et alvei Tiberis et cloacarum.
S00236,S00231,3,entry,241,Comes portus.
S00237,S00231,3,entry,242,Magister census.
S00238,S00231,3,entry,243,Rationalis vinorum.
S00239,S00231,3,entry,244,Tribunus forii suarii.
S00240,S00231,3,entry,245,Consularis aquarum.
S00241,S00231,3,entry,246,Curator operum maximorum.
S00242,S00231,3,entry,247,Curator operum publicorum.
S00243,S00231,3,entry,248,Curator statuarum.
S00244,S00231,3,entry,249,Curator horreorum Galbanorum.
S00245,S00231,3,entry,250,Centenarius portus.
S00246,S00231,3,entry,251,Tribunus rerum nitentium.
S00247,S00178,2,block,252,Officium viri illustris praefecti urbis:
S00248,S00247,3,entry,253,Princeps.
S00249,S00247,3,entry,254,Cornicularius.
S00250,S00247,3,entry,255,Adiutor.
S00251,S00247,3,entry,256,Commentariensis.
S00252,S00247,3,entry,257,Ab actis.
S00253,S00247,3,entry,258,Numerarii.
S00254,S00247,3,entry,259,Primiscrinius.
S00255,S00247,3,entry,260,Subadiuuae.
S00256,S00247,3,entry,261,Cura epistolarum.
S00257,S00247,3,entry,262,Regrendarius.
S00258,S00247,3,entry,263,Exceptores.
S00259,S00247,3,entry,264,Adiutores.
S00260,S00247,3,entry,265,Censuales.
S00261,S00247,3,entry,266,Nomenculatores.
S00262,S00247,3,entry,267,Singularii
S00263,S00001,1,chapter,269,V
S00264,S00263,2,title,269,Insignia viri illustris magistri peditum
S00265,S00263,2,block,271,Sub dispositione viri illustris magister peditum praesentalis:
S00266,S00263,2,heading,272,Comites limitum infrascriptorum...:
S00267,S00263,2,heading,273,Italiae.
S00268,S00263,2,heading,274,Africae.
S00269,S00268,3,entry,275,Tingitaniae.
S00270,S00268,3,entry,276,Tractus Argentoratensis.
S00271,S00263,2,heading,277,Britanniarum.
S00272,S00271,3,entry,278,Litoris Saxonici per Britannias.
S00273,S00263,2,heading,279,duces limitum infrascriptorum decem:
S00274,S00273,3,entry,280,Mauretaniae Caesariensis.
S00275,S00273,3,entry,281,Tripolitani.
S00276,S00273,3,entry,282,Pannoniae secundae.
S00277,S00273,3,entry,283,Valeriae ripensis.
S00278,S00273,3,entry,284,Pannoniae primae et Norici ripensis.
S00279,S00273,3,entry,285,Raetiae primae et scundae.
S00280,S00273,3,entry,286,Belgicae secundae.
S00281,S00273,3,entry,287,Germaniae primae.
S00282,S00263,2,heading,288,Britanniarum.
S00283,S00282,3,entry,289,Mogontiacensis.
S00284,S00263,2,heading,290,Legiones palatinae XII:
S00285,S00284,3,entry,291,Ioviani seniores.
S00286,S00284,3,entry,292,Herculiani seniores.
S00287,S00284,3,entry,293,Divitenses seniores.
S00288,S00284,3,entry,294,Tongrecani seniores.
S00289,S00284,3,entry,295,Pannoniciani seniores.
S00290,S00284,3,entry,296,Moesiaci seniores.
S00291,S00284,3,entry,297,Armigeri propugnatores seniores.
S00292,S00284,3,entry,298,Lanciarii Sabarienses.
S00293,S00284,3,entry,299,Octavani.
S00294,S00284,3,entry,300,Thebaei.
S00295,S00284,3,entry,301,Cimbriani.
S00296,S00284,3,entry,302,Armigeri propugnatores iuniores.
S00297,S00263,2,heading,303,Auxilia palatina sexaginta quinque:
S00298,S00297,3,entry,304,Cornuti seniores.
S00299,S00297,3,entry,305,Brachiati seniores.
S00300,S00297,3,entry,306,Petulantes seniores.
S00301,S00297,3,entry,307,Celtae seniores.
S00302,S00297,3,entry,308,Heruli seniores.
S00303,S00297,3,entry,309,Batavi seniores.
S00304,S00297,3,entry,310,Mattiaci seniores.
S00305,S00297,3,entry,311,Mattiaci iuniores.
S00306,S00297,3,entry,312,Ascarii seniores.
S00307,S00297,3,entry,313,Ascarii iuniores.
S00308,S00297,3,entry,314,Iovii seniores.
S00309,S00297,3,entry,315,Cornuti iuniores.
S00310,S00297,3,entry,316,Sagittarii Nervii.
S00311,S00297,3,entry,317,Leones seniores.
S00312,S00297,3,entry,318,Leones iuniores.
S00313,S00297,3,entry,319,Exculcatores seniores.
S00314,S00297,3,entry,320,Sagittarii Tungri.
S00315,S00297,3,entry,321,Exculcatores iuniores.
S00316,S00297,3,entry,322,Tubantes.
S00317,S00297,3,entry,323,Salii.
S00318,S00297,3,entry,324,Grati.
S00319,S00297,3,entry,325,Felices seniores.
S00320,S00297,3,entry,326,Felices iuniores.
S00321,S00297,3,entry,327,Gratianenses seniores.
S00322,S00297,3,entry,328,Invicti seniores.
S00323,S00297,3,entry,329,Augustei.
S00324,S00297,3,entry,330,Iovii iuniores.
S00325,S00297,3,entry,331,Victores iuniores.
S00326,S00297,3,entry,332,Batavi iuniores.
S00327,S00297,3,entry,333,Bructeri.
S00328,S00297,3,entry,334,Ampsiuarii.
S00329,S00297,3,entry,335,Gratianenses iuniores.
S00330,S00297,3,entry,336,Valentianenses iuniores.
S00331,S00297,3,entry,337,Raeti.
S00332,S00297,3,entry,338,Sequani.
S00333,S00297,3,entry,339,Sagittarii venatores.
S00334,S00297,3,entry,340,Latini.
S00335,S00297,3,entry,341,Sabini.
S00336,S00297,3,entry,342,Brachiati iuniores.
S00337,S00297,3,entry,343,Honoriani Atecotti seniores.
S00338,S00297,3,entry,344,Honoriani Marcomanni seniores.
S00339,S00297,3,entry,345,Honoriani Marcomanni iuniores.
S00340,S00297,3,entry,346,Honoriani Atecotti iuniores.
S00341,S00297,3,entry,347,Brisigavi seniores.
S00342,S00297,3,entry,348,Brisigavi iuniores.
S00343,S00297,3,entry,349,Honoriani Mauri seniores.
S00344,S00297,3,entry,350,Honoriani Mauri iuniores.
S00345,S00297,3,entry,351,Celtae iuniores.
S00346,S00297,3,entry,352,Invicti iuniores Britanniciani.
S00347,S00297,3,entry,353,Exculcatores iuniores Britanniciani.
S00348,S00297,3,entry,354,Felices Valentinianenses.
S00349,S00297,3,entry,355,Mattiaci iuniores Gallicani.
S00350,S00297,3,entry,356,Salii Gallicani.
S00351,S00297,3,entry,357,Sagittarii Nervii Gallicani.
S00352,S00297,3,entry,358,Iovii iuniores Gallicani.
S00353,S00297,3,entry,359,Seguntienses.
S00354,S00297,3,entry,360,Galli victores.
S00355,S00297,3,entry,361,Honoriani victores iuniores.
S00356,S00297,3,entry,362,Honoriani ascarii seniores.
S00357,S00297,3,entry,363,Felices iuniores Gallicani.
S00358,S00297,3,entry,364,Atecotti iuniores Gallicani.
S00359,S00297,3,entry,365,Tungri.
S00360,S00297,3,entry,366,Honoriani Gallicani.
S00361,S00297,3,entry,367,Mauri tonantes seniores.
S00362,S00297,3,entry,368,Mauri tonantes iuniores.
S00363,S00263,2,heading,369,Legiones comitatenses XXXII:
S00364,S00363,3,entry,370,Menapii seniores.
S00365,S00363,3,entry,371,Fortenses.
S00366,S00363,3,entry,372,Propugnatores seniores.
S00367,S00363,3,entry,373,Armigeri defensores seniores.
S00368,S00363,3,entry,374,Septimani seniores.
S00369,S00363,3,entry,375,Regii.
S00370,S00363,3,entry,376,Pacatianenses.
S00371,S00363,3,entry,377,Vesontes.
S00372,S00363,3,entry,378,Mattiarii iuniores.
S00373,S00363,3,entry,379,Mauri cetrati.
S00374,S00363,3,entry,380,Undecimani.
S00375,S00363,3,entry,381,Secundani Italiciani.
S00376,S00363,3,entry,382,Germaniciani iuniores.
S00377,S00363,3,entry,383,Tertiani Italica.
S00378,S00363,3,entry,384,Tertia Herculea.
S00379,S00363,3,entry,385,Lanciarii Gallicani Honoriani.
S00380,S00363,3,entry,386,Propugnatores iuniores.
S00381,S00363,3,entry,387,Secunda Britannica.
S00382,S00363,3,entry,388,Septimani iuniores.
S00383,S00363,3,entry,389,Praesichantes.
S00384,S00363,3,entry,390,Ursarienses.
S00385,S00363,3,entry,391,Cortoriacenses.
S00386,S00363,3,entry,392,Geminiacenses.
S00387,S00363,3,entry,393,Honoriani felices Gallicani.
S00388,S00363,3,entry,394,Tertia Iulia Alpina.
S00389,S00363,3,entry,395,Prima Flavia Pacis.
S00390,S00363,3,entry,396,Secunda Flavia Virtutis.
S00391,S00363,3,entry,397,Tertia Flavia Salutis.
S00392,S00363,3,entry,398,Flavia victrix Constantina
S00393,S00363,3,entry,399,Secunda Flavia Constantiniana.
S00394,S00363,3,entry,400,Tertio Augustani.
S00395,S00363,3,entry,401,Fortenses.
S00396,S00263,2,heading,402,Pseudocomitatenses XVIII:
S00397,S00396,3,entry,403,Prima Alpina.
S00398,S00396,3,entry,404,Secunda Iulia Alpina.
S00399,S00396,3,entry,405,Lanciarii Lauriacenses.
S00400,S00396,3,entry,406,Lanciarii Comaginenses.
S00401,S00396,3,entry,407,Taurunenses.
S00402,S00396,3,entry,408,Antianenses.
S00403,S00396,3,entry,409,Pontinenses.
S00404,S00396,3,entry,410,Prima Flavia Gallicana Constantia.
S00405,S00396,3,entry,411,Martenses.
S00406,S00396,3,entry,412,Abrincateni.
S00407,S00396,3,entry,413,Defensores seniores.
S00408,S00396,3,entry,414,Mauri Osismiaci.
S00409,S00396,3,entry,415,Prima Flavia Metis.
S00410,S00396,3,entry,416,Superventores iuniores.
S00411,S00396,3,entry,417,Constantiaci.
S00412,S00396,3,entry,418,Corniacenses.
S00413,S00396,3,entry,419,Septimani.
S00414,S00396,3,entry,420,Romanenses.
S00415,S00263,2,block,421,Officium suprascripti magistri peditum praesentalis:
S00416,S00415,3,entry,422,Princeps.
S00417,S00415,3,entry,423,Numerarius.
S00418,S00415,3,entry,424,Commentariensis.
S00419,S00415,3,entry,425,Adiutor.
S00420,S00415,3,entry,426,Regerendarius.
S00421,S00415,3,entry,427,Exceptores et reliqui apparitores
S00422,S00001,1,chapter,429,VI
S00423,S00422,2,title,429,Insignia viri illustris magistri equitum
S00424,S00422,2,block,431,Sub dispositione viri illustris comitis et magistri equitum praesentalis:
S00425,S00422,2,heading,432,Vexillationes palatinae decem:
S00426,S00425,3,entry,433,Comites seniores.
S00427,S00425,3,entry,434,Equites promoti seniores.
S00428,S00425,3,entry,435,Equites brachiati seniores.
S00429,S00425,3,entry,436,Equites brachiati iuniores.
S00430,S00425,3,entry,437,Equites Batavi seniores.
S00431,S00425,3,entry,438,Equites cornuti seniores.
S00432,S00425,3,entry,439,Equites cornuti iuniores.
S00433,S00425,3,entry,440,Comites Alani.
S00434,S00425,3,entry,441,Equites Batavi iuniores.
S00435,S00425,3,entry,442,Equites constantes Valentinianenses seniores.
S00436,S00422,2,heading,443,Vexillationes comitatenses.....:
S00437,S00436,3,entry,444,Equites armigeri.
S00438,S00436,3,entry,445,Equites primi Gallicani.
S00439,S00436,3,entry,446,Equites octavo Dalmatae.
S00440,S00436,3,entry,447,Equites Dalmatae Passerentiaci.
S00441,S00436,3,entry,448,Equites Mauri alites.
S00442,S00436,3,entry,449,Equites Honoriani Taifali iuniores.
S00443,S00436,3,entry,450,Equites Honoriani seniores.
S00444,S00436,3,entry,451,Equites Mauri feroces.
S00445,S00436,3,entry,452,Equites Constantiani felices.
S00446,S00436,3,entry,453,Equites scutarii.
S00447,S00436,3,entry,454,Equites stablesiani Africani.
S00448,S00436,3,entry,455,Equites Marcomanni.
S00449,S00436,3,entry,456,Equites armigeri seiores.
S00450,S00436,3,entry,457,Equites sagittarii clibanarii.
S00451,S00436,3,entry,458,Equites sagittarii Parthi seniores.
S00452,S00436,3,entry,459,Equites primo sagittarii.
S00453,S00436,3,entry,460,Equites secundo sagittarii.
S00454,S00436,3,entry,461,Equites tertio sagittarii.
S00455,S00436,3,entry,462,Equites quarto sagittarii.
S00456,S00436,3,entry,463,Equites sagittarii Parthi iuniores.
S00457,S00436,3,entry,464,Equites cetrati seniores.
S00458,S00436,3,entry,465,Comites iuniores.
S00459,S00436,3,entry,466,Equites promoti iuniores.
S00460,S00436,3,entry,467,Equites sagittarii iuniores.
S00461,S00436,3,entry,468,Equites cetrati iuniores.
S00462,S00436,3,entry,469,Equites Honoriani iuniores.
S00463,S00436,3,entry,470,Equites armigeri iuniores.
S00464,S00436,3,entry,471,Equites secundi scutarii iuniores.
S00465,S00436,3,entry,472,Equites stablesiani Italiciani.
S00466,S00436,3,entry,473,Equites sagittarii Cordueni.
S00467,S00436,3,entry,474,Equites sagittarii seniores.
S00468,S00436,3,entry,475,Cuneus equitum promotorum.
S00469,S00422,2,block,476,Officium suprascriptae magisteriae potestatis:
S00470,S00469,3,entry,477,Princeps.
S00471,S00469,3,entry,478,Numerarius.
S00472,S00469,3,entry,479,Primiscrinius.
S00473,S00469,3,entry,480,Commentariensis.
S00474,S00469,3,entry,481,Adiutor.
S00475,S00469,3,entry,482,Regerendarius.
S00476,S00469,3,entry,483,Exceptores et reliqui apparitores
S00477,S00001,1,chapter,485,VII
S00478,S00477,2,title,485,Qui numeri ex praedictis per infrascriptas provincias habeantur:
S00479,S00477,2,block,487,Intra Italiam:
S00480,S00479,3,entry,488,Ioviani seniores.
S00481,S00479,3,entry,489,Herculiani seniores.
S00482,S00479,3,entry,490,Divitenses seniores.
S00483,S00479,3,entry,491,Tongrecani seniores.
S00484,S00479,3,entry,492,Pannoniciani seniores.
S00485,S00479,3,entry,493,Moesiaci seniores.
S00486,S00479,3,entry,494,Cornuti seniores.
S00487,S00479,3,entry,495,Brachiati seniores.
S00488,S00479,3,entry,496,Petulantes seniores.
S00489,S00479,3,entry,497,Celtae seniores.
S00490,S00479,3,entry,498,Heruli seniores.
S00491,S00479,3,entry,499,Batavi seniores.
S00492,S00479,3,entry,500,Mattiaci seniores.
S00493,S00479,3,entry,501,Iovii seniores.
S00494,S00479,3,entry,502,Victores seniores. [?]
S00495,S00479,3,entry,503,Cornuti iuniores.
S00496,S00479,3,entry,504,Leones iuniores.
S00497,S00479,3,entry,505,Exculcatores seniores.
S00498,S00479,3,entry,506,Grati.
S00499,S00479,3,entry,507,Sabini.
S00500,S00479,3,entry,508,Felices iuniores.
S00501,S00479,3,entry,509,Atecotti Honoriani iuniores.[same as Honoriani Atecotti iun.]
S00502,S00479,3,entry,510,Brisigavi iuniores.
S00503,S00479,3,entry,511,Mauri Honoriani iuniores.[same as Honoriani Mauri iuniores.]
S00504,S00479,3,entry,512,Galli victores.
S00505,S00479,3,entry,513,Octavani.
S00506,S00479,3,entry,514,Thebaei.
S00507,S00479,3,entry,515,Mattiarii iuniores.
S00508,S00479,3,entry,516,Septimani iuniores.
S00509,S00479,3,entry,517,Regii.
S00510,S00479,3,entry,518,Germaniciani.[same as Germaniciani iuniores.]
S00511,S00479,3,entry,519,Prima Iulia.[same as Prima Alpina.]
S00512,S00479,3,entry,520,Tertia Iulia.[same as Tertia Iulia Alpina.]
S00513,S00479,3,entry,521,Placidi Valentinianici felices.[?]
S00514,S00479,3,entry,522,Gratianenses iuniores.
S00515,S00479,3,entry,523,Marcomanni.[same as Honoriani Marcomanni seniores & iuniores.]
S00516,S00479,3,entry,524,Pontinenses.
S00517,S00477,2,block,525,Intra Illyricum cum uiro spectabili comite Illyrici:
S00518,S00517,3,entry,526,Sagittarii Tungri.
S00519,S00517,3,entry,527,Iovii iuniores.
S00520,S00517,3,entry,528,Sequani.
S00521,S00517,3,entry,529,Raeti.
S00522,S00517,3,entry,530,Sagittarii venatores.
S00523,S00517,3,entry,531,Latini.
S00524,S00517,3,entry,532,Valentinianenses felices.[same as Felices Valentinianenses.]
S00525,S00517,3,entry,533,Honoriani victores.[same as Honoriani victores iuniores.]
S00526,S00517,3,entry,534,Seguntienses.
S00527,S00517,3,entry,535,Tungri.
S00528,S00517,3,entry,536,Mauri Honoriani seniores.[same as Honoriani Mauri seniores.]
S00529,S00517,3,entry,537,Mattiarii Honoriani Gallicani.[same as Honoriani Gallicani.]
S00530,S00517,3,entry,538,Tertiani.[same as Tertiani Italica.]
S00531,S00517,3,entry,539,Tertia Herculea.
S00532,S00517,3,entry,540,Pacatianenses.
S00533,S00517,3,entry,541,Mauri cetrati.
S00534,S00517,3,entry,542,Propugnatores iuniores.
S00535,S00517,3,entry,543,Lanciarii Lauriacenses.
S00536,S00517,3,entry,544,Lanciarii Comaginenses.
S00537,S00517,3,entry,545,Secunda Iulia.[same asÝ Secunda Iulia Alpina.]
S00538,S00517,3,entry,546,"Valentinianenses.[same as Valentinianenses iuniores, also in Gallia?]"
S00539,S00517,3,entry,547,Catarienses[?]
S00540,S00477,2,block,548,Intra Gallias cum uiro illustri magistro equitum Galliarum:
S00541,S00540,3,entry,549,Mattiaci iuniores.
S00542,S00540,3,entry,550,Leones seniores.
S00543,S00540,3,entry,551,Brachiati iuniores.
S00544,S00540,3,entry,552,Salii seniores.[same as Salii.]
S00545,S00540,3,entry,553,Gratianenses.[same as Gratianenses seniores.]
S00546,S00540,3,entry,554,Brocteri.[same as Bructeri.]
S00547,S00540,3,entry,555,Ampsiuarii.
S00548,S00540,3,entry,556,"Valentinianenses.[same as Valentinianenses iuniores, also in Illyria?]"
S00549,S00540,3,entry,557,Batavi iuniores.
S00550,S00540,3,entry,558,Britones[?]
S00551,S00540,3,entry,559,Atecotti Honoriani seniores.[same as Honoriani Atecotti sen.]
S00552,S00540,3,entry,560,Sagittarii Nervii Gallicani.
S00553,S00540,3,entry,561,Iovii iuniores Gallicani.
S00554,S00540,3,entry,562,Mattiaci iuniores Gallicani.
S00555,S00540,3,entry,563,Atecotti iuniores Gallicani.
S00556,S00540,3,entry,564,Ascarii Honoriani seniores.[same as Honoriani ascarii sen.]
S00557,S00540,3,entry,565,Armigeri defensores seniores.
S00558,S00540,3,entry,566,Lanciarii Honoriani Gallicani.[same as Lanc Gallicani Hon.]
S00559,S00540,3,entry,567,Lanciarii Sabarienses.
S00560,S00540,3,entry,568,Menapii seniores.
S00561,S00540,3,entry,569,Secundani Britones.[same as Secunda Britannica.]
S00562,S00540,3,entry,570,Ursarienses.
S00563,S00540,3,entry,571,Praesidienses.[same as Praesichantes.]
S00564,S00540,3,entry,572,Geminiacenses.
S00565,S00540,3,entry,573,Cortoriacenses.
S00566,S00540,3,entry,574,Honoriani felices Gallicani.
S00567,S00540,3,entry,575,Prima Flavia Gallicana.[same as Prima Fl. Gall. Constantia.]
S00568,S00540,3,entry,576,Martenses.
S00569,S00540,3,entry,577,Abrincateni.
S00570,S00540,3,entry,578,Defensores seniores.
S00571,S00540,3,entry,579,Mauri Osismiaci.
S00572,S00540,3,entry,580,Prima Flavia.[same as Prima Flavia Metis.]
S00573,S00540,3,entry,581,Superventores iuniores.
S00574,S00540,3,entry,582,Balistarii.[?]
S00575,S00540,3,entry,583,Defensores iuniores.[?]
S00576,S00540,3,entry,584,Garronenses.[?]
S00577,S00540,3,entry,585,Anderetiani.[?]
S00578,S00540,3,entry,586,Acincenses.[?]
S00579,S00540,3,entry,587,Cornacenses.[same as Corniacenses.]
S00580,S00540,3,entry,588,"Septimani iuniores.[same as Septimani, or Septimani iuniores, a legiones comitatenses, also found in Italia or in Tingitania.]"
S00581,S00540,3,entry,589,Cursarienses iuniores.[?]
S00582,S00540,3,entry,590,Musmagenses.[?]
S00583,S00540,3,entry,591,Romanenses.
S00584,S00540,3,entry,592,Insidatores.[?]
S00585,S00540,3,entry,593,Truncensimani.[?]
S00586,S00540,3,entry,594,Abulci.[?]
S00587,S00540,3,entry,595,Exploratores.[?]
S00588,S00477,2,block,596,Officium viri illustris magistri equitum per Gallias:
S00589,S00588,3,entry,597,"Princeps ex officiis magistrorum militum praesentalium, uno anno a parte peditum, ali a parte equitum."
S00590,S00588,3,entry,598,Commentariensis.
S00591,S00588,3,entry,599,Numerarii ex utrisque officiis singularis annis.
S00592,S00588,3,entry,600,Adiutor.
S00593,S00588,3,entry,601,Regrendarius.
S00594,S00588,3,entry,602,Exceptores et reliqui apparitores.
S00595,S00477,2,block,603,Intra Hispenias cum uiro spectabili comite:
S00596,S00595,3,entry,604,Ascarii seniores.
S00597,S00595,3,entry,605,Ascarii iuniores.
S00598,S00595,3,entry,606,Sagittarii Nervii.
S00599,S00595,3,entry,607,Exculcatores iuniores.
S00600,S00595,3,entry,608,Tubantes.
S00601,S00595,3,entry,609,Felices seniores.
S00602,S00595,3,entry,610,Invicti seniores.
S00603,S00595,3,entry,611,Victores iuniores.
S00604,S00595,3,entry,612,Invicti iuniores Britones.[same as Inv. iun. Britanniciani.]
S00605,S00595,3,entry,613,Brisigavi seniores.
S00606,S00595,3,entry,614,Salii iuniores Gallicani.[same as Salii Gallicani.]
S00607,S00595,3,entry,615,Fortenses.
S00608,S00595,3,entry,616,Propugnatores seniores.
S00609,S00595,3,entry,617,Septimani seniores.
S00610,S00595,3,entry,618,Vesontes.
S00611,S00595,3,entry,619,Undecimani.
S00612,S00477,2,block,620,Intra Tingitaniam cum uiro spectabili comite:
S00613,S00612,3,entry,621,Mauri tonantes seniores.
S00614,S00612,3,entry,622,Mauri tonantes iuniores.
S00615,S00612,3,entry,623,"Constantiniani.[same as Constantiaci ,or the legiones"
S00616,S00612,3,entry,624,comitatenses Secunda Flavia Constantiniana also found in Africa.]
S00617,S00612,3,entry,625,Septimani iuniores[also found in Italia or Gallia?]
S00618,S00477,2,block,626,Intra Africam cum uiro spectabili comite Africae:
S00619,S00618,3,entry,627,Celtae iuniores.
S00620,S00618,3,entry,628,Armigeri propugnatores seniores.
S00621,S00618,3,entry,629,Armigeri propugnatores iuniores.
S00622,S00618,3,entry,630,Secundani Italiciani.
S00623,S00618,3,entry,631,Cimbriani.
S00624,S00618,3,entry,632,Primani.[same as Prima Flavia Pacis.]
S00625,S00618,3,entry,633,Secundani.[same as Secunda Flavia Virtutis]
S00626,S00618,3,entry,634,Tertiani.[same as Tertia Flavia Salutis.]
S00627,S00618,3,entry,635,Constantiniani.[same as Secunda Flavia Constantiniana.]
S00628,S00618,3,entry,636,Constantiaci.[same as Flavia victrix Constantina.]
S00629,S00618,3,entry,637,Tertio Augustani.
S00630,S00618,3,entry,638,Fortenses.
S00631,S00477,2,block,639,Intra Britannias cum uiro spectabili comite Britanniarum:
S00632,S00631,3,entry,640,Victores iuniores Britanniciani.[same as Victores iuniores in Hispania?]
S00633,S00631,3,entry,641,Primani iuniores.[?]
S00634,S00631,3,entry,642,Secundani iuniores.[same as Secundani Britannica also found in Gallia?]
S00635,S00477,2,block,643,Item Vexillationes:
S00636,S00477,2,block,644,Intra Italiam:
S00637,S00636,3,entry,645,Comites seniores.
S00638,S00636,3,entry,646,Equites promoti seniores.
S00639,S00636,3,entry,647,Equites brachiati seniores.
S00640,S00636,3,entry,648,"Equites cornuti seniores.[also in Gallia, but might be iuniores.]"
S00641,S00636,3,entry,649,Comites Alani.
S00642,S00636,3,entry,650,Equites Mauri feroces.
S00643,S00636,3,entry,651,Equites constantes Valentinianenses iuniores.[likely seniores.]
S00644,S00477,2,block,652,Intra Gallias cum uiro illustri comite et magistro equitum Galliarum:
S00645,S00644,3,entry,653,Equites Batavi seniores.
S00646,S00644,3,entry,654,"Equites cornuti seniores.[also in Italia, but might be iuniores.]"
S00647,S00644,3,entry,655,Equites Batavi iuniores.
S00648,S00644,3,entry,656,Equites brachiati iuniores.
S00649,S00644,3,entry,657,Equites Honoriani seniores.
S00650,S00644,3,entry,658,Equites Honoriani iuniores.[same as Equ. Hon. Taifali iun.]
S00651,S00644,3,entry,659,Equites armigeri seniores.[same as Equites armigeri.]
S00652,S00644,3,entry,660,Equites octavo Dalmatae.
S00653,S00644,3,entry,661,Equites Dalmatae Passerentiaci.
S00654,S00644,3,entry,662,Equites primi Gallicani.
S00655,S00644,3,entry,663,Equites Mauri alites.
S00656,S00644,3,entry,664,Equites Constantiani feroces.[same as Equ. Con. felices.]
S00657,S00477,2,block,665,Intra Africam cum uiro spectabili comite Africae:
S00658,S00657,3,entry,666,Equites stablesiani Italiciani.
S00659,S00657,3,entry,667,Equites scutarii seniores.[same as Equites scutarii.]
S00660,S00657,3,entry,668,Equites stablesiani seniores.[same as Equites stablesiani Africani.]
S00661,S00657,3,entry,669,Equites Marcomanni.
S00662,S00657,3,entry,670,Equites armigeri seiores.
S00663,S00657,3,entry,671,Equites clibanarii.[same as Equites sagittarii clibanarii.]
S00664,S00657,3,entry,672,Equites sagittarii Parthi seniores.
S00665,S00657,3,entry,673,Equites cetrati seniores.
S00666,S00657,3,entry,674,Equites primo sagittarii.
S00667,S00657,3,entry,675,Equites secundo sagittarii.
S00668,S00657,3,entry,676,Equites tertio sagittarii.
S00669,S00657,3,entry,677,Equites quarto sagittarii.
S00670,S00657,3,entry,678,Equites Parthi sagittarii iuniores.[same as Equites sagittarii Parthi iuniores.]
S00671,S00657,3,entry,679,Equites cetrati iuniores.
S00672,S00657,3,entry,680,Equites promoti iuniores.
S00673,S00657,3,entry,681,Equites sagittarii iuniores.
S00674,S00657,3,entry,682,Equites Honoriani iuniores.
S00675,S00657,3,entry,683,Equites scutarii iuniores scolae secundae.[same as Equites secundi scutarii iuniores.]
S00676,S00657,3,entry,684,Equites armigeri iuniores.
S00677,S00477,2,block,685,Intra Britannias cum uiro spectibili comite Britanniarum:
S00678,S00677,3,entry,686,Equites catafractarii iuniores.[?]
S00679,S00677,3,entry,687,Equites scutarii Aureliaci.[?]
S00680,S00677,3,entry,688,Equites Honoriani seniores.[also in Gallia.]
S00681,S00677,3,entry,689,Equites stablesiani.[one of the stablesiani units in Africa?]
S00682,S00677,3,entry,690,Equites Syri.[?]
S00683,S00677,3,entry,691,"Equites Taifali.[same as Equ. Hon. Taifali iun., also in Gallia?]"
S00684,S00477,2,block,692,Intra Tingitaniam cum uiro spectabili comite Tingitaniae:
S00685,S00684,3,entry,693,Equites scutarii seniores.[also in Africa?]
S00686,S00684,3,entry,694,Equites sagittarii seniores.
S00687,S00684,3,entry,695,Equites Cordueni.[same as Equites sagittarii Cordueni.]
S00688,S00001,1,chapter,697,VIII
S00689,S00688,2,title,697,[Deest]
S00690,S00001,1,chapter,699,IX
S00691,S00690,2,title,699,Insignia viri illustris magistri officiorum
S00692,S00690,2,block,701,Sub dispositione viri illustris magistris officiorum:
S00693,S00692,3,entry,702,Scola scutariorum prima.
S00694,S00692,3,entry,703,Scola scutariorum secunda.
S00695,S00692,3,entry,704,Scola armaturarum seniorum.
S00696,S00692,3,entry,705,Scola gentilium seniorum.
S00697,S00692,3,entry,706,Scola scutatorium tertia.
S00698,S00692,3,entry,707,Scola agentum in rebus et deputati eiusdem scolae.
S00699,S00692,3,entry,708,Scrinium memoriae.
S00700,S00692,3,entry,709,Scrinium dispositionum.
S00701,S00692,3,entry,710,Scrinium epistolarum.
S00702,S00692,3,entry,711,Scrinium libellorum.
S00703,S00692,3,entry,712,Ammissionales.
S00704,S00692,3,entry,713,Cancellarii.
S00705,S00690,2,heading,714,Fabricae infrascriptae:
S00706,S00690,2,block,715,In Illyrico:
S00707,S00706,3,entry,716,"Sirmensis scutorum, scordiscorum et armorum."
S00708,S00706,3,entry,717,Acincensis scutaria.
S00709,S00706,3,entry,718,Cornutensis scutaria.
S00710,S00706,3,entry,719,Lauriacensis scutaria.
S00711,S00706,3,entry,720,Salonitana armorum.
S00712,S00690,2,heading,721,Italiae:
S00713,S00712,3,entry,722,Concordensis sagittaria.
S00714,S00712,3,entry,723,Veronensis scutaria et armorum.
S00715,S00712,3,entry,724,Manutuana loricaria.
S00716,S00712,3,entry,725,Cremonensis scutaria.
S00717,S00712,3,entry,726,Ticenensis arcuaria.
S00718,S00712,3,entry,727,Lucensis spatharia.
S00719,S00690,2,block,728,In Galliis:
S00720,S00719,3,entry,729,Argentomagensis armorum omnium.
S00721,S00719,3,entry,730,Matisconensis sagittaria.
S00722,S00719,3,entry,731,"Augustodunensis loricaria, balistaria et clibanaria."
S00723,S00719,3,entry,732,Augustodunensis scutaria.
S00724,S00719,3,entry,733,Suessionensis........
S00725,S00719,3,entry,734,Remensis spatharia.
S00726,S00719,3,entry,735,Triberorum scutaria.
S00727,S00719,3,entry,736,Triberorum balistaria.
S00728,S00719,3,entry,737,Ambianensis spatharia et scutaria.
S00729,S00690,2,block,738,Officium autem suprascripti viri illustris magistri officiorum de scola agentum in rebus habetur hoc modo:
S00730,S00729,3,entry,739,Adiutor.
S00731,S00729,3,entry,740,Subadiuuae adiutoris.
S00732,S00729,3,entry,741,Subadiuuae fabricarum diversarum.
S00733,S00729,3,entry,742,Curiosur cursus publici in praesenti.
S00734,S00729,3,entry,743,Curiosi omnium provinciarum.
S00735,S00729,3,entry,744,Interpretes omnium gentium
S00736,S00001,1,chapter,746,X
S00737,S00736,2,title,746,Insignia viri illustris quaestoris
S00738,S00736,2,block,748,Sub dispositione viri illustris quaestoris:
S00739,S00738,3,entry,749,Leges dictandae.
S00740,S00738,3,entry,750,Preces.
S00741,S00738,3,entry,751,Habet subaudientes adiutores memoriales de scriniis diversis
S00742,S00001,1,chapter,753,XI
S00743,S00742,2,title,753,Insignia viri illustris comitis sacrarum largitionum
S00744,S00742,2,block,755,Sub dispositione viri illustris comites sacrarum largitionum:
S00745,S00744,3,entry,756,Comes largitionum per Illyricum.
S00746,S00744,3,entry,757,Comes vestiarii.
S00747,S00744,3,entry,758,Comes auri.
S00748,S00744,3,entry,759,Comes largitionum Italicianarum.
S00749,S00744,3,entry,760,Comes titulorum largitionalium per Africam.
S00750,S00742,2,heading,761,Rationales:
S00751,S00750,3,entry,762,"Rationalis summarum Pannoniae secundae, Dalmatiae et Saviae."
S00752,S00750,3,entry,763,"Rationalis summarum Pannoniae prima, Valeriae, Norici mediterranei et ripensis."
S00753,S00750,3,entry,764,Rationalis summarum Italiae.
S00754,S00750,3,entry,765,Rationalis summarum urbis Romae.
S00755,S00750,3,entry,766,"Rationalis summarum Trum provinciarum, id est Siciliae, Saradiniae et Corsicae."
S00756,S00750,3,entry,767,Rationalis summarum Africae.
S00757,S00750,3,entry,768,Rationalis summarum Nimidiae.
S00758,S00750,3,entry,769,Rationalis summarum Hispaniae.
S00759,S00750,3,entry,770,Rationalis summarum Quinque provinciarum.
S00760,S00750,3,entry,771,Rationalis summarum Galliarum.
S00761,S00750,3,entry,772,Rationalis summarum Britanniarum.
S00762,S00742,2,heading,773,Praepositi thesauroum:
S00763,S00742,2,block,774,Per Illyricum:
S00764,S00763,3,entry,775,"Praepositus thesaurorum Salonitanorum, Dalmatiae."
S00765,S00763,3,entry,776,"Praepositus thesaurorum Siscianorum, Saviae."
S00766,S00763,3,entry,777,"Praepositus thesaurorum Sabariensium, Pannoniae primae."
S00767,S00742,2,block,778,Per Italiam:
S00768,S00767,3,entry,779,"Praepositus thesaurorum Aquileiensium, Venetiae."
S00769,S00767,3,entry,780,"Praepositus thesaurorum Mediolanensium, Liguriae."
S00770,S00767,3,entry,781,Praepositus thesaurorum urbis Romae.
S00771,S00767,3,entry,782,"Praepositus thesaurorum Augustae Vindelicensis, Raetiae secundae."
S00772,S00742,2,block,783,Per Gallias:
S00773,S00772,3,entry,784,Praepositus thesaurorum Lugdunensium.
S00774,S00772,3,entry,785,Praepositus thesaurorum Arelatensium.
S00775,S00772,3,entry,786,Praepositus thesaurorum Remorum.
S00776,S00772,3,entry,787,Praepositus thesaurorum Triberorum.
S00777,S00742,2,block,788,In Britanniis:
S00778,S00777,3,entry,789,Praepositus thesaurorum Augustensium.
S00779,S00742,2,heading,790,Procuratores monetarum:
S00780,S00779,3,entry,791,Procurator monetae Siscianae.
S00781,S00779,3,entry,792,Procurator monetae Aquileiensis.
S00782,S00779,3,entry,793,Procurator monetae urbis Romae.
S00783,S00779,3,entry,794,Procurator monetae Lugdunensis.
S00784,S00779,3,entry,795,Procurator monetae Arelatensis.
S00785,S00779,3,entry,796,Procurator monetae Triberorum.
S00786,S00742,2,heading,797,Procuratores gynaeciorum:
S00787,S00786,3,entry,798,"Procurator gynaecii Bassianensis, Pannoniae secundae - translati Salonis."
S00788,S00786,3,entry,799,"Procurator gynaecii Sirmensis, Pannoniae secundae."
S00789,S00786,3,entry,800,Procurator gynaecii Iovensis Dalmatiae - Aspalato.
S00790,S00786,3,entry,801,"Procurator gynaecii Aquileiensis, Venetiae inferioris."
S00791,S00786,3,entry,802,"Procurator gynaecii Mediolanensis, Liguriae."
S00792,S00786,3,entry,803,Procurator gynaecii urbis Romae.
S00793,S00786,3,entry,804,"Procurator gynaecii Canusini et Venusini, Apuliae."
S00794,S00786,3,entry,805,"Procurator gynaecii Carthagiensis, Africae."
S00795,S00786,3,entry,806,"Procurator gynaecii Arelatiensis, provinciae Viennensis."
S00796,S00786,3,entry,807,Procurator gynaecii Lugdunensis.
S00797,S00786,3,entry,808,"Procurator gynaecii Remensis, Belgicae secundae."
S00798,S00786,3,entry,809,"Procurator gynaecii Triberorum, Belgicae primae."
S00799,S00786,3,entry,810,Procurator gynaecii Augustoduno translati Mettis.
S00800,S00786,3,entry,811,Procurator gynaecii (in Britannis) Ventensis.
S00801,S00742,2,heading,812,Procuratores linyfiorum:
S00802,S00801,3,entry,813,"Procurator linyfii Viennensis, Galliarum."
S00803,S00801,3,entry,814,"Procurator linyfii Ravennatis, Italiae."
S00804,S00742,2,heading,815,Procuratores bafiorum:
S00805,S00804,3,entry,816,"Procurator bafii Tarentini, Calabriae."
S00806,S00804,3,entry,817,"Procurator bafii Salonitani, Dalmatiae."
S00807,S00804,3,entry,818,"Procurator bafii Cissensis, Venetiae et Histriae."
S00808,S00804,3,entry,819,"Procurator bafii Syracusani, Siciliae."
S00809,S00804,3,entry,820,Procurator bafiorum omnium per Africam.
S00810,S00804,3,entry,821,"Procurator bafii Girbitani, provinciae Tripolitanae."
S00811,S00804,3,entry,822,"Procurator bafii insularum Balearum, in Hispania."
S00812,S00804,3,entry,823,"Procurator bafii Telonensis, Galliarum."
S00813,S00804,3,entry,824,Procurator bafii Narbonensis.
S00814,S00742,2,heading,825,Praepositi branbaricariorum siue argentariorum:
S00815,S00814,3,entry,826,Praepositus branbaricariorum siue argentariorum Arelatensium.
S00816,S00814,3,entry,827,Praepositus branbaricariorum siue argentariorum Remensium.
S00817,S00814,3,entry,828,Praepositus branbaricariorum siue argentariorum Triberorum.
S00818,S00742,2,heading,829,Praepositi bastagarum:
S00819,S00742,2,heading,830,Orientalium:
S00820,S00819,3,entry,831,Praepositus bastagae primae Orientalis et quartae.
S00821,S00819,3,entry,832,Praepositus bastagae secundae Orientalis et tertiae.
S00822,S00819,3,entry,833,Praepositus bastagae secunsae et tertiae Orientalis.
S00823,S00819,3,entry,834,Praepositus bastagae primae et quartae Orientalis.
S00824,S00742,2,heading,835,Gallicanarum:
S00825,S00824,3,entry,836,Praepositus bastagae primae Gallicanae et quartae.
S00826,S00824,3,entry,837,Comes commerciorum per Illyricum.
S00827,S00742,2,block,838,Officium autem suprascripti viri illustris comitis sacrarum largitionum habet:
S00828,S00827,3,entry,839,Primicerium totius officii.
S00829,S00827,3,entry,840,Primicerium scrinii canonum.
S00830,S00827,3,entry,841,Primicerium scrinii tabulariorum.
S00831,S00827,3,entry,842,Primicerium scrinii numerorum.
S00832,S00827,3,entry,843,Primicerium scrinii aureae massae.
S00833,S00827,3,entry,844,Primicerium scrinii auri ad responsum.
S00834,S00827,3,entry,845,Primicerium scrinii vestiarii sacri.
S00835,S00827,3,entry,846,Primicerium scrinii ab argento.
S00836,S00827,3,entry,847,Primicerium scrinii a miliarensibus.
S00837,S00827,3,entry,848,"Primicerium scrinii a pecuniis, et ceteros scriniarios."
S00838,S00827,3,entry,849,"Secundicerium officii, qui primicerius est exceptorum."
S00839,S00827,3,entry,850,"Tertiocerium officii, qui tractat bastagas"
S00840,S00001,1,chapter,852,XII
S00841,S00840,2,title,852,Insignia viri illustris comitis privatarum
S00842,S00840,2,block,854,Sub dispositione viri illustris comitis rerum privatarum:
S00843,S00842,3,entry,855,Comes largitionum privatarum.
S00844,S00842,3,entry,856,Comes Gildoniaci patrimonii.
S00845,S00842,3,entry,857,Rationalis rerum privatarum per Illyricum.
S00846,S00842,3,entry,858,Rationalis rerum privatarum per Italiam.
S00847,S00842,3,entry,859,Rationalis rei privatae per Italiam.
S00848,S00842,3,entry,860,Rationalis rei privatae per urbem Romam et suburbicarias regiones cum parte Faustinae.
S00849,S00842,3,entry,861,Rationalis rei privatae per Siciliam.
S00850,S00842,3,entry,862,Rationalis rei privatae per Africam.
S00851,S00842,3,entry,863,Rationalis rei privatae per Hispanias.
S00852,S00842,3,entry,864,Rationalis rei privatae per Gallias.
S00853,S00842,3,entry,865,Rationalis rei privatae per Quinque provincias.
S00854,S00842,3,entry,866,Rationalis rei privatae per Britannias.
S00855,S00842,3,entry,867,Rationalis rei privatae fundorum domus divinae per Africam.
S00856,S00842,3,entry,868,Procurator rei privatae per Siciliam.
S00857,S00842,3,entry,869,Procurator rei privatae per Apuliam et Calabriam siue saltus Carminianensis.
S00858,S00842,3,entry,870,Praepositus rei privatae per Sequanicum et Germaniam primam.
S00859,S00842,3,entry,871,Procurator rei privatae per Dalmatiam.
S00860,S00842,3,entry,872,Procurator rei privatae per Saviam.
S00861,S00842,3,entry,873,Procurator rei privatae per Italiam.
S00862,S00842,3,entry,874,Procurator rei privatae per urbem Romam.
S00863,S00842,3,entry,875,Procurator rei privatae per urbicarias regiones rerum Iuliani.
S00864,S00842,3,entry,876,Procurator rei privatae per Mauritaniam Sitifensem.
S00865,S00842,3,entry,877,Procurator rei privatae gynaeciorum Triberorum.
S00866,S00842,3,entry,878,Procurator gynaecei Viuarensis rei privatae Metti translata anhelat.
S00867,S00842,3,entry,879,Praepositus bastagae rei privatae Orientalis inferioris.
S00868,S00842,3,entry,880,Praepositus bastagae privatarum Galliarum.
S00869,S00840,2,block,881,Officium autem suprascripti viri illustris comitis rerum privatarum habet:
S00870,S00869,3,entry,882,Primicerium totius officii.
S00871,S00869,3,entry,883,Primiscrinium beneficiorum.
S00872,S00869,3,entry,884,Primiscrinium canonium.
S00873,S00869,3,entry,885,Primiscrinium securitatum.
S00874,S00869,3,entry,886,"Primiscrinium largitionum privatarum, scriniarios etiam reliquos suprascriptorum scriniorum."
S00875,S00869,3,entry,887,"Secunicerium totius officii, qui tractat chartas officii, ceteros etiam palatinos"
S00876,S00001,1,chapter,889,XIII
S00877,S00876,2,title,889,Comes domesticorum equitum.ÝÝ |ÝÝÝ Comes domesticorum peditum
S00878,S00876,2,block,891,Sub dispositione uirorum illustrium comitum domesticorum equtum et
S00879,S00876,2,heading,892,peditum:
S00880,S00878,3,entry,893,Domestici equtes.
S00881,S00878,3,entry,894,Domestici pedites.
S00882,S00878,3,entry,895,Deputati eorum
S00883,S00001,1,chapter,897,XIV
S00884,S00883,2,title,897,[Deest]
S00885,S00883,2,block,899,Sub dispositione viri spectabilis primicerii sacri cubiculi: [deest]
S00886,S00001,1,chapter,901,XV
S00887,S00886,2,title,901,Castrensis sacri palatii
S00888,S00886,2,block,903,Sub dispositione viri spectabilis castrensis:
S00889,S00888,3,entry,904,Paedagogia.
S00890,S00888,3,entry,905,Ministeriales domini.
S00891,S00888,3,entry,906,Curae palatiorum.
S00892,S00886,2,block,907,Officium autem viri spectabilis castrensis habet:
S00893,S00892,3,entry,908,Tabularium domini.
S00894,S00892,3,entry,909,Tabularium dominae Augustae.
S00895,S00892,3,entry,910,Adiutorem.
S00896,S00892,3,entry,911,"Chartularium et scrinium ipsius, et ceteros palatinos officiorum"
S00897,S00001,1,chapter,913,XVI
S00898,S00897,2,title,913,Primicerius notariorum
S00899,S00897,2,block,915,Sub cura viri spectabilis primicerii notariorum:
S00900,S00899,3,entry,916,Notitia omnium dignitatum et amministrationum tam civilium quam militarium.
S00901,S00897,2,block,917,Officium autem non habet sed adiutores
S00902,S00001,1,chapter,919,XVII
S00903,S00902,2,title,919,Magistri scriniorum. Memoriae.ÝÝ Epistolarum.ÝÝ Libellorum
S00904,S00902,2,entry,921,"Magister memoriae annotationes omnes dictat, et emittit; respondet tamen et precibus."
S00905,S00902,2,entry,922,Magister epistolarum legationes civitatum et consultationes et preces tractat.
S00906,S00902,2,entry,923,Magister libellorum cognitiones et preces tractat
S00907,S00001,1,chapter,925,XVIII
S00908,S00907,2,title,925,Proconsul Africae
S00909,S00907,2,block,927,Sub dispositione viri spectabilis proconsulis Africae:
S00910,S00909,3,entry,928,Provincia proconsularis et legati eius duo.
S00911,S00907,2,block,929,Officium autem habet ita:
S00912,S00911,3,entry,930,Principem de scola agentum in rebus ducenarium.
S00913,S00911,3,entry,931,Cornicularium.
S00914,S00911,3,entry,932,Numerarios duos.
S00915,S00911,3,entry,933,Primiscrinium.
S00916,S00911,3,entry,934,Commentariensem.
S00917,S00911,3,entry,935,Adiutorem.
S00918,S00911,3,entry,936,Ab actis.
S00919,S00911,3,entry,937,Subadiuuas.
S00920,S00911,3,entry,938,Exceptores.
S00921,S00911,3,entry,939,Singulares et reliquum officium
S00922,S00001,1,chapter,941,XIX
S00923,S00922,2,title,941,Sub dispositione viri spectabilis vicarii urbis Romae provinciae infrascriptae:
S00924,S00922,2,heading,943,Consulares:
S00925,S00924,3,entry,944,Campaniae.
S00926,S00924,3,entry,945,Tusciae et umbriae.
S00927,S00924,3,entry,946,Piceni suburbicarii.
S00928,S00924,3,entry,947,Siciliae.
S00929,S00922,2,heading,948,Correctores:
S00930,S00929,3,entry,949,Apuliae et Calabriae.
S00931,S00929,3,entry,950,Bruttiorum et Lucaniae.
S00932,S00922,2,heading,951,Praesides:
S00933,S00932,3,entry,952,Samnii.
S00934,S00932,3,entry,953,Saradiniae.
S00935,S00932,3,entry,954,Corsicae.
S00936,S00932,3,entry,955,Valeriae.
S00937,S00922,2,block,956,Officium autem supradictus uir spectabilis vicarius habet ita:
S00938,S00937,3,entry,957,Principem de scola agentum in rebus ducenarium.
S00939,S00937,3,entry,958,Cornicularium.
S00940,S00937,3,entry,959,Numerarios duos.
S00941,S00937,3,entry,960,Commentariensem.
S00942,S00937,3,entry,961,Adiutorem.
S00943,S00937,3,entry,962,Ab actis.
S00944,S00937,3,entry,963,Cura epistolarum.
S00945,S00937,3,entry,964,Subadiuuas.
S00946,S00937,3,entry,965,Exceptores.
S00947,S00937,3,entry,966,Singulares et reliquos officiales
S00948,S00001,1,chapter,968,XX
S00949,S00948,2,title,968,Vicarius Africae
S00950,S00948,2,block,970,Sub dispositione viri spectabilis vicarii Africae:
S00951,S00948,2,heading,971,Consulares:
S00952,S00951,3,entry,972,Byzacii.
S00953,S00951,3,entry,973,Numidiae.
S00954,S00948,2,heading,974,Praesides:
S00955,S00954,3,entry,975,Tripolitanae.
S00956,S00954,3,entry,976,Mauritaniae Sitifensis.
S00957,S00954,3,entry,977,Mauritaniae Caesariensis.
S00958,S00948,2,block,978,Officium autem habet idem uir spectabilis vicarius hoc modo:
S00959,S00958,3,entry,979,Principem de scola agentum in rebus ducenarium.
S00960,S00958,3,entry,980,Cornicularium.
S00961,S00958,3,entry,981,Numerarios duos.
S00962,S00958,3,entry,982,Commentariensem.
S00963,S00958,3,entry,983,Adiutorem.
S00964,S00958,3,entry,984,Cura epistolarum.
S00965,S00958,3,entry,985,Ab actis.
S00966,S00958,3,entry,986,Subadiuuas.
S00967,S00958,3,entry,987,Exceptores.
S00968,S00958,3,entry,988,Singulares et reliquos officiales
S00969,S00001,1,chapter,990,XXI
S00970,S00969,2,title,990,Vicarius Hispaniae
S00971,S00969,2,block,992,Sub dispositione viri spectabilis vicarii Hispaniarum:
S00972,S00969,2,heading,993,Consulares:
S00973,S00972,3,entry,994,Baeticae.
S00974,S00972,3,entry,995,Lusitaniae.
S00975,S00972,3,entry,996,Callaeciae.
S00976,S00969,2,heading,997,Praesides:
S00977,S00976,3,entry,998,Tarraconensis.
S00978,S00976,3,entry,999,Carthaginensis.
S00979,S00976,3,entry,1000,Tingitaniae.
S00980,S00976,3,entry,1001,Insularum Balearum.
S00981,S00969,2,block,1002,Officium autem habet idem uir spectabilis vicarius hoc modo:
S00982,S00981,3,entry,1003,Principem de scola agentum in rebus exducenariis.
S00983,S00981,3,entry,1004,Cornicularium.
S00984,S00981,3,entry,1005,Numerarios duos.
S00985,S00981,3,entry,1006,Commentariensem.
S00986,S00981,3,entry,1007,Adiutorem.
S00987,S00981,3,entry,1008,Ab actis.
S00988,S00981,3,entry,1009,Cura epistolarum.
S00989,S00981,3,entry,1010,Subadiuuas.
S00990,S00981,3,entry,1011,Exceptores.
S00991,S00981,3,entry,1012,Singulares et reliquum officium
S00992,S00001,1,chapter,1014,XXII
S00993,S00992,2,title,1014,Vicarius Septem provinciarum
S00994,S00992,2,block,1016,Sub dispositione viri spectabilis vicarii Septem provinciarum:
S00995,S00992,2,heading,1017,Consulares:
S00996,S00995,3,entry,1018,Viennensis.
S00997,S00995,3,entry,1019,Lugdunensis.
S00998,S00995,3,entry,1020,Germaniae primae.
S00999,S00995,3,entry,1021,Germanae secundae.
S01000,S00995,3,entry,1022,Belgicae primae.
S01001,S00995,3,entry,1023,Belgicae secundae.
S01002,S00992,2,heading,1024,Praesides:
S01003,S01002,3,entry,1025,Alpium maritimarum.
S01004,S01002,3,entry,1026,Alpium Poeninarum et Graiarum.
S01005,S01002,3,entry,1027,Maximae Sequanorum.
S01006,S01002,3,entry,1028,Aquitanicae primae.
S01007,S01002,3,entry,1029,Aquitanicae secundae.
S01008,S01002,3,entry,1030,Novempopulanae.
S01009,S01002,3,entry,1031,Narbonensis primae.
S01010,S01002,3,entry,1032,Narbonensis secundae.
S01011,S01002,3,entry,1033,Lugdunensis secundae.
S01012,S01002,3,entry,1034,Lugdunensis tertiae.
S01013,S01002,3,entry,1035,Lugdunensis Senoniae.
S01014,S00992,2,block,1036,Officium autem habet idem uir spectabilis vicarius hoc modo:
S01015,S01014,3,entry,1037,Principem de scola agentum in rebus exducenariis.
S01016,S01014,3,entry,1038,Cornicularium.
S01017,S01014,3,entry,1039,Numerarios duos.
S01018,S01014,3,entry,1040,Commentariensem.
S01019,S01014,3,entry,1041,Ab actis.
S01020,S01014,3,entry,1042,Cura epistolarum.
S01021,S01014,3,entry,1043,Adiutorem.
S01022,S01014,3,entry,1044,Subadiuuas.
S01023,S01014,3,entry,1045,Exceptores.
S01024,S01014,3,entry,1046,Singulares et reliquos officiales
S01025,S00001,1,chapter,1048,XXIII
S01026,S01025,2,title,1048,Vicarius Britanniarum
S01027,S01025,2,block,1050,Sub dispositione viri spectabilis vicarii Britanniarum:
S01028,S01025,2,heading,1051,Consulares:
S01029,S01028,3,entry,1052,Maximae Caesariensis.
S01030,S01028,3,entry,1053,Valentiae.
S01031,S01025,2,heading,1054,Praesides:
S01032,S01031,3,entry,1055,Britanniae primae.
S01033,S01031,3,entry,1056,Britanniae secundae.
S01034,S01031,3,entry,1057,Flaviae Caesariensis.
S01035,S01025,2,block,1058,Officium autem habet idem uir spectebilis vicarius hoc modo:
S01036,S01035,3,entry,1059,Principem de scola agentum in rebus exducenariis.
S01037,S01035,3,entry,1060,Cornicularium.
S01038,S01035,3,entry,1061,Numerarios duos.
S01039,S01035,3,entry,1062,Commentariensem.
S01040,S01035,3,entry,1063,Ab actis.
S01041,S01035,3,entry,1064,Cura epistolarum.
S01042,S01035,3,entry,1065,Adiutorem.
S01043,S01035,3,entry,1066,Subadiuuas.
S01044,S01035,3,entry,1067,Exceptores.
S01045,S01035,3,entry,1068,Singulares et reliquos officiales
S01046,S00001,1,chapter,1070,XXIV
S01047,S01046,2,title,1070,Comes Italiae
S01048,S01046,2,block,1072,Sub dispositione viri spectabilis comitis Italiae:
S01049,S01048,3,entry,1073,Tractus Italiae circa Alpes
S01050,S00001,1,chapter,1075,XXV
S01051,S01050,2,title,1075,Comes Africae
S01052,S01050,2,block,1077,Sub dispositione viri spectabilis comitis Africae:
S01053,S01050,2,heading,1078,Limitanei:
S01054,S01053,3,entry,1079,Praepositus limitis Thamallensis.
S01055,S01053,3,entry,1080,Praepositus limitis Montensis in castris Leptitanis.
S01056,S01053,3,entry,1081,Praepositus limitis Bazensis.
S01057,S01053,3,entry,1082,Praepositus limitis Gemellensis.
S01058,S01053,3,entry,1083,Praepositus limitis Tubuniensis.
S01059,S01053,3,entry,1084,Praepositus limitis Zabensis.
S01060,S01053,3,entry,1085,Praepositus limitis Tubusubditani.
S01061,S01053,3,entry,1086,Praepositus limitis Thamallomensis.
S01062,S01053,3,entry,1087,Praepositus limitis Balaretensis.
S01063,S01053,3,entry,1088,Praepositus limitis Columnatensis.
S01064,S01053,3,entry,1089,Praepositus limitis Tablatensis.
S01065,S01053,3,entry,1090,Praepositus limitis Caputcellensis.
S01066,S01053,3,entry,1091,Praepositus limitis Secundaeforum in castris Tillibanensibus.
S01067,S01053,3,entry,1092,Praepositus limitis Taugensis.
S01068,S01053,3,entry,1093,Praepositus limitis Bidensis.
S01069,S01053,3,entry,1094,Praepositus limitis Badensis.
S01070,S01050,2,block,1095,Officium autem habet idem uir spectabilis comes hoc modo:
S01071,S01070,3,entry,1096,"Principem ex officiis magistrorum militum praesentalium, uno anno a parte peditum, alio a parte equitum."
S01072,S01070,3,entry,1097,Cornicularium.
S01073,S01070,3,entry,1098,Adiutorem.
S01074,S01070,3,entry,1099,Commentariensem ex officiis magistrorum militum praesentalium alternis annis.
S01075,S01070,3,entry,1100,Numerarios duos ex utrisque officiis magistrorum militum praesentalium singulos.
S01076,S01070,3,entry,1101,Subadiuuam.
S01077,S01070,3,entry,1102,Regrendarium.
S01078,S01070,3,entry,1103,Exceptores.
S01079,S01070,3,entry,1104,Singulares et reliquos officiales
S01080,S00001,1,chapter,1106,XXVI
S01081,S01080,2,title,1106,Comes Tingitaniae
S01082,S01080,2,block,1108,Sub dispositione viri spectabilis comitis Tingitaniae:
S01083,S01080,2,heading,1109,Limitanei:
S01084,S01083,3,entry,1110,"Praefectus alae Herculeae, Tamuco."
S01085,S01083,3,entry,1111,"Tribunus cohortis secundae Hispanorum, Duga."
S01086,S01083,3,entry,1112,"Tribunus cohortis primae Herculeae, Aulucos."
S01087,S01083,3,entry,1113,"Tribunus cohortis primae Ityraeorum, Castrabarensis."
S01088,S01083,3,entry,1114,"Tribunus cohortis ........, Sala."
S01089,S01083,3,entry,1115,"Tribunus cohortis Pacatianensis, Pacatiana."
S01090,S01083,3,entry,1116,"Tribunus cohortis tertiae Asturum, Tabernas."
S01091,S01083,3,entry,1117,"Tribunus cohortis Friglensis, Friglas."
S01092,S01080,2,block,1118,Officium autem habet idem iur spectabilis comes hoc modo:
S01093,S01092,3,entry,1119,"Principem ex officiis magistrorum militum praesentalium, uno anno a parte peditum, alio anno a parte equitum."
S01094,S01092,3,entry,1120,Commentariensem ut supra.
S01095,S01092,3,entry,1121,"Numerarios duos, singulos ex officiis supradictis."
S01096,S01092,3,entry,1122,Cornicularium.
S01097,S01092,3,entry,1123,Adiutorem.
S01098,S01092,3,entry,1124,Subadiuuam.
S01099,S01092,3,entry,1125,Regrendarium.
S01100,S01092,3,entry,1126,Exceptores.
S01101,S01092,3,entry,1127,Singulares et reliquos officiales
S01102,S00001,1,chapter,1129,XXVII
S01103,S01102,2,title,1129,Comes Argentoratensis
S01104,S01102,2,block,1131,Sub dispositione viri spectabilis comitis Argentoratensis:
S01105,S01104,3,entry,1132,Tractus Argentoratensis
S01106,S00001,1,chapter,1134,XXVIII
S01107,S01106,2,title,1134,Comes litoris Saxonici per Britanniam
S01108,S01106,2,block,1136,Sub dispositione viri spectabilis comitis litoris Saxonici per Britanniam:
S01109,S01108,3,entry,1137,"Praepositus numeri Fortensium, Othonae."
S01110,S01108,3,entry,1138,"Praepositus militum Tungrecanorum, Dubris."
S01111,S01108,3,entry,1139,"Praepositus numeri Turnacensium, Lemannis."
S01112,S01108,3,entry,1140,"Praepositus equitum Dalmatarum Branodunensium, Branoduno."
S01113,S01108,3,entry,1141,"Praepositus equitum stablesianorum Gariannonensium, Gariannonor."
S01114,S01108,3,entry,1142,"Tribunus cohortis primae Baetasiorum, Regulbio."
S01115,S01108,3,entry,1143,"Praefectus legionis secundae Augustae, Rutupis."
S01116,S01108,3,entry,1144,"Praepositus numeri Abulcorum, Anderidos."
S01117,S01108,3,entry,1145,"Praepositus numeri exploratorum, Portum Adurni."
S01118,S01106,2,block,1146,Officium autem habet idem uir spectabilis comes hoc modo:
S01119,S01118,3,entry,1147,Principem ex officiis magistrorum militum praesentalium parte peditum.
S01120,S01118,3,entry,1148,Numerarios duos ut supra ex officio supradicto.
S01121,S01118,3,entry,1149,Cornicularium.
S01122,S01118,3,entry,1150,Adiutorem.
S01123,S01118,3,entry,1151,Subadiuuam.
S01124,S01118,3,entry,1152,Regrendarium.
S01125,S01118,3,entry,1153,Exceptores.
S01126,S01118,3,entry,1154,Singulares et reliquos officiales
S01127,S00001,1,chapter,1156,XXIX
S01128,S01127,2,title,1156,Comes Britanniae
S01129,S01127,2,block,1158,Sub dispositione viri spectabilis comitis Britanniarum:
S01130,S01129,3,entry,1159,Provincia Britannia.
S01131,S01127,2,block,1160,Officium autem habet idem uir spectabilis comes hoc modo:
S01132,S01131,3,entry,1161,Principem ex officiis magistrorum militum praesentalium alternis annis.
S01133,S01131,3,entry,1162,Commentariensem ut supra.
S01134,S01131,3,entry,1163,"Numerarios duos, singulos ex utrisque officiis suprascriptis."
S01135,S01131,3,entry,1164,Adiutorem.
S01136,S01131,3,entry,1165,Subadiuuam.
S01137,S01131,3,entry,1166,Regrendarium.
S01138,S01131,3,entry,1167,Exceptores.
S01139,S01131,3,entry,1168,Singulares et reliquos officiales
S01140,S00001,1,chapter,1170,XXX
S01141,S01140,2,title,1170,Dux et praeses provinciae Mauritaniae
S01142,S01140,2,block,1172,Sub dispositione viri spectabilis ducis et praesidis provinciae Mauritaniae et Caesariensis:
S01143,S01142,3,entry,1173,Praepositus limitis Columnatensis.
S01144,S01142,3,entry,1174,Praepositus limitis Vidensis.
S01145,S01142,3,entry,1175,Praepositus limitis inferioris.
S01146,S01142,3,entry,1176,Praepositus limitis Fortensis.
S01147,S01142,3,entry,1177,Praepositus limitis Muticitani.
S01148,S01142,3,entry,1178,Praepositus limitis Audiensis.
S01149,S01142,3,entry,1179,Praepositus limitis Caputcellensis.
S01150,S01142,3,entry,1180,Praepositus limitis Augustensis.
S01151,S01140,2,block,1181,Officium autem habet idem uir spectabilis dux et praeses hoc modo:
S01152,S01151,3,entry,1182,Principem ex officiis magistrorum militum praesentalium alternis annis.
S01153,S01151,3,entry,1183,"Numerarios duos, singulos ex officiis suprascriptis."
S01154,S01151,3,entry,1184,Commentariensem ex officiis suprascriptis alternis annis.
S01155,S01151,3,entry,1185,Cornicularium.
S01156,S01151,3,entry,1186,Adiutorem.
S01157,S01151,3,entry,1187,Subadiuuam.
S01158,S01151,3,entry,1188,Regrendarium.
S01159,S01151,3,entry,1189,Exceptores.
S01160,S01151,3,entry,1190,Singulares et reliquos officiales
S01161,S00001,1,chapter,1192,XXI
S01162,S01161,2,title,1192,Dux provinciae Tripolitanae
S01163,S01161,2,block,1194,Sub dispositione viri spectabilis ducis provinciae Tripolitanae:
S01164,S01163,3,entry,1195,Praepositus limitis Talalatensis.
S01165,S01163,3,entry,1196,Praepositus limitis Tenthettani.
S01166,S01163,3,entry,1197,Praepositus limitis Bizerentane.
S01167,S01163,3,entry,1198,Praepositus limitis Tillibarensis.
S01168,S01163,3,entry,1199,Praepositus limitis Madensis.
S01169,S01163,3,entry,1200,Praepositus limitis Maccomadensis.
S01170,S01163,3,entry,1201,Praepositus limitis Tintiberitani.
S01171,S01163,3,entry,1202,Praepositus limitis Bubensis.
S01172,S01163,3,entry,1203,Praepositus limitis Mamucensis.
S01173,S01163,3,entry,1204,Praepositus limitis Balensis.
S01174,S01163,3,entry,1205,Praepositus limitis Varensis.
S01175,S01163,3,entry,1206,Milites Fortenses in castris Leptitanis.
S01176,S01163,3,entry,1207,Milites Munifices in castris Madensibus.
S01177,S01163,3,entry,1208,Praepositus limitis Sarcitani.
S01178,S01161,2,block,1209,Officium autem habet idem uir spectabilis dux hoc modo:
S01179,S01178,3,entry,1210,Principem ex officiis magistrorum militum praesentalium alternis annis.
S01180,S01178,3,entry,1211,Numerarios utrosque.
S01181,S01178,3,entry,1212,Commentariensem utrumque.
S01182,S01178,3,entry,1213,Cornicularium.
S01183,S01178,3,entry,1214,Adiutorem.
S01184,S01178,3,entry,1215,Subadiuuam.
S01185,S01178,3,entry,1216,Regrendarium.
S01186,S01178,3,entry,1217,Exceptores.
S01187,S01178,3,entry,1218,Singulares et reliquos officiales
S01188,S00001,1,chapter,1220,XXXII
S01189,S01188,2,title,1220,Dux Pannoniae
S01190,S01188,2,block,1222,Sub dispositione viri spectabilis ducis provinciae Pannoniae secundae ripariensis et Saviae:
S01191,S01190,3,entry,1223,"Cuneus equitum scutariorum, Cornacii."
S01192,S01190,3,entry,1224,"Cuneus equitum Dalmatarum, Teutiborgio."
S01193,S01190,3,entry,1225,"Cuneus equitum Constantianorum, Burgenas."
S01194,S01190,3,entry,1226,"Cuneus equitum promotorum, Cuccis."
S01195,S01190,3,entry,1227,"Cuneus equitum constantium, Aciminci."
S01196,S01190,3,entry,1228,"Cuneus equitum Italicianorum, Secundarum."
S01197,S01190,3,entry,1229,"Equites Dalmatae, Novas."
S01198,S01190,3,entry,1230,"Equites Dalmatae, Albano."
S01199,S01190,3,entry,1231,"Equites promoti, Teutibarcio."
S01200,S01190,3,entry,1232,"Equites Dalmatae, Cornaco."
S01201,S01190,3,entry,1233,"Equites sagittarii, Cuccis."
S01202,S01190,3,entry,1234,"Equites Dalmatae, Bonoriae."
S01203,S01190,3,entry,1235,"Equites Dalmatae, Cusi."
S01204,S01190,3,entry,1236,"Equites sagittarii, Acimirci."
S01205,S01190,3,entry,1237,"Equites Dalmatae, Ricti."
S01206,S01190,3,entry,1238,"Equites Dalmatae, Burgentas."
S01207,S01190,3,entry,1239,"Equites promoti, Tauruno."
S01208,S01188,2,heading,1240,"Auxilia Herculensia, ad Herculem."
S01209,S01188,2,heading,1241,"Auxilia Novensia, Arsaciana siue Novas."
S01210,S01188,2,heading,1242,"Auxilia Augustensia, contra Bononiam in barbarico in castello Onagrino."
S01211,S01188,2,heading,1243,"Auxilia Praesidentia, in castris Herculis."
S01212,S01188,2,heading,1244,"Auxilia ascarii, Tauruno siue Marsonia."
S01213,S01212,3,entry,1245,"Praefectus legionis quintae Ioviae cohortis quintae partis superioris, Bononiae."
S01214,S01212,3,entry,1246,Praefectus legionis sextae Herculeae cohortis quintae partis superioris Aureo monte.
S01215,S01212,3,entry,1247,"Praefectus legionis quintae Ioviae, Burgenas."
S01216,S01212,3,entry,1248,"Praefectus legionis sextae Herculeae, Teutiborgio."
S01217,S01212,3,entry,1249,"Praefectus legionis quintae Ioviae et sextae Herculeae, in castello Onagrino."
S01218,S01212,3,entry,1250,"Praefectus militum Calcariensium, Sirmi."
S01219,S01212,3,entry,1251,"Praefectus classis primae Flaviae Augustae, Sirmi."
S01220,S01212,3,entry,1252,"Praefectus classis secundae Flaviae, Graio."
S01221,S01212,3,entry,1253,"Praefectus classis Histricae, Mursae."
S01222,S01212,3,entry,1254,"Tribunus cohortis tertiae Alpinorum Dardanorum, ....."
S01223,S01212,3,entry,1255,"Ala Sirmensis, Sirmi"
S01224,S01212,3,entry,1256,"Praefectus classis primae Pannonicae, Seruitii."
S01225,S01212,3,entry,1257,"Praefectus classis Aegetensium siue secundae Pannonicae, ..... nunc Sisciae."
S01226,S01212,3,entry,1258,"Tribunus cohortis tertiae Alpinorum, Sisciae."
S01227,S01212,3,entry,1259,"Tribunus cohortis primae Ioviae, Leonatae."
S01228,S01212,3,entry,1260,"Tribunus cohortis primae Thracum civium Romanorum, Caput Basensis."
S01229,S01188,2,block,1261,Officium autem habet idem uir spectabilis dux hoc modo:
S01230,S01229,3,entry,1262,Principem de eodem officio.
S01231,S01229,3,entry,1263,Numerarium.
S01232,S01229,3,entry,1264,Adiutorem.
S01233,S01229,3,entry,1265,Commentariensem.
S01234,S01229,3,entry,1266,Subadiuuam.
S01235,S01229,3,entry,1267,Regrendarium.
S01236,S01229,3,entry,1268,Exceptores.
S01237,S01229,3,entry,1269,Singulares et reliquos officiales
S01238,S00001,1,chapter,1271,XXXIII
S01239,S01238,2,title,1271,Dux provinciae Valeriae
S01240,S01238,2,block,1273,Sub dispositione viri spectabilis ducis provinciae Valeriae ripensis:
S01241,S01240,3,entry,1274,"Cuneus equitum scutatorum, Solue."
S01242,S01240,3,entry,1275,"Cuneus equitum Dalmatarum, Intercisa."
S01243,S01240,3,entry,1276,"Cuneus equitum Constantianorum, Lusionio, nune Intercisa."
S01244,S01240,3,entry,1277,"Cuneus equitum stablesianorum, Ripa Alta, nune Conradcuha."
S01245,S01240,3,entry,1278,"Cuneus equitum Fortensium, Altino."
S01246,S01240,3,entry,1279,"Equites Dalmatae, Odiabo."
S01247,S01240,3,entry,1280,"Equites promoti, Crumero."
S01248,S01240,3,entry,1281,"Equites Mauri, Solua."
S01249,S01240,3,entry,1282,"Equites Dalmatae, Ad Herculem."
S01250,S01240,3,entry,1283,"Equites Dalmatae, Cirpi."
S01251,S01240,3,entry,1284,"Equites Dalmatae, Constantiae."
S01252,S01240,3,entry,1285,"Equites Dalmatae, Campona."
S01253,S01240,3,entry,1286,"Equites promoti, Matrice."
S01254,S01240,3,entry,1287,"Equites Dalmatae, Vetusalinae."
S01255,S01240,3,entry,1288,"Equites sagittarii, Intercisa."
S01256,S01240,3,entry,1289,"Equites Dalmatae, Adnamantia."
S01257,S01240,3,entry,1290,"Equites Dalmatae, Lussonio."
S01258,S01240,3,entry,1291,"Equites Dalmatae, Ripa Alta."
S01259,S01240,3,entry,1292,"Equites Dalmatae, Ad Statuas."
S01260,S01240,3,entry,1293,"Equites Dalmatae, Florentiae."
S01261,S01240,3,entry,1294,"Equites sagittarii, Altino, nune in burgo contra Florentiam."
S01262,S01240,3,entry,1295,"Equites Flavianenses, Ad Militare."
S01263,S01238,2,heading,1296,"Auxilia Herculensia, Ad Herculem."
S01264,S01238,2,heading,1297,"Auxilia Ursarensia, Pone Navata, nune Ad Statuas."
S01265,S01238,2,heading,1298,"Auxilia vigilum, contra Acinco in barbarico."
S01266,S01238,2,heading,1299,"Auxilia Fortensia, Cirpe."
S01267,S01238,2,heading,1300,"Auxilia insidiatorum, Cardabiaca."
S01268,S01267,3,entry,1301,"Praefectus legionis primae adiutricis cohortis quintae partis superioris, Bregtione."
S01269,S01267,3,entry,1302,"Praefectus legionis secundae adiutricis cohortis quintae partis superioris, Aliscae."
S01270,S01267,3,entry,1303,"Praefectus legionis secundae adiutricis partis inferioris, Florentiae."
S01271,S01267,3,entry,1304,"Praefectus legionis secundae adiutricis partis superioris, Acinco."
S01272,S01267,3,entry,1305,"Praefectus legionis secundae adiutricis, in castello contra Tautantum."
S01273,S01267,3,entry,1306,"Praefectus legionis secundae adiutricis, Cirpi."
S01274,S01267,3,entry,1307,"Praefectus legionis secundae adiutricis, Lussonio."
S01275,S01267,3,entry,1308,"Praefectus classis Histricae, Florentiae."
S01276,S01267,3,entry,1309,"Tribunus cohortis, Vincentiae."
S01277,S01267,3,entry,1310,"Tribunus cohortis, quadriborgio."
S01278,S01267,3,entry,1311,"Tribunus cohortis, Iovia."
S01279,S01267,3,entry,1312,"Tribunus cohortis, ad burgum Centenarium."
S01280,S01267,3,entry,1313,"Tribunus cohortis, Alesacae."
S01281,S01267,3,entry,1314,"Tribunus cohortis, Marinanae."
S01282,S01267,3,entry,1315,"Praefectus legionis, Transiacinco."
S01283,S01238,2,block,1316,Officium autem habet idem uir spectabilis dux hoc modo:
S01284,S01283,3,entry,1317,Principem de eodem corpore.
S01285,S01283,3,entry,1318,Numerarium.
S01286,S01283,3,entry,1319,Commentariensem.
S01287,S01283,3,entry,1320,Adiutorem.
S01288,S01283,3,entry,1321,Subadiuuam.
S01289,S01283,3,entry,1322,Regrendarium.
S01290,S01283,3,entry,1323,Exceptores.
S01291,S01283,3,entry,1324,Singulares et reliquos officiales
S01292,S00001,1,chapter,1326,XXXIV
S01293,S01292,2,title,1326,Dux Pannoniae primae
S01294,S01292,2,block,1328,Sub dispositione viri spectabilis ducis Pannoniae et Norici ripensis:
S01295,S01294,3,entry,1329,"Cuneus equitum Dalmatarum, Flexo."
S01296,S01294,3,entry,1330,"Cuneus equitum stablesianorum, Arrabonae."
S01297,S01294,3,entry,1331,"Equites promoti, Arrabonae."
S01298,S01294,3,entry,1332,"Equites sagittarii, Quadriburgio."
S01299,S01294,3,entry,1333,"Equites Dalmatae, Ala Nova."
S01300,S01294,3,entry,1334,"Equites Dalmatae, Aequinoctoiae."
S01301,S01294,3,entry,1335,"Equites Dalmatae, Ad Herculem."
S01302,S01294,3,entry,1336,"Equites sagittarii, Gerolate."
S01303,S01294,3,entry,1337,"Equites promoti, Flexo."
S01304,S01294,3,entry,1338,"Equites Mauri, Quadrato."
S01305,S01294,3,entry,1339,Tribunus gentis Marcomannorum.
S01306,S01294,3,entry,1340,"Praefectus legionis decimae geminae, Vindomarae."
S01307,S01294,3,entry,1341,"Praefectus legionis quartaedecimaegeminae militum liburnariorum cohortis quintae partis superior, Carnunto."
S01308,S01294,3,entry,1342,"Praefectus legionis decimae et quartaedecimaegeminae geminarum militum liburnariorum, Arrabonae."
S01309,S01294,3,entry,1343,"Praefectus classis Histricae, Arrunto siue Vindomanae."
S01310,S01294,3,entry,1344,"Tribunus cohortis, Arrianis."
S01311,S01294,3,entry,1345,Tribunus cohortis Caratensis
S01312,S01294,3,entry,1346,"Equites promoti, Ad Mauros."
S01313,S01294,3,entry,1347,"Equites sagittarii, Lentiae."
S01314,S01294,3,entry,1348,"Equites sagittarii, Lacufelicis."
S01315,S01294,3,entry,1349,"Equites Dalmatae, Arlape."
S01316,S01294,3,entry,1350,"Equites Dalmatae, Augustianis."
S01317,S01294,3,entry,1351,"Equites promoti, Comagenis."
S01318,S01294,3,entry,1352,"Praefectus legionis secundae Italicae militum liburnariorum, Ioviaco."
S01319,S01294,3,entry,1353,"Praefectus legionis secundae Italicae partis inferioris, Lentiae."
S01320,S01294,3,entry,1354,"Praefectus legionis secundae Italicae , Lauriaco."
S01321,S01294,3,entry,1355,"Praefectus legionis primae Noricorum militum liburnariorum cohortis Quintae partis superioris, Adiuuense."
S01322,S01294,3,entry,1356,"Praefectus legionis liburnariorum primorum Noricorum, Fafianae."
S01323,S01294,3,entry,1357,Praefectus classis Arlapensis et Maginensis.
S01324,S01294,3,entry,1358,Praefectus classis Lauriacensis.
S01325,S01294,3,entry,1359,"Tribunus cohortis, Boiodoro."
S01326,S01294,3,entry,1360,"Tribunus cohortis, Austuris."
S01327,S01294,3,entry,1361,"Tribunus cohortis, Cannabiaca."
S01328,S01292,2,block,1362,Officium autem habet idem uir spectabilis dux hoc modo:
S01329,S01328,3,entry,1363,Principem de eodem corpore.
S01330,S01328,3,entry,1364,Numerarium.
S01331,S01328,3,entry,1365,Commentariensem.
S01332,S01328,3,entry,1366,Adiutorem.
S01333,S01328,3,entry,1367,Subadiuuam.
S01334,S01328,3,entry,1368,Regrendarium.
S01335,S01328,3,entry,1369,Exceptores.
S01336,S01328,3,entry,1370,Singulares et reliquos officiales
S01337,S00001,1,chapter,1372,XXXV
S01338,S01337,2,title,1372,Dux Raetiae
S01339,S01337,2,block,1374,Sub dispositione viri spectabilis ducis provinciae Raetiae primae et secundae:
S01340,S01339,3,entry,1375,"Equites stablesiani seniores, Augustanis."
S01341,S01339,3,entry,1376,"Equites stablesiani iuniores, Ponte Aoni, nunc Febians."
S01342,S01339,3,entry,1377,"Equites stablesiani iuniores, Submuntorio."
S01343,S01339,3,entry,1378,"Praefectus legionis tertiae Italicae partis superioris, Castra Regina, nunc Vallato."
S01344,S01339,3,entry,1379,"Praefectus legionis tertiae Italicae partis superioris deputatae ripae primae, Submuntorio."
S01345,S01339,3,entry,1380,"Praefectus legionis tertiae Italicae pro parte media praetendentis a Vimania Cassiliacum usque, Cambidano."
S01346,S01339,3,entry,1381,"Praefectus militum Ursariensium, Guntiae."
S01347,S01339,3,entry,1382,"Praefectus legionis tertiae Italicae transvectioni specierum deputatae, Foetibus."
S01348,S01339,3,entry,1383,"Praefectus legionis tertiae Italicae transvectioni specierum deputatae, Teriolis."
S01349,S01339,3,entry,1384,"Praefectus alae primae Flaviae Raetorum, Quintanis."
S01350,S01339,3,entry,1385,"Tribunus cohortis novae Batavorum, Batavis."
S01351,S01339,3,entry,1386,"Tribunus cohortis tertiae Brittorum, Abusina."
S01352,S01339,3,entry,1387,"Praefectus alae secundae Valeriae singularis, Vallatio."
S01353,S01339,3,entry,1388,"Tribunus cohortis sextae Valeriaae Raetorum, Venaxamodorum."
S01354,S01339,3,entry,1389,"Tribunus cohortis primae Herculeae Raetorum, Parroduno."
S01355,S01339,3,entry,1390,"Tribunus cohortis quintae Valeriae Frygum, Pinianis."
S01356,S01339,3,entry,1391,"Tribunus cohortis tertiae Herculeae Pannoniorum, Caelio."
S01357,S01339,3,entry,1392,"Tribunus gentis per Raetias deputatae, Teriolis."
S01358,S01339,3,entry,1393,"Praefectus numeri barbaricariorum, Confluentibus siue Brecantia."
S01359,S01339,3,entry,1394,"Praefectus alae secundae Valeriae Sequanorum, Vimania."
S01360,S01339,3,entry,1395,"Tribunus cohortis Herculeae Pannoniorum, Arbore."
S01361,S01337,2,block,1396,Officium autem habet idem uir spectabilis dux hoc modo:
S01362,S01361,3,entry,1397,Principem ex officiis magistrorum militum praesentalium alternis annis.
S01363,S01361,3,entry,1398,"Numerarios duos, ex utrisque officiis praesentalibus singulos."
S01364,S01361,3,entry,1399,Commentariensem ex utrisque officiis alternis annis.
S01365,S01361,3,entry,1400,Adiutorem.
S01366,S01361,3,entry,1401,Subadiuuam.
S01367,S01361,3,entry,1402,Regrendarium.
S01368,S01361,3,entry,1403,Exceptores.
S01369,S01361,3,entry,1404,Singulares et reliquos officiales
S01370,S00001,1,chapter,1406,XXXVI
S01371,S01370,2,title,1406,Dux provinciae Sequanici
S01372,S01370,2,block,1408,Sub dispositione viri spectabilis ducis provinciae Sequanici:
S01373,S01372,3,entry,1409,"Milites Latavienses, Olitione."
S01374,S01370,2,block,1410,Officium autem habet idem uir spectabilis dux hoc modo:
S01375,S01374,3,entry,1411,Principem ex officio magistri militum praesentalis aparte peditum.
S01376,S01374,3,entry,1412,Numerarium ut supra.
S01377,S01374,3,entry,1413,Commentariensem ut supra.
S01378,S01374,3,entry,1414,Adiutorem.
S01379,S01374,3,entry,1415,Subadiuuam.
S01380,S01374,3,entry,1416,Regrendarium.
S01381,S01374,3,entry,1417,Exceptores.
S01382,S01374,3,entry,1418,Singulares et reliquos officiales
S01383,S00001,1,chapter,1420,XXXVII
S01384,S01383,2,title,1420,Dux tractus Armoricani
S01385,S01383,2,block,1422,Sub dispositione viri spectabilis ducis tractus Armoricani et Neruicani:
S01386,S01385,3,entry,1423,"Tribunus cohortis primae novae Armoricanae, Grannona in litore Saxonico."
S01387,S01385,3,entry,1424,"Praefectus militum Carronensium, Blabia."
S01388,S01385,3,entry,1425,"Praefectus militum Maurorum Benetorum, Benetis."
S01389,S01385,3,entry,1426,"Praefectus militum Maurorum Osismiacorum, Osismis."
S01390,S01385,3,entry,1427,"Praefectus militum superventorum, Mannatias."
S01391,S01385,3,entry,1428,"Praefectus militum Martensium, Aleto."
S01392,S01385,3,entry,1429,"Praefectus militum primae Flaviae, Constantia."
S01393,S01385,3,entry,1430,"Praefectus militum Ursariensium, Rotomago."
S01394,S01385,3,entry,1431,"Praefectus militum Dalmatarum, Abrincatis."
S01395,S01385,3,entry,1432,"Praefectus militum Grannonensium, Grannono."
S01396,S01383,2,block,1433,Extenditur tamen tractus Armoricani et Neruicani limitis per provincias quinque:
S01397,S01385,3,entry,1434,per Aquitanicam primam
S01398,S01385,3,entry,1435,"et secundam,"
S01399,S01385,3,entry,1436,"Lugdunensem Senoniam,"
S01400,S01385,3,entry,1437,secundam
S01401,S01385,3,entry,1438,et tertiam.
S01402,S01383,2,block,1439,Officium autem habet idem uir spectabilis dux hoc modo:
S01403,S01402,3,entry,1440,Principem ex officiis magistrorum militum praesentalium alternis annis.
S01404,S01402,3,entry,1441,Numerarium a parte peditum uno anno.
S01405,S01402,3,entry,1442,Commentariensem de officiis suprascriptis alternis annis.
S01406,S01402,3,entry,1443,Adiutorem.
S01407,S01402,3,entry,1444,Subadiuuam.
S01408,S01402,3,entry,1445,Regrendarium.
S01409,S01402,3,entry,1446,Exceptores.
S01410,S01402,3,entry,1447,Singulares et reliquos officiales
S01411,S00001,1,chapter,1449,XXXVIII
S01412,S01411,2,title,1449,Dux Belgicae secundae
S01413,S01411,2,block,1451,Sub dispositione viri spectabilis ducis Balgicae secundae:
S01414,S01413,3,entry,1452,"Equites Dalmatae, Marcis in litore Saxonico."
S01415,S01413,3,entry,1453,"Praefectus classis Sambricae, in loco Quartensi siue Hornensi."
S01416,S01413,3,entry,1454,"Tribunus militum Neruiorum, Portu Epatiaci."
S01417,S01411,2,block,1455,Officium autem habet idem uir spectabilis dux hoc modo:
S01418,S01417,3,entry,1456,Principem xe eodem corpore.
S01419,S01417,3,entry,1457,Numerarium.
S01420,S01417,3,entry,1458,Commentariensem.
S01421,S01417,3,entry,1459,Adiutorem.
S01422,S01417,3,entry,1460,Subadiuuam.
S01423,S01417,3,entry,1461,Regrendarium.
S01424,S01417,3,entry,1462,Exceptores.
S01425,S01417,3,entry,1463,Singulares et reliquos officiales
S01426,S00001,1,chapter,1465,XXXIX
S01427,S01426,2,title,1465,[Dux Germaniae primae deest]
S01428,S00001,1,chapter,1467,XL
S01429,S01428,2,title,1467,Dux Britanniarum
S01430,S01428,2,block,1469,Sub dispositione viri spectabilis ducis Britanniarum:
S01431,S01430,3,entry,1470,Praefectus legionis sextae.
S01432,S01430,3,entry,1471,"Praefectus equitum Dalmatarum, Praesidio."
S01433,S01430,3,entry,1472,"Praefectus equitum Crispianorum, Dano."
S01434,S01430,3,entry,1473,"Praefectus equitum catafractariorum, Morbio."
S01435,S01430,3,entry,1474,"Praefectus numeri barcariorum Tigrisiensium, Arbeia."
S01436,S01430,3,entry,1475,"Praefectus numeri Neruiorum Dictensium, Dicti."
S01437,S01430,3,entry,1476,"Praefectus numeri vigilum, Concangios."
S01438,S01430,3,entry,1477,"Praefectus numeri exploratorum, Lavatres."
S01439,S01430,3,entry,1478,"Praefectus numeri directorum, Verteris."
S01440,S01430,3,entry,1479,"Praefectus numeri defensorum, Barboniaco."
S01441,S01430,3,entry,1480,"Praefectus numeri Solensium, Maglone."
S01442,S01430,3,entry,1481,"Praefectus numeri Pacensium, Magis."
S01443,S01430,3,entry,1482,"Praefectus numeri Longovicanorum, Longovicio."
S01444,S01430,3,entry,1483,"Praefectus numeri supervenientium Petueriensium, Deruentione."
S01445,S01428,2,block,1484,Item per lineam Valli:
S01446,S01445,3,entry,1485,"Tribunus cohortis quartae Lingonum, Segeduno."
S01447,S01445,3,entry,1486,"Tribunus cohortis primae Cornoviorum, Ponte Aeli."
S01448,S01445,3,entry,1487,"Praefectus alae primae Asturum, Conderco."
S01449,S01445,3,entry,1488,"Tribunus cohortis primae Frixagorum, Vindobala."
S01450,S01445,3,entry,1489,"Praefectus alae Sabinianae, Hunno."
S01451,S01445,3,entry,1490,"Praefectus alae secundae Asturum, Cilurno."
S01452,S01445,3,entry,1491,"Tribunus cohortis primae Batavorum, Procolitia."
S01453,S01445,3,entry,1492,"Tribunus cohortis primae Tungrorum, Borcovicio."
S01454,S01445,3,entry,1493,"Tribunus cohortis quartae Gallorum, Vindolana."
S01455,S01445,3,entry,1494,"Tribunus cohortis primae Asturum, Aesica."
S01456,S01445,3,entry,1495,"Tribunus cohortis secundae Dalmatarum, Magnis."
S01457,S01445,3,entry,1496,"Tribunus cohortis primae Aeliae Dacorum, Amboglanna."
S01458,S01445,3,entry,1497,"Praefectus alae Petrianae, Petrianis."
S01459,S01445,3,entry,1498,"........................., Luguvallii."
S01460,S01445,3,entry,1499,"Praefectus numeri Maurorum Aurelianorum, Aballaba."
S01461,S01445,3,entry,1500,"Tribunus cohortis secundae Lingonum, Congavata."
S01462,S01445,3,entry,1501,"Tribunus cohortis primae Hispanorum, Axeloduno."
S01463,S01445,3,entry,1502,"Tribunus cohortis secundae Thracum, Gabrosenti."
S01464,S01445,3,entry,1503,"Tribunus cohortis primae Aeliae classicae, Tunnocelo."
S01465,S01445,3,entry,1504,"Tribunus cohortis primae Morinorum, Glannibanta."
S01466,S01445,3,entry,1505,"Tribunus cohortis tertiae Neruiorum, Alione."
S01467,S01445,3,entry,1506,"Cuneus Sarmatarum, Bremetenraco."
S01468,S01445,3,entry,1507,"Praefectus alae primae Herculeae, Olenaco."
S01469,S01445,3,entry,1508,"Tribunus cohortis sextae Neruiorum, Virosido."
S01470,S01428,2,block,1509,Officium autem habet idem uir spectabilis dux hoc modo:
S01471,S01470,3,entry,1510,Principem ex officiis magistrorum militum praesentalium alternis annis.
S01472,S01470,3,entry,1511,Commentariensem ut supra.
S01473,S01470,3,entry,1512,Numerarios ex utrisque officiis omni anno.
S01474,S01470,3,entry,1513,Adiutorem.
S01475,S01470,3,entry,1514,Subadiuuam.
S01476,S01470,3,entry,1515,Regrendarium.
S01477,S01470,3,entry,1516,Exceptores.
S01478,S01470,3,entry,1517,Singulares et reliquos officiales
S01479,S00001,1,chapter,1519,XLI
S01480,S01479,2,title,1519,Dux Mogontiacensis
S01481,S01479,2,block,1521,Sub dispositione viri spectabilis ducis Mogonticensis:
S01482,S01481,3,entry,1522,"Praefectus militum Pacensium, Saletione."
S01483,S01481,3,entry,1523,"Praefectus militum Menapiorum, Tabernis."
S01484,S01481,3,entry,1524,"Praefectus militum Anderetianorum, Vico Iulio."
S01485,S01481,3,entry,1525,"Praefectus militum vindicum, Nemetis."
S01486,S01481,3,entry,1526,"Praefectus militum Martensium, Alta Ripa."
S01487,S01481,3,entry,1527,"Praefectus militum secundae Flaviae, Vangiones."
S01488,S01481,3,entry,1528,"Praefectus militum armigerorum, Mogontiaco."
S01489,S01481,3,entry,1529,"Praefectus militum Bingensium, Bingio."
S01490,S01481,3,entry,1530,"Praefectus militum balistariorum, Bodobrica."
S01491,S01481,3,entry,1531,"Praefectus militum defensorum, Confluentibus."
S01492,S01481,3,entry,1532,"Praefectus militum Acincensium, Antonaco."
S01493,S01479,2,block,1533,Officium autem habet idem uir spectabilis dux hoc modo:
S01494,S01493,3,entry,1534,Principem ex officiis magistrorum militum praesentalium alternis annis.
S01495,S01493,3,entry,1535,Numerarium a parte peditum semper.
S01496,S01493,3,entry,1536,Commentariensem a parte peditum semper.
S01497,S01493,3,entry,1537,Adiutorem.
S01498,S01493,3,entry,1538,Subadiuuam.
S01499,S01493,3,entry,1539,Regrendarium.
S01500,S01493,3,entry,1540,Exceptores.
S01501,S01493,3,entry,1541,Singulares et reliquos officiales
S01502,S00001,1,chapter,1543,XLII
S01503,S01502,2,title,1543,Item praepositurae magistri militum praesentalis a parte peditum
S01504,S01502,2,block,1545,In Italia:
S01505,S01502,2,block,1546,In provincia Venetia inferiore:
S01506,S01505,3,entry,1547,"Praefectus classis Venetum, Aquileiae."
S01507,S01502,2,block,1548,In provincia Flaminia:
S01508,S01507,3,entry,1549,"Praefectus militum iuniorum Italicorum, Ravennae."
S01509,S01507,3,entry,1550,"Praefectus classis Ravennatium cum curis eiusdem civitatis, Ravennae."
S01510,S01502,2,block,1551,In provincia Liguria:
S01511,S01510,3,entry,1552,"Praefectus classis Comensis cum curis eiusdem civitatis, Como."
S01512,S01502,2,block,1553,In provincia Campania:
S01513,S01512,3,entry,1554,"Praefectus classis Misenatium, Miseno."
S01514,S01502,2,block,1555,In Gallia:
S01515,S01502,2,block,1556,In provincia Riparensi:
S01516,S01515,3,entry,1557,"Praefectus classis fluminis Rhodani, Viennae siue Arelati."
S01517,S01515,3,entry,1558,"Praefectus classis barcariorum, Ebruduni Sapaudiae."
S01518,S01515,3,entry,1559,"Praefectus militum musculariorum, Massiliae Graecorum."
S01519,S01515,3,entry,1560,"Tribunus cohortis primae Flaviae Sapaudicae, Calaronae."
S01520,S01502,2,block,1561,In provincia Novempopulana:
S01521,S01520,3,entry,1562,"Tribunus cohortis Noevempopulanae, Lapurdo."
S01522,S01502,2,block,1563,In provincia Lugdunensi prima:
S01523,S01522,3,entry,1564,"Praefectus classis Araricae, Caballoduno."
S01524,S01502,2,block,1565,In provincia Lugdunensis Senonia:
S01525,S01524,3,entry,1566,"Praefectus classis Anderetianorum, Parisius."
S01526,S01502,2,heading,1567,Hispaniae:
S01527,S01502,2,block,1568,In provincia Callaecia:
S01528,S01527,3,entry,1569,"Praefectus legionis septimae geminae, Legione."
S01529,S01527,3,entry,1570,"Tribunus cohortis secundae Flaviae Pacatianae, Paetaonio."
S01530,S01527,3,entry,1571,"Tribunus cohortis secundae Gallicae, ad cohortem Gallicam."
S01531,S01527,3,entry,1572,"Tribunus cohortis Lucensis, Luco."
S01532,S01527,3,entry,1573,"Tribunus cohortis Celtiberae, Brigantiae, nunc Iuliobriga."
S01533,S01502,2,block,1574,In provincia Tarraconensi:
S01534,S01533,3,entry,1575,"Tribunus cohortis primae Gallicae, Veleia"
S01535,S01533,3,entry,1577,"Praefectus laetorum Teutonicianorum, Carnunta Senoniae Lugdunensis."
S01536,S01533,3,entry,1578,"Praefectus laetorum Batavorum et gentilium Sueuorum, Baiocas et Constantiae Lugdunensis secundae."
S01537,S01533,3,entry,1579,"Praefectus laetorum gentilium Sueuorum, ....... et Ceromannos Lugdunensis tertiae."
S01538,S01533,3,entry,1580,"Praefectus laetorum Francorum, Redonas Lugdensis tertiae."
S01539,S01533,3,entry,1581,Praefectus laetorum Lingonensium per diversa dispersorum Belgicae primae.
S01540,S01533,3,entry,1582,"Praefectus laetorum Actorum, Epuso Belgicae primae."
S01541,S01533,3,entry,1583,"Praefectus laetorum Neruiorum, Fanomantis Belgicae secundae."
S01542,S01533,3,entry,1584,"Praefectus laetorum Batavorum Nemetacensium, Atrabatis Belgicae secundae."
S01543,S01533,3,entry,1585,"Praefectus laetorum Batavorum Contraginnensium, Noviomago Belgicae secundae."
S01544,S01533,3,entry,1586,"Praefectus laetorum gentilium, Remo et Silvanectas Belgicae secundae."
S01545,S01533,3,entry,1587,"Praefectus laetorum Lagensium, prope Tungros Germaniae secundae."
S01546,S01533,3,entry,1588,"Praefectus laetorum gentilium Suevorum, Arumbernos Aquitanicae primae."
S01547,S01533,3,entry,1589,...............................................................
S01548,S01533,3,entry,1590,...............................................................
S01549,S01502,2,block,1591,Item in provincia Italia:
S01550,S01549,3,entry,1592,Praefectus Sarmatarum gentilium Apuliae et Calabriae.
S01551,S01549,3,entry,1593,Praefectus Sarmatarum gentilium per Brittios et Lucaniam.
S01552,S01502,2,block,1594,Item in provincia Italia mediterranea:
S01553,S01552,3,entry,1595,Praefectus Sarmatarum gentilium Apulia et Calabriae.
S01554,S01552,3,entry,1596,Praefectus Sarmatarum gentilium Brutios et Lucaniam.
S01555,S01552,3,entry,1597,"Praefectus Sarmatarum gentilium, Foro Fuluiensi."
S01556,S01552,3,entry,1598,"Praefectus Sarmatarum gentilium, Opittergii."
S01557,S01552,3,entry,1599,"Praefectus Sarmatarum gentilium, Patauio."
S01558,S01552,3,entry,1600,"Praefectus Sarmatarum gentilium, ....."
S01559,S01552,3,entry,1601,"Praefectus Sarmatarum gentilium, Cremonae."
S01560,S01552,3,entry,1602,"Praefectus Sarmatarum gentilium, Taurinis."
S01561,S01552,3,entry,1603,"Praefectus Sarmatarum gentilium, Aquis siue Tertona."
S01562,S01552,3,entry,1604,"Praefectus Sarmatarum gentilium, Novariae."
S01563,S01552,3,entry,1605,"Praefectus Sarmatarum gentilium, Vercellis."
S01564,S01552,3,entry,1606,"Praefectus Sarmatarum gentilium, Regionis Samnitis."
S01565,S01552,3,entry,1607,"Praefectus Sarmatarum gentilium, Bononiae in Aemilia."
S01566,S01552,3,entry,1608,"Praefectus Sarmatarum gentilium, Quadratis et Eporizio."
S01567,S01552,3,entry,1609,"Praefectus Sarmatarum gentilium, (in Liguria) Pollentia."
S01568,S01502,2,block,1610,In Gallia:
S01569,S01568,3,entry,1611,"Praefectus Sarmatarum et Taifalorum gentilium, Pictavis."
S01570,S01568,3,entry,1612,"Praefectus Sarmatarum gentilium, a Chora Parisios usque."
S01571,S01568,3,entry,1613,"Praefectus Sarmatarum gentilium, inter Renos et Tambianos provinciae Belgicae secundae."
S01572,S01568,3,entry,1614,"Praefectus Sarmatarum gentilium, per tractum Rodunensem et Alaunorum."
S01573,S01568,3,entry,1615,"Praefectus Sarmatarum gentilium, Lingonas."
S01574,S01568,3,entry,1616,"Praefectus Sarmatarum gentilium, Au......"
S01575,S01568,3,entry,1617,[reliquiae desunt?]
S01576,S00001,1,chapter,1619,XLIII
S01577,S01576,2,title,1619,Consularis Campaniae
S01578,S01576,2,block,1621,Sub dispositione viri clarissimi consularis Campanise:
S01579,S01578,3,entry,1622,Provincia Campaniae.
S01580,S01576,2,block,1623,Officium autem habet ita:
S01581,S01580,3,entry,1624,Principem de officio praetorio Italiae.
S01582,S01580,3,entry,1625,Cornicularium.
S01583,S01580,3,entry,1626,Tabularios duos.
S01584,S01580,3,entry,1627,Adiutorem.
S01585,S01580,3,entry,1628,Commentariensem.
S01586,S01580,3,entry,1629,Ab actis.
S01587,S01580,3,entry,1630,Subadiuuam.
S01588,S01580,3,entry,1631,"Exceptores et reliquos cohortalinos, quibus non licet ad aliam transire militiam sine annotatione clementiae principalis."
S01589,S01580,3,entry,1632,Ceteri omnes consulares ad similitudinem consularis Campaniae officium habent
S01590,S00001,1,chapter,1634,XLIV
S01591,S01590,2,title,1634,Corrector Apuliae et Calabriae
S01592,S01590,2,block,1636,Sub iurisdictione viri clarissimi correctoris Apuliae et Calabriae:
S01593,S01592,3,entry,1637,Provincia Apuliae et Calabriae.
S01594,S01590,2,block,1638,Officium autem habet ita:
S01595,S01594,3,entry,1639,Principem ex eodem officio.
S01596,S01594,3,entry,1640,Cornicularium.
S01597,S01594,3,entry,1641,Tabularios duos.
S01598,S01594,3,entry,1642,Commentariensem.
S01599,S01594,3,entry,1643,Adiutorem.
S01600,S01594,3,entry,1644,Ab actis.
S01601,S01594,3,entry,1645,Subadiuuam.
S01602,S01594,3,entry,1646,"Exceptores et ceteros cohortalinos, quibus non licet ad aliam transire militiam sine annotatione clementiae principalis."
S01603,S01594,3,entry,1647,Ceteri correctores ad similitudinem correctoris Apuliae et Calabriae officium habent
S01604,S00001,1,chapter,1649,XLV
S01605,S01604,2,title,1649,Praeses Dalmatiae
S01606,S01604,2,block,1651,Sub iurisdictione viri perfectissimi praesidis Dalmatiae:
S01607,S01606,3,entry,1652,Provincia Dalmatiae.
S01608,S01604,2,block,1653,Officium autem habet hoc modo:
S01609,S01608,3,entry,1654,Principem ex eodem officio.
S01610,S01608,3,entry,1655,Cornicularium.
S01611,S01608,3,entry,1656,Tabularios duos.
S01612,S01608,3,entry,1657,Commentariensem.
S01613,S01608,3,entry,1658,Adiutorem.
S01614,S01608,3,entry,1659,Ab actis.
S01615,S01608,3,entry,1660,Subadiuuam.
S01616,S01608,3,entry,1661,"Exceptores et reliquos cohortalinos, quibus non licet ad aliam transire militiam sine annotatione clementiae principalis."
S01617,S01608,3,entry,1662,Ceteri praesides ad similitudinem praesidis Dalmatiae officium habent
S01618,S01608,3,entry,1664,The Miscellany	The Latin Library	The Classics Page
