placeName,pleiadesId,pleiadesName,featureType,description,uri
Abina,915818,Abina,unknown,"An ancient place, cited: BAtlas 93 unlocated Abin(n)a",http://pleiades.stoa.org/places/915818
Afro,699887,Afro,unknown,"An ancient place, cited: BAtlas 71 unlocated Afro",http://pleiades.stoa.org/places/699887
Antiochiae,554187,Antiochia,unknown,"An ancient place, cited: BAtlas 56 unlocated Antiochia",http://pleiades.stoa.org/places/554187
Antiochiae,897709,Antiochia,unknown,"An ancient place, cited: BAtlas 91 unlocated Antiochia",http://pleiades.stoa.org/places/897709
Apadna,876567,Apadna,unknown,"An ancient place, cited: BAtlas 89 unlocated Apadna",http://pleiades.stoa.org/places/876567
Apuliae,442469,Apulia,unknown,Apulia is a region of the south-eastern Italian peninsula.,http://pleiades.stoa.org/places/442469
Arrabonae,197141,Arrabona,unknown,"An ancient place, cited: BAtlas 20 E2 Arrabona",http://pleiades.stoa.org/places/197141
Asabaia,699890,Asabaia,unknown,"An ancient place, cited: BAtlas 71 unlocated Asabaia",http://pleiades.stoa.org/places/699890
Asuada,699891,Asuada,unknown,"An ancient place, cited: BAtlas 71 unlocated Asuada",http://pleiades.stoa.org/places/699891
Auatha,699892,Auatha,unknown,"An ancient place, cited: BAtlas 71 unlocated Auatha",http://pleiades.stoa.org/places/699892
Augustae,123072,Augusta,unknown,"An ancient place, cited: BAtlas 12 unlocated *Augusta",http://pleiades.stoa.org/places/123072
Augustae,167659,Augusta,unknown,"An ancient place, cited: BAtlas 17 F2 Augusta",http://pleiades.stoa.org/places/167659
Augustae,206935,Augusta,unknown,"An ancient place, cited: BAtlas 21 F6 Augusta fl.",http://pleiades.stoa.org/places/206935
Augustae,393386,Augusta,unknown,"An ancient place, cited: BAtlas 40 C3 Augusta",http://pleiades.stoa.org/places/393386
Banasam,876582,Banasam,unknown,"An ancient place, cited: BAtlas 89 unlocated Banasam",http://pleiades.stoa.org/places/876582
Belgicae primae,981511,Belgica,unknown,The Roman province also called Gallia Belgica.,http://pleiades.stoa.org/places/981511
Belgicae secundae,981511,Belgica,unknown,The Roman province also called Gallia Belgica.,http://pleiades.stoa.org/places/981511
Bethallaha,876591,Bethallaha,unknown,"An ancient place, cited: BAtlas 89 unlocated Bethallaha",http://pleiades.stoa.org/places/876591
Caene - Parembole,465872,Caene,unknown,"An ancient place, cited: BAtlas 47 unlocated Caene Ins.",http://pleiades.stoa.org/places/465872
Caene - Parembole,690830,Parembole,unknown,"An ancient place, cited: BAtlas 70 unlocated Parembole",http://pleiades.stoa.org/places/690830
Caini,876602,Caini,unknown,"An ancient place, cited: BAtlas 89 unlocated Caini",http://pleiades.stoa.org/places/876602
Calabriae,442518,Calabria,unknown,Ancient Calabria comprised the southern part of Apulia and the Salento peninsula.,http://pleiades.stoa.org/places/442518
Calamona,682534,Calamona,unknown,"An ancient place, cited: BAtlas 69 unlocated Calamona",http://pleiades.stoa.org/places/682534
Calamona,699894,Calamona,unknown,"An ancient place, cited: BAtlas 71 unlocated Calamona",http://pleiades.stoa.org/places/699894
Cartha,699911,Cartha,unknown,"An ancient place, cited: BAtlas 71 unlocated Sartha/Cartha/Sirtha",http://pleiades.stoa.org/places/699911
Cimbrianis,203114,Cimbrianis,unknown,"An ancient place, cited: BAtlas 20 unlocated Cimbrianis",http://pleiades.stoa.org/places/203114
Constantia,682538,Constantia,unknown,"An ancient place, cited: BAtlas 69 unlocated Constantia/Constantine",http://pleiades.stoa.org/places/682538
Constantiae,682538,Constantia,unknown,"An ancient place, cited: BAtlas 69 unlocated Constantia/Constantine",http://pleiades.stoa.org/places/682538
Cusi,207062,Cusus,unknown,"An ancient place, cited: BAtlas 21 A2 Cusus fl.",http://pleiades.stoa.org/places/207062
Dano,79412,Danum,fort;,"A Roman auxiliary fort at present day Doncaster, cited: BAtlas 8 F1 Danum?",http://pleiades.stoa.org/places/79412
Dia - Fenis,543681,Dia,unknown,"An ancient settlement, attested by literary or documentary sources, whose precise location cannot be determined today",http://pleiades.stoa.org/places/543681
Dia - Fenis,573184,Dia,unknown,"An ancient settlement, attested by literary or documentary sources, whose precise location cannot be determined today",http://pleiades.stoa.org/places/573184
Dia - Fenis,599590,Dia,unknown,"An ancient place, cited: BAtlas 61 B4 Dia? Ins.",http://pleiades.stoa.org/places/599590
Dia - Fenis,767841,Dia,unknown,"An ancient island or island group, attested by literary or documentary sources, whose precise location cannot be determined today",http://pleiades.stoa.org/places/767841
Drasdea,222050,Drasdea,unknown,"An ancient place, cited: BAtlas 22 unlocated Drasdea",http://pleiades.stoa.org/places/222050
Ganaba,897770,Ganaba,unknown,"An ancient place, cited: BAtlas 91 unlocated Ganaba",http://pleiades.stoa.org/places/897770
Graio,203127,Graium,unknown,"An ancient place, cited: BAtlas 20 unlocated Graium",http://pleiades.stoa.org/places/203127
Grannona in litore Saxonico,138377,Grannona,unknown,"An ancient place, cited: BAtlas 14 C1 Grannona",http://pleiades.stoa.org/places/138377
Hasta,409224,Hasta,unknown,An unlocated road station in coastal Etruria.,http://pleiades.stoa.org/places/409224
Iovia,642530,Iovia,unknown,"An ancient place, cited: BAtlas 65 unlocated Iovia",http://pleiades.stoa.org/places/642530
Libona,699901,Libona,unknown,"An ancient place, cited: BAtlas 71 unlocated Libona",http://pleiades.stoa.org/places/699901
Magis,89237,Magis,unknown,"A Roman fort at modern-day Burrow Walls, probably to identified with the ancient placename ""Magis"" (BAtlas 9 D6 Magis?).",http://pleiades.stoa.org/places/89237
Maratha,40208,Maratha,unknown,"An ancient place, cited: BAtlas 4 unlocated Maratha",http://pleiades.stoa.org/places/40208
Maratha,573359,Maratha,unknown,"An ancient place, cited: BAtlas 58 unlocated Maratha",http://pleiades.stoa.org/places/573359
Maratha,876654,Maratha,unknown,"An ancient place, cited: BAtlas 89 unlocated Maratha",http://pleiades.stoa.org/places/876654
Mediana,674249,Mediana,unknown,"An ancient place, cited: BAtlas 68 unlocated Mediana/Meziana",http://pleiades.stoa.org/places/674249
Mediolana,172148,Mediolanum,unknown,"An ancient place, cited: BAtlas 17 unlocated *Mediolanum",http://pleiades.stoa.org/places/172148
Mediolana,222116,Mediolanum,unknown,"An ancient place, cited: BAtlas 22 unlocated Mediolanum",http://pleiades.stoa.org/places/222116
Mefana - Cartha,699911,Cartha,unknown,"An ancient place, cited: BAtlas 71 unlocated Sartha/Cartha/Sirtha",http://pleiades.stoa.org/places/699911
Memfi,741517,Memphis,unknown,"An ancient place, cited: BAtlas 75 unlocated Memphis",http://pleiades.stoa.org/places/741517
Moahile,748965,Moahile,unknown,"An ancient place, cited: BAtlas 76 unlocated Moahile",http://pleiades.stoa.org/places/748965
Mochora,863842,Mochora,unknown,"An ancient place, cited: BAtlas 88 A2 Mocheresis",http://pleiades.stoa.org/places/863842
Morbio,92170,Morbium,unknown,"An ancient place, cited: BAtlas 9 unlocated Morbium",http://pleiades.stoa.org/places/92170
Nee,554290,Nee,unknown,"An ancient place, cited: BAtlas 56 unlocated Nea Kome/Nee",http://pleiades.stoa.org/places/554290
Norici mediterranei et ripensis,187490,Norici,unknown,A federated Celtic kingdom that became a province of the Roman empire.,http://pleiades.stoa.org/places/187490
Olenaco,89260,Olenacum,unknown,"A Roman fort at present day Elslack, North Yorkshire, cited: BAtlas 9 E7 Olenacum?",http://pleiades.stoa.org/places/89260
Ombos,789748,Ombos,unknown,"An ancient settlement, attested by literary or documentary sources, whose precise location cannot be determined today",http://pleiades.stoa.org/places/789748
Otthara,682570,Otthara,unknown,"An ancient place, cited: BAtlas 69 unlocated Otthara",http://pleiades.stoa.org/places/682570
Pacatiana,278631,Pacatiana,unknown,"An ancient place, cited: BAtlas 28 unlocated Pacatiana",http://pleiades.stoa.org/places/278631
Parembole,690830,Parembole,unknown,"An ancient place, cited: BAtlas 70 unlocated Parembole",http://pleiades.stoa.org/places/690830
Praesidio,236617,Praesidium,unknown,"An ancient place, cited: BAtlas 24 D2 Praesidium",http://pleiades.stoa.org/places/236617
Praesidio,240994,Praesidium,unknown,"An ancient place, cited: BAtlas 24 unlocated Praesidium",http://pleiades.stoa.org/places/240994
Praesidio,472117,Praesidium,unknown,"An ancient place, cited: BAtlas 48 D3 Praesidium",http://pleiades.stoa.org/places/472117
Praesidio,484007,Praesidium,unknown,"An ancient place, cited: BAtlas 49 unlocated Praesidium",http://pleiades.stoa.org/places/484007
Praesidio,92180,Praesidium,unknown,"An ancient place, cited: BAtlas 9 unlocated Praesidium",http://pleiades.stoa.org/places/92180
Quadriburgio,203151,Quadriburgium,unknown,"An ancient place, cited: BAtlas 20 unlocated Quadriburgium",http://pleiades.stoa.org/places/203151
Quadriburgio,211453,Quadriburgium,unknown,"An ancient place, cited: BAtlas 21 unlocated Quadriburgium",http://pleiades.stoa.org/places/211453
Raetiae secundae,187523,Raetia,unknown,"An ancient place, cited: BAtlas 19 B3 Raetia",http://pleiades.stoa.org/places/187523
Raetiae secundae,981547,Raetia,unknown,"An ancient place, cited: BAtlas 100 H2 Raetia",http://pleiades.stoa.org/places/981547
Rasin,876684,Rasin,unknown,"An ancient place, cited: BAtlas 89 unlocated Rasin/Rhasios",http://pleiades.stoa.org/places/876684
Rene,876686,Rene,unknown,"An ancient place, cited: BAtlas 89 unlocated Rene",http://pleiades.stoa.org/places/876686
Ripa Alta,270365,Ripa,unknown,"An ancient place, cited: BAtlas 27 unlocated Ripa",http://pleiades.stoa.org/places/270365
Ripaltha,876689,Ripaltha,unknown,"An ancient place, cited: BAtlas 89 unlocated Ripaltha",http://pleiades.stoa.org/places/876689
Robatha,699908,Robatha,unknown,"An ancient place, cited: BAtlas 71 unlocated Robatha/Robotha",http://pleiades.stoa.org/places/699908
Sala,614824,Sala,unknown,"An ancient place, cited: BAtlas 62 unlocated Sala",http://pleiades.stoa.org/places/614824
Sala,866051,Sala,unknown,"An ancient place, cited: BAtlas 88 unlocated Sala",http://pleiades.stoa.org/places/866051
Saltatha,674263,Saltatha,unknown,"An ancient place, cited: BAtlas 68 unlocated Saltatha",http://pleiades.stoa.org/places/674263
Saradiniae et Corsicae,472063,Corsica,,"The island of Corsica, in the Mediterranean Sea.",http://pleiades.stoa.org/places/472063
Saradiniae et Corsicae,991339,Corsica,,The post-Diocletianic province of Corsica according to the Verona List (ca. AD 303-324); coincident geographically with the island in the Mediterranean.,http://pleiades.stoa.org/places/991339
Saviae,991357,Savia,unknown,"An ancient place, cited: BAtlas 101 K2 Savia",http://pleiades.stoa.org/places/991357
Sebastopolis,222180,Sebastopolis,unknown,"An ancient place, cited: BAtlas 22 unlocated Sebastopolis",http://pleiades.stoa.org/places/222180
Sina Iudaeorum,876701,Sina Iudaeorum,unknown,"An ancient place, cited: BAtlas 89 unlocated Sinas/Sina Iudaeorum/Sinna",http://pleiades.stoa.org/places/876701
Sina Iudaeorum,964140,Sina,unknown,"An ancient place, cited: BAtlas 98 unlocated Sina/Sena",http://pleiades.stoa.org/places/964140
Sisila,876704,Sisila,unknown,"An ancient place, cited: BAtlas 89 unlocated Sisila/Sissilisson Phrourion/Ziziola?",http://pleiades.stoa.org/places/876704
Suissa,860859,Suissa,unknown,"An ancient place, cited: BAtlas 87 unlocated Suissa",http://pleiades.stoa.org/places/860859
Sura,109359,Sura,unknown,"An ancient place, cited: BAtlas 11 F3 Sura fl.",http://pleiades.stoa.org/places/109359
Thillafica,876722,Thillafica,unknown,"An ancient place, cited: BAtlas 89 unlocated Thillafica",http://pleiades.stoa.org/places/876722
Thillazamana,876723,Thillazamana,unknown,"An ancient place, cited: BAtlas 89 unlocated Thillazamana/Monithilla",http://pleiades.stoa.org/places/876723
Vangiones,109410,Vangiones,unknown,"The Vangiones were a Germanic tribe. They allied themselves with Ariovistus (58 BC) as he invaded Gaul and was defeated by Julius Caesar near Belfort. Drusus established two forts among the Vangiones, castrum Mogontiacum (13 BC, later Mainz) and another (14 BC) at Worms.",http://pleiades.stoa.org/places/109410
Verteris,89312,Verteris,unknown,"An ancient place, cited: BAtlas 9 E6 Verteris",http://pleiades.stoa.org/places/89312
Vincentiae,203168,Vincentia,unknown,"An ancient place, cited: BAtlas 20 unlocated Vincentia",http://pleiades.stoa.org/places/203168
Vincentiae,211467,Vincentia,unknown,"An ancient place, cited: BAtlas 21 unlocated Vincentia",http://pleiades.stoa.org/places/211467
Virosido,89317,Virosidum,fort;,A Roman fort at present-day Bainbridge. Cited as BAtlas 9 E6 Virosidum,http://pleiades.stoa.org/places/89317
