placeName,component,candidate,rule,pleiadesId,pleiadesName
Adada,Adada,Adada,original,638733,Adada
Adada,Adada,Adada,original,668178,Adada
Adada,Adada,Adada,original,894070,Adada
Admatha,Admatha,Admatha,original,678131,Admatha
Admatha,Admatha,Admatha,original,697629,Admatha
Alta Ripa,Alta Ripa,Alta Ripa,original,108735,Alta Ripa
Alta Ripa,Alta Ripa,Alta Ripa,original,197109,Alta Ripa
Altino,Altino,Altinum,ending,197110,Altinum
Altino,Altino,Altinum,ending,216700,Altinum
Altino,Altino,Altinum,ending,393374,Altinum
Antiochiae,Antiochiae,Antiochia,word_rule,554187,Antiochia
Antiochiae,Antiochiae,Antiochia,word_rule,609307,Antiochia
Antiochiae,Antiochiae,Antiochia,word_rule,658381,Antiochia
Antiochiae,Antiochiae,Antiochia,word_rule,874623,Antiochia
Antiochiae,Antiochiae,Antiochia,word_rule,897709,Antiochia
Antiochiae,Antiochiae,Antiochia,word_rule,912872,Antiochia
Antiochiae,Antiochiae,Antiochia,word_rule,961873,Antiochia
Apadna,Apadna,Apadna,original,876567,Apadna
Apadna,Apadna,Apadna,original,894133,Apadna
Aquileiae,Aquileiae,Aquileia,word_rule,118569,Aquileia
Aquileiae,Aquileiae,Aquileia,word_rule,187290,Aquileia
Augustae,Augustae,Augusta,ending,123072,Augusta
Augustae,Augustae,Augusta,ending,167658,Augusta
Augustae,Augustae,Augusta,ending,167659,Augusta
Augustae,Augustae,Augusta,ending,206935,Augusta
Augustae,Augustae,Augustae,original,216719,Augustae
Augustae,Augustae,Augusta,ending,393386,Augusta
Augustae,Augustae,Augustae,original,471887,Augustae
Augustae,Augustae,Augusta,ending,648577,Augusta
Augustae,Augustae,Augusta,ending,79574,Augusta
Baiocas et Constantiae Lugdunensis secundae,Constantiae,Constantia,ending,187352,Constantia
Baiocas et Constantiae Lugdunensis secundae,Constantiae,Constantia,ending,668190,Constantia
Baiocas et Constantiae Lugdunensis secundae,Constantiae,Constantia,ending,682538,Constantia
Baiocas et Constantiae Lugdunensis secundae,Constantiae,Constantia,ending,687903,Constantia
Baiocas et Constantiae Lugdunensis secundae,Constantiae,Constantia,ending,69494,Constantia
Baiocas et Constantiae Lugdunensis secundae,Constantiae,Constantia,ending,874324,Constantia
Banasam,Banasam,Banasa,ending,275599,Banasa
Banasam,Banasam,Banasam,original,876582,Banasam
Bononia,Bononia,Bononia,original,109008,Bononia
Bononia,Bononia,Bononia,original,206975,Bononia
Bononia,Bononia,Bononia,original,393421,Bononia
Bononiae,Bononiae,Bononia,ending,109008,Bononia
Bononiae,Bononiae,Bononia,ending,206975,Bononia
Bononiae,Bononiae,Bononia,ending,393421,Bononia
Bononiae in Aemilia,Bononiae in Aemilia,Bononia,ending,109008,Bononia
Bononiae in Aemilia,Bononiae in Aemilia,Bononia,ending,206975,Bononia
Bononiae in Aemilia,Bononiae in Aemilia,Bononia,ending,393421,Bononia
Caene - Parembole,Caene - Parembole,Caene,alias,465872,Caene
Caene - Parembole,Caene - Parembole,Parembole,alias,481782,Parembole
Caene - Parembole,Caene - Parembole,Parembole,alias,690830,Parembole
Caene - Parembole,Caene - Parembole,Parembole,alias,736993,Parembole
Caene - Parembole,Caene - Parembole,Parembole,alias,795840,Parembole
Caesarea Cappadociae,Caesarea Cappadociae,Caesarea,first_word,266038,Caesarea
Caesarea Cappadociae,Caesarea Cappadociae,Caesarea,first_word,629035,Caesarea
Caesarea Cappadociae,Caesarea Cappadociae,Caesarea,first_word,658378,Caesarea
Caesarea Cappadociae,Caesarea Cappadociae,Caesarea,first_word,678401,Caesarea
Calabriae,Calabriae,Calabria,ending,236397,Calabria
Calabriae,Calabriae,Calabria,ending,442518,Calabria
Calamona,Calamona,Calamona,original,682534,Calamona
Calamona,Calamona,Calamona,original,699894,Calamona
Castra Iudaeorum,Castra Iudaeorum,Castra,first_word,197197,Castra
Castra Iudaeorum,Castra Iudaeorum,Castra,first_word,197276,Castra
Castra Iudaeorum,Castra Iudaeorum,Castra,first_word,481782,Castra
Constantia,Constantia,Constantia,original,187352,Constantia
Constantia,Constantia,Constantia,original,668190,Constantia
Constantia,Constantia,Constantia,original,682538,Constantia
Constantia,Constantia,Constantia,original,687903,Constantia
Constantia,Constantia,Constantia,original,69494,Constantia
Constantia,Constantia,Constantia,original,874324,Constantia
Constantiae,Constantiae,Constantia,ending,187352,Constantia
Constantiae,Constantiae,Constantia,ending,668190,Constantia
Constantiae,Constantiae,Constantia,ending,682538,Constantia
Constantiae,Constantiae,Constantia,ending,687903,Constantia
Constantiae,Constantiae,Constantia,ending,69494,Constantia
Constantiae,Constantiae,Constantia,ending,874324,Constantia
Constantina,Constantina,Constantina,original,148217,Constantina
Constantina,Constantina,Constantina,original,305064,Constantina
Dalmatiae et Saviae,Dalmatiae et,Dalmatia,ending,197240,Dalmatia
Dalmatiae et Saviae,Dalmatiae et,Dalmatia,ending,981522,Dalmatia
Dia - Fenis,Dia - Fenis,Dia,alias,543681,Dia
Dia - Fenis,Dia - Fenis,Dia,alias,573184,Dia
Dia - Fenis,Dia - Fenis,Dia,alias,589755,Dia
Dia - Fenis,Dia - Fenis,Dia,alias,599590,Dia
Dia - Fenis,Dia - Fenis,Dia,alias,599987,Dia
Dia - Fenis,Dia - Fenis,Dia,alias,767841,Dia
Dia - Fenis,Dia - Fenis,Dia,alias,844907,Dia
Dia - Fenis,Dia - Fenis,Dia,alias,854745,Dia
Florentiae,Florentiae,Florentia,ending,197360,Florentia
Florentiae,Florentiae,Florentia,ending,383649,Florentia
Florentiae,Florentiae,Florentia,ending,413138,Florentia
Foro Fuluiensi,Foro Fuluiensi,Foro,first_word,188321148,Forum
Foro Fuluiensi,Foro Fuluiensi,Forum,ending,540663113,Forum
Ganaba,Ganaba,Ganaba,original,874475,Ganaba
Ganaba,Ganaba,Ganaba,original,897770,Ganaba
Hadrianopolis Haemimonti,Hadrianopolis,Hadrianopolis,original,373824,Hadrianopolis
Hadrianopolis Haemimonti,Hadrianopolis,Hadrianopolis,original,501427,Hadrianopolis
Hadrianopolis Haemimonti,Hadrianopolis,Hadrianopolis,original,530885,Hadrianopolis
Hadrianopolis Haemimonti,Hadrianopolis,Hadrianopolis,original,550898,Hadrianopolis
Hadrianopolis Haemimonti,Hadrianopolis,Hadrianopolis,original,638852,Hadrianopolis
Hadrianopolis Haemimonti,Hadrianopolis,Hadrianopolis,original,639017,Hadrianopolis
Hadrianopolis Haemimonti,Hadrianopolis,Hadrianopolis,original,648810,Hadrianopolis
Hadrianopolis Haemimonti,Hadrianopolis,Hadrianopolis,original,668331,Hadrianopolis
Hadrianopolis Haemimonti,Hadrianopolis,Hadrianopolis,original,844959,Hadrianopolis
Hasta,Hasta,Hasta,original,256193,Hasta
Hasta,Hasta,Hasta,original,383669,Hasta
Hasta,Hasta,Hasta,original,383670,Hasta
Hasta,Hasta,Hasta,original,409224,Hasta
Intercisa,Intercisa,Intercisa,original,197323,Intercisa
Intercisa,Intercisa,Intercisa,original,413180,Intercisa
Iovia,Iovia,Iovia,original,197191,Iovia
Iovia,Iovia,Iovia,original,197326,Iovia
Iovia,Iovia,Iovia,original,197327,Iovia
Iovia,Iovia,Iovia,original,642530,Iovia
Magnis,Magnis,Magnis,original,79587,Magnis
Magnis,Magnis,Magnis,original,89238,Magnis
Maratha,Maratha,Maratha,original,40208,Maratha
Maratha,Maratha,Maratha,original,573359,Maratha
Maratha,Maratha,Maratha,original,876654,Maratha
Maximianopoli,Maximianopoli,Maximianopolis,word_rule,501574,Maximianopolis
Maximianopoli,Maximianopoli,Maximianopolis,word_rule,678266,Maximianopolis
Maximianopoli,Maximianopoli,Maximianopolis,word_rule,678366,Maximianopolis
Maximianopoli,Maximianopoli,Maximianopolis,word_rule,786047,Maximianopolis
Maximianopoli,Maximianopoli,Maximianopolis,word_rule,874324,Maximianopolis
Mediana,Mediana,Mediana,original,118840,Mediana
Mediana,Mediana,Mediana,original,207273,Mediana
Mediana,Mediana,Mediana,original,305107,Mediana
Mediana,Mediana,Mediana,original,674249,Mediana
Mediolana,Mediolana,Mediolanum,word_rule,138458,Mediolanum
Mediolana,Mediolana,Mediolanum,word_rule,138459,Mediolanum
Mediolana,Mediolana,Mediolanum,word_rule,167828,Mediolanum
Mediolana,Mediolana,Mediolanum,word_rule,172148,Mediolanum
Mediolana,Mediolana,Mediolanum,word_rule,177578,Mediolanum
Mediolana,Mediolana,Mediolanum,word_rule,222116,Mediolanum
Mediolana,Mediolana,Mediolanum,word_rule,383706,Mediolanum
Mediolana,Mediolana,Mediolanum,word_rule,79597,Mediolanum
Memfi,Memfi,Memphis,word_rule,736963,Memphis
Memfi,Memfi,Memphis,word_rule,741517,Memphis
Ombos,Ombos,Ombos,original,786079,Ombos
Ombos,Ombos,Ombos,original,789748,Ombos
Otthara,Otthara,Otthara,original,668327,Otthara
Otthara,Otthara,Otthara,original,682570,Otthara
Pannoniae secundae - translati Salonis,Pannoniae secundae - translati Salonis,Pannonia,ending,1001905,Pannonia
Pannoniae secundae - translati Salonis,Pannoniae secundae - translati Salonis,Pannonia,ending,197425,Pannonia
Pannoniae secundae - translati Salonis,Pannoniae secundae - translati Salonis,Pannoniae,first_word,992076,Pannoniae
Parembole,Parembole,Parembole,original,481782,Parembole
Parembole,Parembole,Parembole,original,690830,Parembole
Parembole,Parembole,Parembole,original,736993,Parembole
Parembole,Parembole,Parembole,original,795840,Parembole
Pollentia,Pollentia,Pollentia,original,266004,Pollentia
Pollentia,Pollentia,Pollentia,original,383745,Pollentia
Praesidio,Praesidio,Praesidium,ending,236617,Praesidium
Praesidio,Praesidio,Praesidium,ending,240994,Praesidium
Praesidio,Praesidio,Praesidium,ending,256386,Praesidium
Praesidio,Praesidio,Praesidium,ending,344461,Praesidium
Praesidio,Praesidio,Praesidium,ending,344500,Praesidium
Praesidio,Praesidio,Praesidium,ending,472117,Praesidium
Praesidio,Praesidio,Praesidium,ending,484007,Praesidium
Praesidio,Praesidio,Praesidium,ending,697729,Praesidium
Praesidio,Praesidio,Praesidio,original,746796,Praesidio
Praesidio,Praesidio,Praesidium,ending,92180,Praesidium
Quadriburgio,Quadriburgio,Quadriburgium,ending,109266,Quadriburgium
Quadriburgio,Quadriburgio,Quadriburgium,ending,203151,Quadriburgium
Quadriburgio,Quadriburgio,Quadriburgium,ending,211453,Quadriburgium
Sala,Sala,Sala,original,197482,Sala
Sala,Sala,Sala,original,197483,Sala
Sala,Sala,Sala,original,256417,Sala
Sala,Sala,Sala,original,275696,Sala
Sala,Sala,Sala,original,614824,Sala
Sala,Sala,Sala,original,866051,Sala
Satala,Satala,Satala,original,550869,Satala
Satala,Satala,Satala,original,874684,Satala
Sebastopolis,Sebastopolis,Sebastopolis,original,222180,Sebastopolis
Sebastopolis,Sebastopolis,Sebastopolis,original,550756,Sebastopolis
Sebastopolis,Sebastopolis,Sebastopolis,original,629076,Sebastopolis
Sebastopolis,Sebastopolis,Sebastopolis,original,639096,Sebastopolis
Sebastopolis,Sebastopolis,Sebastopolis,original,857107,Sebastopolis
Sina Iudaeorum,Sina Iudaeorum,Sina Iudaeorum,original,876701,Sina Iudaeorum
Sina Iudaeorum,Sina Iudaeorum,Sina,first_word,964140,Sina
Tauruno siue Marsonia,Tauruno siue Marsonia,Marsonia,alias,197371,Marsonia
Tauruno siue Marsonia,Tauruno siue Marsonia,Taurunum,ending,207488,Taurunum
Thebas,Thebas,Thebae,word_rule,541138,Thebae
Thebas,Thebas,Thebae,word_rule,648577,Thebae
Valentia,Valentia,Valentia,original,266090,Valentia
Valentia,Valentia,Valentia,original,442845,Valentia
Valentia,Valentia,Valentia,original,857032,Valentia
Veleia,Veleia,Veleia,original,246232,Veleia
Veleia,Veleia,Veleia,original,383811,Veleia
Venetiae inferioris,Venetiae inferioris,Venetia,ending,138643,Venetia
Venetiae inferioris,Venetiae inferioris,Venetia,ending,393511,Venetia
Viminacio,Viminacio,Viminacium,word_rule,207549,Viminacium
Viminacio,Viminacio,Viminacium,word_rule,236721,Viminacium
Vincentiae,Vincentiae,Vincentia,ending,203168,Vincentia
Vincentiae,Vincentiae,Vincentia,ending,211467,Vincentia
Ziza,Ziza,Ziza,original,344571,Ziza
Ziza,Ziza,Ziza,original,697767,Ziza
