candidateId,placeName,candidate,candidateNo,candidateType,chapter,document,nodeType,office,unit,canonicalName,province,region,latitude,longitude,confidence,notes
PLCAND00001,Aballaba,Aballaba,1,Place,Dux Britanniarum,Occidentis,unknown,Praefectus,numeri Maurorum Aurelianorum,,,,,,,
PLCAND00002,Abina,Abina,1,Place,Dux Foenicis,Oriens,equites,,Equites sagittarii indigenae,,,,,,,
PLCAND00006,Abydum - Abocedo,Abocedo,2,Place,Dux Thebaidos,Oriens,ala,,Ala octava ....,,,,,,,
PLCAND00003,Abrincatis,Abrincatis,1,Place,Dux tractus Armoricani,Occidentis,unknown,Praefectus,militum Dalmatarum,,,,,,,
PLCAND00004,Abusina,Abusina,1,Place,Dux Raetiae,Occidentis,unknown,Tribunus,cohortis tertiae Brittorum,,,,,,,
PLCAND00005,Abydum - Abocedo,Abydum,1,Place,Dux Thebaidos,Oriens,ala,,Ala octava ....,,,,,,,
PLCAND00007,Acadama,Acadama,1,Place,Dux Syriae,Oriens,equites,,Equites sagittarii,,,,,,,
PLCAND00008,Acauatha,Acauatha,1,Place,Dux Syriae,Oriens,equites,,Equites sagittarii,,,,,,,
PLCAND00009,Accisso,Accisso,1,Place,Dux Scythiae,Oriens,unknown,Praefectus,ripae legionis primae Ioviae cohortis quintae pedaturae inferioris,,,,,,,
PLCAND00010,Aciminci,Aciminci,1,Place,Dux Pannoniae,Occidentis,cuneus,,Cuneus equitum constantium,,,,,,,
PLCAND00011,Acimirci,Acimirci,1,Place,Dux Pannoniae,Occidentis,equites,,Equites sagittarii,,,,,,,
PLCAND00012,Acinco,Acinco,1,Place,Dux provinciae Valeriae,Occidentis,unknown,Praefectus,legionis secundae adiutricis partis superioris,,,,,,,
PLCAND00013,Adada,Adada,1,Place,Dux Syriae,Oriens,equites,,Equites promoti indigenae,,,,,,,
PLCAND00014,Adatha,Adatha,1,Place,Dux Foenicis,Oriens,equites,,Equites sagittarii indigenae,,,,,,,
PLCAND00015,Adiuuense,Adiuuense,1,Place,Dux Pannoniae primae,Occidentis,unknown,Praefectus,legionis primae Noricorum militum liburnariorum cohortis Quintae partis superioris,,,,,,,
PLCAND00016,Admatha,Admatha,1,Place,Dux Palaestinae,Oriens,ala,,Ala Antana dromedariorum,,,,,,,
PLCAND00017,Adnamantia,Adnamantia,1,Place,Dux provinciae Valeriae,Occidentis,equites,,Equites Dalmatae,,,,,,,
PLCAND00018,Adtitha,Adtitha,1,Place,Dux Arabiae,Oriens,cohort,,Cohors prima miliaria Thracum,,,,,,,
PLCAND00019,Aegeta,Aegeta,1,Place,Dux Daciae ripensis,Oriens,unknown,Praefectus,legionis tertiaedecimae geminae,,,,,,,
PLCAND00020,Aegetae,Aegetae,1,Place,Dux Daciae ripensis,Oriens,cuneus,,Cuneus equitum scutariorum,,,,,,,
PLCAND00021,Aegetae,Aegetae,1,Place,Dux Daciae ripensis,Oriens,unknown,Praefectus,classis Histricae,,,,,,,
PLCAND00022,Aegissos,Aegissos,1,Place,Dux Scythiae,Oriens,cuneus,,Cuneus equitum armigerorum,,,,,,,
PLCAND00023,Aeliae,Aeliae,1,Place,Dux Palaestinae,Oriens,equites,,Equites Mauri Illyriciani,,,,,,,
PLCAND00024,Aeliana,Aeliana,1,Place,Dux Armeniae,Oriens,ala,,Ala secunda Gallorum,,,,,,,
PLCAND00025,Aequinoctoiae,Aequinoctoiae,1,Place,Dux Pannoniae primae,Occidentis,equites,,Equites Dalmatae,,,,,,,
PLCAND00026,Aesica,Aesica,1,Place,Dux Britanniarum,Occidentis,unknown,Tribunus,cohortis primae Asturum,,,,,,,
PLCAND00027,Affrodito,Affrodito,1,Place,Comes limitis Aegypti,Oriens,cohort,,Cohors quarta Iuthungorum,,,,,,,
PLCAND00029,Afro,Afro,1,Place,Dux Palaestinae,Oriens,cohort,,Cohors duodecima Valeria,,,,,,,
PLCAND00030,Ailae,Ailae,1,Place,Dux Palaestinae,Oriens,unknown,Praefectus,legionis decimae Fretensis,,,,,,,
PLCAND00031,Aiy,Aiy,1,Place,Comes limitis Aegypti,Oriens,cohort,,Cohors secunda Ituraeorum,,,,,,,
PLCAND00032,Ala Nova,Ala Nova,1,Place,Dux Pannoniae primae,Occidentis,equites,,Equites Dalmatae,,,,,,,
PLCAND00033,Aladaleariza,Aladaleariza,1,Place,Dux Armeniae,Oriens,ala,,Ala Rizena,,,,,,,
PLCAND00034,Albano,Albano,1,Place,Dux Pannoniae,Occidentis,equites,,Equites Dalmatae,,,,,,,
PLCAND00035,Alesacae,Alesacae,1,Place,Dux provinciae Valeriae,Occidentis,unknown,Tribunus,cohortis,,,,,,,
PLCAND00036,Aleto,Aleto,1,Place,Dux tractus Armoricani,Occidentis,unknown,Praefectus,militum Martensium,,,,,,,
PLCAND00037,Alione,Alione,1,Place,Dux Britanniarum,Occidentis,unknown,Tribunus,cohortis tertiae Neruiorum,,,,,,,
PLCAND00038,Aliscae,Aliscae,1,Place,Dux provinciae Valeriae,Occidentis,unknown,Praefectus,legionis secundae adiutricis cohortis quintae partis superioris,,,,,,,
PLCAND00039,Almo,Almo,1,Place,Dux Daciae ripensis,Oriens,cuneus,,Cuneus equitum stablesianorum,,,,,,,
PLCAND00040,Alta Ripa,Alta Ripa,1,Place,Dux Mogontiacensis,Occidentis,unknown,Praefectus,militum Martensium,,,,,,,
PLCAND00041,Altino,Altino,1,Place,Dux Moesiae secundae,Oriens,milites,,Milites navclarii Altinenses,,,,,,,
PLCAND00042,Altino,Altino,1,Place,Dux provinciae Valeriae,Occidentis,cuneus,,Cuneus equitum Fortensium,,,,,,,
PLCAND00043,Amboglanna,Amboglanna,1,Place,Dux Britanniarum,Occidentis,unknown,Tribunus,cohortis primae Aeliae Dacorum,,,,,,,
PLCAND00044,Amidae,Amidae,1,Place,Dux Mesopotamiae,Oriens,equites,,Equites ducatores Illyriciani,,,,,,,
PLCAND00045,Amidae,Amidae,1,Place,Dux Mesopotamiae,Oriens,equites,,Equites scutarii Illyriciani,,,,,,,
PLCAND00046,Ammattha,Ammattha,1,Place,Dux Syriae,Oriens,cohort,,Cohors prima victorum,,,,,,,
PLCAND00047,Ammuda,Ammuda,1,Place,Dux Syriae,Oriens,ala,,Ala prima nova Herculia,,,,,,,
PLCAND00048,Analiba,Analiba,1,Place,Dux Armeniae,Oriens,cohort,,Cohors quarta Raetorum,,,,,,,
PLCAND00049,Anatha,Anatha,1,Place,Dux Syriae,Oriens,equites,,Equites sagittarii indigenae,,,,,,,
PLCAND00050,Anderidos,Anderidos,1,Place,Comes litoris Saxonici per Britanniam,Occidentis,unknown,Praepositus,numeri Abulcorum,,,,,,,
PLCAND00051,Andro,Andro,1,Place,Comes limitis Aegypti,Oriens,legion,,Legio tertia Diocletiana,,,,,,,
PLCAND00052,Ansamo,Ansamo,1,Place,Dux Moesiae secundae,Oriens,milites,,Milites praeventores,,,,,,,
PLCAND00053,Antiochiae,Antiochiae,1,Place,Insignia viri illustris magistri officiorum,Oriens,unknown,,;Clibanaria,,,,,,,
PLCAND00054,Antiochiae,Antiochiae,1,Place,Insignia viri illustris magistri officiorum,Oriens,unknown,,Scutaria et armorum,,,,,,,
PLCAND00055,Antonaco,Antonaco,1,Place,Dux Mogontiacensis,Occidentis,unknown,Praefectus,militum Acincensium,,,,,,,
PLCAND00056,Apadna,Apadna,1,Place,Dux Mesopotamiae,Oriens,equites,,Equites promoti indigenae,,,,,,,
PLCAND00057,Apatna,Apatna,1,Place,Dux Osrhoenae,Oriens,unknown,,..............,,,,,,,
PLCAND00058,Apollonos superioris,Apollonos superioris,1,Place,Dux Thebaidos,Oriens,legion,,Legio secunda Traiana,,,,,,,
PLCAND00059,Appiaria,Appiaria,1,Place,Dux Moesiae secundae,Oriens,cuneus,,Cuneus equitum scutariorum,,,,,,,
PLCAND00060,Appiaria,Appiaria,1,Place,Dux Moesiae secundae,Oriens,milites,,Milites tertii navclarii,,,,,,,
PLCAND00061,Apuliae,Apuliae,1,Place,Insignia viri illustris comitis sacrarum largitionum,Occidentis,civil,,Procurator gynaecii Canusini et Venusini,,,,,,,
PLCAND00062,Aquileiae,Aquileiae,1,Place,Item praepositurae magistri militum praesentalis a parte peditum,Occidentis,unknown,Praefectus,classis Venetum,,,,,,,
PLCAND00063,Aquis siue Tertona,Aquis,1,Place,Item praepositurae magistri militum praesentalis a parte peditum,Occidentis,unknown,Praefectus,Sarmatarum gentilium,,,,,,,
PLCAND00065,Arauraca,Arauraca,1,Place,Dux Armeniae,Oriens,cohort,,Cohors miliaria Bosporiana,,,,,,,
PLCAND00066,Arbeia,Arbeia,1,Place,Dux Britanniarum,Occidentis,unknown,Praefectus,numeri barcariorum Tigrisiensium,,,,,,,
PLCAND00067,Arbore,Arbore,1,Place,Dux Raetiae,Occidentis,unknown,Tribunus,cohortis Herculeae Pannoniorum,,,,,,,
PLCAND00068,Arefa,Arefa,1,Place,Dux Foenicis,Oriens,ala,,Ala secunda Salutis,,,,,,,
PLCAND00611,Viennae siue Arelati,Arelati,2,Place,Item praepositurae magistri militum praesentalis a parte peditum,Occidentis,unknown,Praefectus,classis fluminis Rhodani,,,,,,,
PLCAND00069,Areopoli,Areopoli,1,Place,Dux Arabiae,Oriens,equites,,Equites Mauri Illyriciani,,,,,,,
PLCAND00070,Arieldela,Arieldela,1,Place,Dux Palaestinae,Oriens,cohort,,Cohors secunda Galatarum,,,,,,,
PLCAND00071,Arlape,Arlape,1,Place,Dux Pannoniae primae,Occidentis,equites,,Equites Dalmatae,,,,,,,
PLCAND00493,scordiscorum et armorum,armorum,2,Place,Insignia viri illustris magistri officiorum,Occidentis,unknown,,Sirmensis scutorum,,,,,,,
PLCAND00072,Arrabonae,Arrabonae,1,Place,Dux Pannoniae primae,Occidentis,cuneus,,Cuneus equitum stablesianorum,,,,,,,
PLCAND00073,Arrabonae,Arrabonae,1,Place,Dux Pannoniae primae,Occidentis,equites,,Equites promoti,,,,,,,
PLCAND00074,Arrabonae,Arrabonae,1,Place,Dux Pannoniae primae,Occidentis,unknown,Praefectus,legionis decimae et quartaedecimaegeminae geminarum militum liburnariorum,,,,,,,
PLCAND00075,Arrianis,Arrianis,1,Place,Dux Pannoniae primae,Occidentis,unknown,Tribunus,cohortis,,,,,,,
PLCAND00076,Arrunto siue Vindomanae,Arrunto,1,Place,Dux Pannoniae primae,Occidentis,unknown,Praefectus,classis Histricae,,,,,,,
PLCAND00078,Arsaciana siue Novas,Arsaciana,1,Place,Dux Pannoniae,Occidentis,auxilia,,Auxilia Novensia,,,,,,,
PLCAND00080,Arubio,Arubio,1,Place,Dux Scythiae,Oriens,cuneus,,Cuneus equitum catafractariorum,,,,,,,
PLCAND00081,Arumbernos Aquitanicae primae,Arumbernos Aquitanicae primae,1,Place,Item praepositurae magistri militum praesentalis a parte peditum,Occidentis,unknown,Praefectus,laetorum gentilium Suevorum,,,,,,,
PLCAND00082,Asabaia,Asabaia,1,Place,Dux Arabiae,Oriens,cohort,,Cohors prima Thracum,,,,,,,
PLCAND00083,Asfynis,Asfynis,1,Place,Dux Thebaidos,Oriens,equites,,Equites felices Honoriani,,,,,,,
PLCAND00084,Assara,Assara,1,Place,Dux Mesopotamiae,Oriens,equites,,Equites scutarii indigenae Pafenses,,,,,,,
PLCAND00085,Asuada,Asuada,1,Place,Dux Palaestinae,Oriens,ala,,Ala prima miliaria Sebastena,,,,,,,
PLCAND00086,Atrabatis Belgicae secundae,Atrabatis Belgicae secundae,1,Place,Item praepositurae magistri militum praesentalis a parte peditum,Occidentis,unknown,Praefectus,laetorum Batavorum Nemetacensium,,,,,,,
PLCAND00087,Au.....,Au,1,Place,Item praepositurae magistri militum praesentalis a parte peditum,Occidentis,unknown,Praefectus,Sarmatarum gentilium,,,,,,,
PLCAND00088,Auatha,Auatha,1,Place,Dux Arabiae,Oriens,ala,,Ala nona miliaria,,,,,,,
PLCAND00089,Auatha,Auatha,1,Place,Dux Foenicis,Oriens,equites,,Equites promoto indigenae,,,,,,,
PLCAND00090,Augustae,Augustae,1,Place,Dux Daciae ripensis,Oriens,cuneus,,Cuneus equitum Dalmatarum,,,,,,,
PLCAND00091,Augustanis,Augustanis,1,Place,Dux Raetiae,Occidentis,equites,,Equites stablesiani seniores,,,,,,,
PLCAND00092,Augustianis,Augustianis,1,Place,Dux Pannoniae primae,Occidentis,equites,,Equites Dalmatae,,,,,,,
PLCAND00093,Aulucos,Aulucos,1,Place,Comes Tingitaniae,Occidentis,unknown,Tribunus,cohortis primae Herculeae,,,,,,,
PLCAND00094,Aureomonto,Aureomonto,1,Place,Dux Moesiae primae,Oriens,cuneus,,Cuneus equtum Dalmatarum,,,,,,,
PLCAND00095,Austuris,Austuris,1,Place,Dux Pannoniae primae,Occidentis,unknown,Tribunus,cohortis,,,,,,,
PLCAND00096,Axeloduno,Axeloduno,1,Place,Dux Britanniarum,Occidentis,unknown,Tribunus,cohortis primae Hispanorum,,,,,,,
PLCAND00097,Axiupoli,Axiupoli,1,Place,Dux Scythiae,Oriens,milites,,Milites superventores,,,,,,,
PLCAND00098,Axiupoli,Axiupoli,1,Place,Dux Scythiae,Oriens,unknown,Praefectus,ripae legionis secundae Herculiae cohortis quintae pedaturae inferioris,,,,,,,
PLCAND00099,Babilona,Babilona,1,Place,Comes limitis Aegypti,Oriens,legion,,Legio tertiadecima gemina,,,,,,,
PLCAND00100,Baiocas et Constantiae Lugdunensis secundae,Baiocas,1,Place,Item praepositurae magistri militum praesentalis a parte peditum,Occidentis,unknown,Praefectus,laetorum Batavorum et gentilium Sueuorum,,,,,,,
PLCAND00102,balistaria et clibanaria,balistaria,1,Place,Insignia viri illustris magistri officiorum,Occidentis,unknown,,Augustodunensis loricaria,,,,,,,
PLCAND00104,Banasam,Banasam,1,Place,Dux Osrhoenae,Oriens,equites,,Equites promoti indigenae,,,,,,,
PLCAND00105,Barbalisso,Barbalisso,1,Place,Dux Syriae,Oriens,equites,,Equites Dalmatae Illyriciani,,,,,,,
PLCAND00106,Barboniaco,Barboniaco,1,Place,Dux Britanniarum,Occidentis,unknown,Praefectus,numeri defensorum,,,,,,,
PLCAND00107,Batavis,Batavis,1,Place,Dux Raetiae,Occidentis,unknown,Tribunus,cohortis novae Batavorum,,,,,,,
PLCAND00108,Belgicae primae,Belgicae primae,1,Place,Insignia viri illustris comitis sacrarum largitionum,Occidentis,civil,,Procurator gynaecii Triberorum,,,,,,,
PLCAND00109,Belgicae secundae,Belgicae secundae,1,Place,Insignia viri illustris comitis sacrarum largitionum,Occidentis,civil,,Procurator gynaecii Remensis,,,,,,,
PLCAND00110,Benetis,Benetis,1,Place,Dux tractus Armoricani,Occidentis,unknown,Praefectus,militum Maurorum Benetorum,,,,,,,
PLCAND00111,Benosabae,Benosabae,1,Place,Dux Palaestinae,Oriens,equites,,Equites Dalmatae Illyriciani,,,,,,,
PLCAND00112,Bethallaha,Bethallaha,1,Place,Dux Mesopotamiae,Oriens,cohort,,Cohors quinquagenaria Arabum,,,,,,,
PLCAND00113,Betproclis,Betproclis,1,Place,Dux Foenicis,Oriens,equites,,Equites Saraceni indigenae,,,,,,,
PLCAND00114,Betthoro,Betthoro,1,Place,Dux Arabiae,Oriens,unknown,Praefectus,legionis quartae Martiae,,,,,,,
PLCAND00115,Bingio,Bingio,1,Place,Dux Mogontiacensis,Occidentis,unknown,Praefectus,militum Bingensium,,,,,,,
PLCAND00116,Bireo,Bireo,1,Place,Dux Scythiae,Oriens,cuneus,,Cuneus equitum stablesianorum,,,,,,,
PLCAND00117,Birsama,Birsama,1,Place,Dux Palaestinae,Oriens,equites,,Equites Thamudeni Illyriciani,,,,,,,
PLCAND00118,Blabia,Blabia,1,Place,Dux tractus Armoricani,Occidentis,unknown,Praefectus,militum Carronensium,,,,,,,
PLCAND00119,Bodobrica,Bodobrica,1,Place,Dux Mogontiacensis,Occidentis,unknown,Praefectus,militum balistariorum,,,,,,,
PLCAND00120,Boiodoro,Boiodoro,1,Place,Dux Pannoniae primae,Occidentis,unknown,Tribunus,cohortis,,,,,,,
PLCAND00121,Bononia,Bononia,1,Place,Dux Daciae ripensis,Oriens,cuneus,,Cuneus equitum Dalmatarum Fortensium,,,,,,,
PLCAND00122,Bononiae,Bononiae,1,Place,Dux Pannoniae,Occidentis,unknown,Praefectus,legionis quintae Ioviae cohortis quintae partis superioris,,,,,,,
PLCAND00123,Bononiae in Aemilia,Bononiae in Aemilia,1,Place,Item praepositurae magistri militum praesentalis a parte peditum,Occidentis,unknown,Praefectus,Sarmatarum gentilium,,,,,,,
PLCAND00124,Bonoriae,Bonoriae,1,Place,Dux Pannoniae,Occidentis,equites,,Equites Dalmatae,,,,,,,
PLCAND00125,Borcovicio,Borcovicio,1,Place,Dux Britanniarum,Occidentis,unknown,Tribunus,cohortis primae Tungrorum,,,,,,,
PLCAND00126,Bostra,Bostra,1,Place,Dux Arabiae,Oriens,unknown,Praefectus,legionis tertiae Cyrenaicae,,,,,,,
PLCAND00127,Branoduno,Branoduno,1,Place,Comes litoris Saxonici per Britanniam,Occidentis,unknown,Praepositus,equitum Dalmatarum Branodunensium,,,,,,,
PLCAND00185,Confluentibus siue Brecantia,Brecantia,2,Place,Dux Raetiae,Occidentis,unknown,Praefectus,numeri barbaricariorum,,,,,,,
PLCAND00128,Bregtione,Bregtione,1,Place,Dux provinciae Valeriae,Occidentis,unknown,Praefectus,legionis primae adiutricis cohortis quintae partis superioris,,,,,,,
PLCAND00129,Bremetenraco,Bremetenraco,1,Place,Dux Britanniarum,Occidentis,cuneus,,Cuneus Sarmatarum,,,,,,,
PLCAND00130,Burgenas,Burgenas,1,Place,Dux Pannoniae,Occidentis,cuneus,,Cuneus equitum Constantianorum,,,,,,,
PLCAND00131,Burgenas,Burgenas,1,Place,Dux Pannoniae,Occidentis,unknown,Praefectus,legionis quintae Ioviae,,,,,,,
PLCAND00132,Burgentas,Burgentas,1,Place,Dux Pannoniae,Occidentis,equites,,Equites Dalmatae,,,,,,,
PLCAND00133,Burgo Novo,Burgo Novo,1,Place,Dux Daciae ripensis,Oriens,unknown,Praefectus,legionis tertiaedecimae geminae,,,,,,,
PLCAND00134,Burgo Severi,Burgo Severi,1,Place,Dux Thebaidos,Oriens,cohort,,Cohors nona Alamannorum,,,,,,,
PLCAND00135,Burgo Zono,Burgo Zono,1,Place,Dux Daciae ripensis,Oriens,auxilia,,Auxilium secundorum Daciscorum,,,,,,,
PLCAND00136,Busiris,Busiris,1,Place,Comes limitis Aegypti,Oriens,cohort,,Cohors secunda Astarum,,,,,,,
PLCAND00137,Caballoduno,Caballoduno,1,Place,Item praepositurae magistri militum praesentalis a parte peditum,Occidentis,unknown,Praefectus,classis Araricae,,,,,,,
PLCAND00138,Caelio,Caelio,1,Place,Dux Raetiae,Occidentis,unknown,Tribunus,cohortis tertiae Herculeae Pannoniorum,,,,,,,
PLCAND00139,Caene - Parembole,Caene,1,Place,Dux Armeniae,Oriens,cohort,,Cohors prima Lepidiana,,,,,,,
PLCAND00141,Caesarea Cappadociae,Caesarea Cappadociae,1,Place,Insignia viri illustris magistri officiorum,Oriens,unknown,,Clibanaria,,,,,,,
PLCAND00142,Caini,Caini,1,Place,Dux Mesopotamiae,Oriens,ala,,Ala quintadecima Flavia Carduenorum,,,,,,,
PLCAND00143,Calabriae,Calabriae,1,Place,Insignia viri illustris comitis sacrarum largitionum,Occidentis,civil,,Procurator bafii Tarentini,,,,,,,
PLCAND00144,Calamona,Calamona,1,Place,Dux Foenicis,Oriens,equites,,Equites sagittarii indigenae,,,,,,,
PLCAND00145,Calamona,Calamona,1,Place,Dux Palaestinae,Oriens,cohort,,Cohors prima equitata,,,,,,,
PLCAND00146,Calaronae,Calaronae,1,Place,Item praepositurae magistri militum praesentalis a parte peditum,Occidentis,unknown,Tribunus,cohortis primae Flaviae Sapaudicae,,,,,,,
PLCAND00147,Callinico,Callinico,1,Place,Dux Osrhoenae,Oriens,equites,,Equites promoti Illyriciani,,,,,,,
PLCAND00148,Cambidano,Cambidano,1,Place,Dux Raetiae,Occidentis,unknown,Praefectus,legionis tertiae Italicae pro parte media praetendentis a Vimania Cassiliacum usque,,,,,,,
PLCAND00149,Campona,Campona,1,Place,Dux provinciae Valeriae,Occidentis,equites,,Equites Dalmatae,,,,,,,
PLCAND00150,Candidiana,Candidiana,1,Place,Dux Moesiae secundae,Oriens,milites,,Milites primi Moesiaci,,,,,,,
PLCAND00151,Cannabiaca,Cannabiaca,1,Place,Dux Pannoniae primae,Occidentis,unknown,Tribunus,cohortis,,,,,,,
PLCAND00152,Capidaua,Capidaua,1,Place,Dux Scythiae,Oriens,cuneus,,Cuneus equitum Solensium,,,,,,,
PLCAND00153,Caput Basensis,Caput Basensis,1,Place,Dux Pannoniae,Occidentis,unknown,Tribunus,cohortis primae Thracum civium Romanorum,,,,,,,
PLCAND00154,Cardabiaca,Cardabiaca,1,Place,Dux provinciae Valeriae,Occidentis,auxilia,,Auxilia insidiatorum,,,,,,,
PLCAND00155,Carnunta Senoniae Lugdunensis,Carnunta Senoniae Lugdunensis,1,Place,Item praepositurae magistri militum praesentalis a parte peditum,Occidentis,unknown,Praefectus,laetorum Teutonicianorum,,,,,,,
PLCAND00156,Carnunto,Carnunto,1,Place,Dux Pannoniae primae,Occidentis,unknown,Praefectus,legionis quartaedecimaegeminae militum liburnariorum cohortis quintae partis superior,,,,,,,
PLCAND00157,Carso,Carso,1,Place,Dux Scythiae,Oriens,milites,,Milites Scythici,,,,,,,
PLCAND00158,Cartha,Cartha,1,Place,Dux Mesopotamiae,Oriens,ala,,Ala secunda nova Aegyptiorum,,,,,,,
PLCAND00159,Cartha,Cartha,1,Place,Dux Palaestinae,Oriens,cohort,,Cohors decima Carthaginensis,,,,,,,
PLCAND00332,Mefana - Cartha,Cartha,2,Place,Dux Mesopotamiae,Oriens,equites,,Equites sagittarii indigenae Arabanenses,,,,,,,
PLCAND00160,Casama,Casama,1,Place,Dux Foenicis,Oriens,equites,,Equites sagittarii indigenae,,,,,,,
PLCAND00161,Castra Iudaeorum,Castra Iudaeorum,1,Place,Comes limitis Aegypti,Oriens,cohort,,Cohors prima Epireorum,,,,,,,
PLCAND00162,Castrabarensis,Castrabarensis,1,Place,Comes Tingitaniae,Occidentis,unknown,Tribunus,cohortis primae Ityraeorum,,,,,,,
PLCAND00163,Cebro,Cebro,1,Place,Dux Daciae ripensis,Oriens,cuneus,,Cuneus equitum scutariorum,,,,,,,
PLCAND00164,Cebro,Cebro,1,Place,Dux Daciae ripensis,Oriens,unknown,Praefectus,legionis quintae Macedonicae,,,,,,,
PLCAND00165,Cefae,Cefae,1,Place,Dux Mesopotamiae,Oriens,unknown,Praefectus,legionis secundae Parthicae,,,,,,,
PLCAND00166,Cefro,Cefro,1,Place,Comes limitis Aegypti,Oriens,cohort,,Cohors tertia Galatarum,,,,,,,
PLCAND00167,Chaszanenica,Chaszanenica,1,Place,Dux Armeniae,Oriens,ala,,Ala prima Iovia felix,,,,,,,
PLCAND00168,Chenoboscia,Chenoboscia,1,Place,Dux Thebaidos,Oriens,ala,,Ala Neptunia,,,,,,,
PLCAND00169,Chermulae,Chermulae,1,Place,Dux Palaestinae,Oriens,equites,,Equites scutarii Illyriciani,,,,,,,
PLCAND00170,Chiaca,Chiaca,1,Place,Dux Armeniae,Oriens,ala,,Ala prima Augusta Colonorum,,,,,,,
PLCAND00171,Cii,Cii,1,Place,Dux Scythiae,Oriens,cuneus,,Cuneus equitum stablesianorum,,,,,,,
PLCAND00172,Cilurno,Cilurno,1,Place,Dux Britanniarum,Occidentis,unknown,Praefectus,alae secundae Asturum,,,,,,,
PLCAND00173,Cimbrianis,Cimbrianis,1,Place,Dux Moesiae secundae,Oriens,milites,,Milites Cimbriani,,,,,,,
PLCAND00174,Circesio,Circesio,1,Place,Dux Osrhoenae,Oriens,unknown,Praefectus,legionis quartae Parthicae,,,,,,,
PLCAND00175,Cirpe,Cirpe,1,Place,Dux provinciae Valeriae,Occidentis,auxilia,,Auxilia Fortensia,,,,,,,
PLCAND00176,Cirpi,Cirpi,1,Place,Dux provinciae Valeriae,Occidentis,equites,,Equites Dalmatae,,,,,,,
PLCAND00177,Cirpi,Cirpi,1,Place,Dux provinciae Valeriae,Occidentis,unknown,Praefectus,legionis secundae adiutricis,,,,,,,
PLCAND00178,Claudiana,Claudiana,1,Place,Dux Syriae,Oriens,cohort,,Cohors prima Ulpia Dacorum,,,,,,,
PLCAND00103,balistaria et clibanaria,clibanaria,2,Place,Insignia viri illustris magistri officiorum,Occidentis,unknown,,Augustodunensis loricaria,,,,,,,
PLCAND00179,Comagenis,Comagenis,1,Place,Dux Pannoniae primae,Occidentis,equites,,Equites promoti,,,,,,,
PLCAND00180,Como,Como,1,Place,Item praepositurae magistri militum praesentalis a parte peditum,Occidentis,unknown,Praefectus,classis Comensis cum curis eiusdem civitatis,,,,,,,
PLCAND00181,Concangios,Concangios,1,Place,Dux Britanniarum,Occidentis,unknown,Praefectus,numeri vigilum,,,,,,,
PLCAND00182,Conderco,Conderco,1,Place,Dux Britanniarum,Occidentis,unknown,Praefectus,alae primae Asturum,,,,,,,
PLCAND00183,Confluentibus,Confluentibus,1,Place,Dux Mogontiacensis,Occidentis,unknown,Praefectus,militum defensorum,,,,,,,
PLCAND00184,Confluentibus siue Brecantia,Confluentibus,1,Place,Dux Raetiae,Occidentis,unknown,Praefectus,numeri barbaricariorum,,,,,,,
PLCAND00186,Congavata,Congavata,1,Place,Dux Britanniarum,Occidentis,unknown,Tribunus,cohortis secundae Lingonum,,,,,,,
PLCAND00187,Constantia,Constantia,1,Place,Dux Mesopotamiae,Oriens,equites,,Equites felices Honoriani Illyriciani,,,,,,,
PLCAND00188,Constantia,Constantia,1,Place,Dux tractus Armoricani,Occidentis,unknown,Praefectus,militum primae Flaviae,,,,,,,
PLCAND00189,Constantiae,Constantiae,1,Place,Dux provinciae Valeriae,Occidentis,equites,,Equites Dalmatae,,,,,,,
PLCAND00101,Baiocas et Constantiae Lugdunensis secundae,Constantiae Lugdunensis secundae,2,Place,Item praepositurae magistri militum praesentalis a parte peditum,Occidentis,unknown,Praefectus,laetorum Batavorum et gentilium Sueuorum,,,,,,,
PLCAND00190,Constantina,Constantina,1,Place,Dux Mesopotamiae,Oriens,equites,,Equites promoti indigenae,,,,,,,
PLCAND00191,Constantina,Constantina,1,Place,Dux Mesopotamiae,Oriens,unknown,Praefectus,legionis primae Parthicae Nisibenae,,,,,,,
PLCAND00192,Copto,Copto,1,Place,Dux Thebaidos,Oriens,equites,,Equites sagittarii indigenae,,,,,,,
PLCAND00193,Copto,Copto,1,Place,Dux Thebaidos,Oriens,legion,,Legio prima Valentiniana,,,,,,,
PLCAND00194,Cornacii,Cornacii,1,Place,Dux Pannoniae,Occidentis,cuneus,,Cuneus equitum scutariorum,,,,,,,
PLCAND00195,Cornaco,Cornaco,1,Place,Dux Pannoniae,Occidentis,equites,,Equites Dalmatae,,,,,,,
PLCAND00484,Saradiniae et Corsicae,Corsicae,2,Place,Insignia viri illustris comitis sacrarum largitionum,Occidentis,civil,,"Rationalis summarum Trum provinciarum, id est Siciliae",,,,,,,
PLCAND00196,Cremonae,Cremonae,1,Place,Item praepositurae magistri militum praesentalis a parte peditum,Occidentis,unknown,Praefectus,Sarmatarum gentilium,,,,,,,
PLCAND00197,Crispitia,Crispitia,1,Place,Dux Daciae ripensis,Oriens,auxilia,,Auxilium Crispitiense,,,,,,,
PLCAND00198,Crumero,Crumero,1,Place,Dux provinciae Valeriae,Occidentis,equites,,Equites promoti,,,,,,,
PLCAND00199,Cuccis,Cuccis,1,Place,Dux Pannoniae,Occidentis,cuneus,,Cuneus equitum promotorum,,,,,,,
PLCAND00200,Cuccis,Cuccis,1,Place,Dux Pannoniae,Occidentis,equites,,Equites sagittarii,,,,,,,
PLCAND00201,Cunna,Cunna,1,Place,Dux Foenicis,Oriens,ala,,Ala prima Francorum,,,,,,,
PLCAND00202,Cuppis,Cuppis,1,Place,Dux Moesiae primae,Oriens,auxilia,,Auxilium Cuppense,,,,,,,
PLCAND00203,Cuppis,Cuppis,1,Place,Dux Moesiae primae,Oriens,cuneus,,Cuneus equtum Dalmatarum,,,,,,,
PLCAND00204,Cuppis,Cuppis,1,Place,Dux Moesiae primae,Oriens,unknown,Praefectus,legionis septimae Claudiae,,,,,,,
PLCAND00205,Cusas,Cusas,1,Place,Dux Thebaidos,Oriens,legion,,Legio secunda Flavia Constantia Thebaeorum,,,,,,,
PLCAND00206,Cusi,Cusi,1,Place,Dux Pannoniae,Occidentis,equites,,Equites Dalmatae,,,,,,,
PLCAND00207,Dabana,Dabana,1,Place,Dux Osrhoenae,Oriens,equites,,Equites Mauri Illyriciani,,,,,,,
PLCAND00210,Dalmatiae et Saviae,Dalmatiae,1,Place,Insignia viri illustris comitis sacrarum largitionum,Occidentis,civil,,Rationalis summarum Pannoniae secundae,,,,,,,
PLCAND00212,Damasci,Damasci,1,Place,Insignia viri illustris magistri officiorum,Oriens,unknown,,Scutaria et armorum,,,,,,,
PLCAND00213,Danaba,Danaba,1,Place,Dux Foenicis,Oriens,unknown,Praefectus,legionis tertiae Gallicae,,,,,,,
PLCAND00214,Dano,Dano,1,Place,Dux Britanniarum,Occidentis,unknown,Praefectus,equitum Crispianorum,,,,,,,
PLCAND00215,Dascusa,Dascusa,1,Place,Dux Armeniae,Oriens,ala,,Ala Auriana,,,,,,,
PLCAND00216,Deruentione,Deruentione,1,Place,Dux Britanniarum,Occidentis,unknown,Praefectus,numeri supervenientium Petueriensium,,,,,,,
PLCAND00217,Dia - Fenis,Dia,1,Place,Dux Arabiae,Oriens,equites,,Equites sagittarii indigenae,,,,,,,
PLCAND00219,Dicti,Dicti,1,Place,Dux Britanniarum,Occidentis,unknown,Praefectus,numeri Neruiorum Dictensium,,,,,,,
PLCAND00220,Dimo,Dimo,1,Place,Dux Moesiae secundae,Oriens,cuneus,,Cuneus equitum Solensium,,,,,,,
PLCAND00221,Dionisiada,Dionisiada,1,Place,Comes limitis Aegypti,Oriens,ala,,Ala quinta Praelectorum,,,,,,,
PLCAND00222,Diospoli,Diospoli,1,Place,Dux Thebaidos,Oriens,cohort,,Cohors septima Francorum,,,,,,,
PLCAND00223,Diospoli,Diospoli,1,Place,Dux Thebaidos,Oriens,equites,,Equites sagittarii indigenae,,,,,,,
PLCAND00224,Dirigothia,Dirigothia,1,Place,Dux Scythiae,Oriens,milites,,Milites Scythici,,,,,,,
PLCAND00225,Domana,Domana,1,Place,Dux Armeniae,Oriens,equites,,Equites sagittarii,,,,,,,
PLCAND00226,Dortico,Dortico,1,Place,Dux Daciae ripensis,Oriens,cuneus,,Cuneus equitum Dalmatarum Divitensium,,,,,,,
PLCAND00227,Drasdea,Drasdea,1,Place,Dux Moesiae secundae,Oriens,cohort,,Cohors tertia Valeria Bacarum,,,,,,,
PLCAND00228,Drobeta,Drobeta,1,Place,Dux Daciae ripensis,Oriens,auxilia,,Auxilium primorum Daciscorum,,,,,,,
PLCAND00229,Drobeta,Drobeta,1,Place,Dux Daciae ripensis,Oriens,cuneus,,Cuneus equitum Dalmatarum Divitensium,,,,,,,
PLCAND00230,Dubris,Dubris,1,Place,Comes litoris Saxonici per Britanniam,Occidentis,unknown,Praepositus,militum Tungrecanorum,,,,,,,
PLCAND00231,Duga,Duga,1,Place,Comes Tingitaniae,Occidentis,unknown,Tribunus,cohortis secundae Hispanorum,,,,,,,
PLCAND00232,Duodecimo constituta,Duodecimo constituta,1,Place,Dux Osrhoenae,Oriens,ala,,Ala prima salutaria,,,,,,,
PLCAND00233,Durostoro,Durostoro,1,Place,Dux Moesiae secundae,Oriens,milites,,Milites quarti Constantiani,,,,,,,
PLCAND00234,Durostoro,Durostoro,1,Place,Dux Moesiae secundae,Oriens,unknown,Praefectus,legionis undecimae Claudiae,,,,,,,
PLCAND00235,Ebruduni Sapaudiae,Ebruduni Sapaudiae,1,Place,Item praepositurae magistri militum praesentalis a parte peditum,Occidentis,unknown,Praefectus,classis barcariorum,,,,,,,
PLCAND00236,Edesa,Edesa,1,Place,Insignia viri illustris magistri officiorum,Oriens,unknown,,Scutaria et armamentaria,,,,,,,
PLCAND00423,Quadratis et Eporizio,Eporizio,2,Place,Item praepositurae magistri militum praesentalis a parte peditum,Occidentis,unknown,Praefectus,Sarmatarum gentilium,,,,,,,
PLCAND00237,Epuso Belgicae primae,Epuso Belgicae primae,1,Place,Item praepositurae magistri militum praesentalis a parte peditum,Occidentis,unknown,Praefectus,laetorum Actorum,,,,,,,
PLCAND00238,Euhari,Euhari,1,Place,Dux Foenicis,Oriens,equites,,Equites scutarii Illyriciani,,,,,,,
PLCAND00239,Fafianae,Fafianae,1,Place,Dux Pannoniae primae,Occidentis,unknown,Praefectus,legionis liburnariorum primorum Noricorum,,,,,,,
PLCAND00240,Fanomantis Belgicae secundae,Fanomantis Belgicae secundae,1,Place,Item praepositurae magistri militum praesentalis a parte peditum,Occidentis,unknown,Praefectus,laetorum Neruiorum,,,,,,,
PLCAND00218,Dia - Fenis,Fenis,2,Place,Dux Arabiae,Oriens,equites,,Equites sagittarii indigenae,,,,,,,
PLCAND00241,Filas,Filas,1,Place,Dux Thebaidos,Oriens,legion,,Legio prima Maximiana,,,,,,,
PLCAND00242,Flaviana,Flaviana,1,Place,Dux Moesiae primae,Oriens,cuneus,,Cuneus equtum promotorum,,,,,,,
PLCAND00243,Flaviana,Flaviana,1,Place,Dux Scythiae,Oriens,milites,,Milites navclarii,,,,,,,
PLCAND00244,Flexo,Flexo,1,Place,Dux Pannoniae primae,Occidentis,cuneus,,Cuneus equitum Dalmatarum,,,,,,,
PLCAND00245,Flexo,Flexo,1,Place,Dux Pannoniae primae,Occidentis,equites,,Equites promoti,,,,,,,
PLCAND00246,Florentiae,Florentiae,1,Place,Dux provinciae Valeriae,Occidentis,equites,,Equites Dalmatae,,,,,,,
PLCAND00247,Florentiae,Florentiae,1,Place,Dux provinciae Valeriae,Occidentis,unknown,Praefectus,classis Histricae,,,,,,,
PLCAND00248,Florentiae,Florentiae,1,Place,Dux provinciae Valeriae,Occidentis,unknown,Praefectus,legionis secundae adiutricis partis inferioris,,,,,,,
PLCAND00249,Foenicionis,Foenicionis,1,Place,Dux Thebaidos,Oriens,ala,,Ala octava Palmyrenorum,,,,,,,
PLCAND00250,Foetibus,Foetibus,1,Place,Dux Raetiae,Occidentis,unknown,Praefectus,legionis tertiae Italicae transvectioni specierum deputatae,,,,,,,
PLCAND00251,Foro Fuluiensi,Foro Fuluiensi,1,Place,Item praepositurae magistri militum praesentalis a parte peditum,Occidentis,unknown,Praefectus,Sarmatarum gentilium,,,,,,,
PLCAND00252,Friglas,Friglas,1,Place,Comes Tingitaniae,Occidentis,unknown,Tribunus,cohortis Friglensis,,,,,,,
PLCAND00253,Gabrosenti,Gabrosenti,1,Place,Dux Britanniarum,Occidentis,unknown,Tribunus,cohortis secundae Thracum,,,,,,,
PLCAND00254,Gadda,Gadda,1,Place,Dux Arabiae,Oriens,equites,,Equites sagittari indigenae,,,,,,,
PLCAND00257,Ganaba,Ganaba,1,Place,Dux Osrhoenae,Oriens,equites,,Equites Dalmatae Illyriciani,,,,,,,
PLCAND00258,Gariannonor,Gariannonor,1,Place,Comes litoris Saxonici per Britanniam,Occidentis,unknown,Praepositus,equitum stablesianorum Gariannonensium,,,,,,,
PLCAND00259,Gerolate,Gerolate,1,Place,Dux Pannoniae primae,Occidentis,equites,,Equites sagittarii,,,,,,,
PLCAND00260,Glannibanta,Glannibanta,1,Place,Dux Britanniarum,Occidentis,unknown,Tribunus,cohortis primae Morinorum,,,,,,,
PLCAND00261,Gomoha,Gomoha,1,Place,Dux Arabiae,Oriens,ala,,Ala sexta Hispanorum,,,,,,,
PLCAND00262,Graio,Graio,1,Place,Dux Pannoniae,Occidentis,unknown,Praefectus,classis secundae Flaviae,,,,,,,
PLCAND00263,Grannona in litore Saxonico,Grannona in litore Saxonico,1,Place,Dux tractus Armoricani,Occidentis,unknown,Tribunus,cohortis primae novae Armoricanae,,,,,,,
PLCAND00264,Grannono,Grannono,1,Place,Dux tractus Armoricani,Occidentis,unknown,Praefectus,militum Grannonensium,,,,,,,
PLCAND00265,Gratiana,Gratiana,1,Place,Dux Moesiae primae,Oriens,auxilia,,Auxilium Gratianense,,,,,,,
PLCAND00266,Gratiana,Gratiana,1,Place,Dux Scythiae,Oriens,milites,,Milites primi Gratianenses,,,,,,,
PLCAND00267,Guntiae,Guntiae,1,Place,Dux Raetiae,Occidentis,unknown,Praefectus,militum Ursariensium,,,,,,,
PLCAND00268,Hadrianopolis Haemimonti,Hadrianopolis Haemimonti,1,Place,Insignia viri illustris magistri officiorum,Oriens,unknown,,Scutaria et armorum,,,,,,,
PLCAND00269,Hasta,Hasta,1,Place,Dux Palaestinae,Oriens,ala,,Ala prima miliara,,,,,,,
PLCAND00270,Hauanae,Hauanae,1,Place,Dux Palaestinae,Oriens,equites,,Equites sagittarii indigenae,,,,,,,
PLCAND00271,Helela,Helela,1,Place,Dux Syriae,Oriens,cohort,,Cohors prima Gotthorum,,,,,,,
PLCAND00272,Hermunthi,Hermunthi,1,Place,Dux Thebaidos,Oriens,legion,,Legio secunda Valentiniana,,,,,,,
PLCAND00273,Hermupoli,Hermupoli,1,Place,Dux Thebaidos,Oriens,cuneus,,Cuneus equitum scutariorum,,,,,,,
PLCAND00274,Hibeos - Oaseos maioris,Hibeos,1,Place,Dux Thebaidos,Oriens,ala,,Ala prima Abasgorum,,,,,,,
PLCAND00276,Hipponos,Hipponos,1,Place,Comes limitis Aegypti,Oriens,ala,,Ala Apriana,,,,,,,
PLCAND00601,Venetiae et Histriae,Histriae,2,Place,Insignia viri illustris comitis sacrarum largitionum,Occidentis,civil,,Procurator bafii Cissensis,,,,,,,
PLCAND00277,Hunno,Hunno,1,Place,Dux Britanniarum,Occidentis,unknown,Praefectus,alae Sabinianae,,,,,,,
PLCAND00278,Iehibo,Iehibo,1,Place,Dux Palaestinae,Oriens,cohort,,Cohors secunda Gratiana,,,,,,,
PLCAND00279,Inplateypegiis,Inplateypegiis,1,Place,Dux Scythiae,Oriens,unknown,,et secundae Herculiae musculorum Scythicorum et classis,,,,,,,
PLCAND00280,Intercisa,Intercisa,1,Place,Dux provinciae Valeriae,Occidentis,cuneus,,Cuneus equitum Dalmatarum,,,,,,,
PLCAND00281,Intercisa,Intercisa,1,Place,Dux provinciae Valeriae,Occidentis,equites,,Equites sagittarii,,,,,,,
PLCAND00282,Iovia,Iovia,1,Place,Dux provinciae Valeriae,Occidentis,unknown,Tribunus,cohortis,,,,,,,
PLCAND00283,Ioviaco,Ioviaco,1,Place,Dux Pannoniae primae,Occidentis,unknown,Praefectus,legionis secundae Italicae militum liburnariorum,,,,,,,
PLCAND00284,Iprosmis,Iprosmis,1,Place,Dux Scythiae,Oriens,unknown,Praefectus,ripae legionis secundae Herculiae cohortis quintae pedaturae inferioris,,,,,,,
PLCAND00285,Isiu,Isiu,1,Place,Dux Thebaidos,Oriens,ala,,Ala quarta Britonum,,,,,,,
PLCAND00287,Lacufelicis,Lacufelicis,1,Place,Dux Pannoniae primae,Occidentis,equites,,Equites sagittarii,,,,,,,
PLCAND00288,Laedemata,Laedemata,1,Place,Dux Moesiae primae,Oriens,unknown,Praefectus,militum Vincentiensium,,,,,,,
PLCAND00289,Laedenatae,Laedenatae,1,Place,Dux Moesiae primae,Oriens,cuneus,,Cuneus equtum sagittariorum,,,,,,,
PLCAND00290,Lapurdo,Lapurdo,1,Place,Item praepositurae magistri militum praesentalis a parte peditum,Occidentis,unknown,Tribunus,cohortis Noevempopulanae,,,,,,,
PLCAND00291,Lataui,Lataui,1,Place,Dux Foenicis,Oriens,equites,,Equites Dalmatae Illyriciani,,,,,,,
PLCAND00292,Latius,Latius,1,Place,Dux Moesiae secundae,Oriens,cuneus,,Cuneus equitum scutariorum,,,,,,,
PLCAND00293,Lato,Lato,1,Place,Dux Thebaidos,Oriens,equites,,Equites sagittarii indigenae,,,,,,,
PLCAND00294,Lauriaco,Lauriaco,1,Place,Dux Pannoniae primae,Occidentis,unknown,Praefectus,legionis secundae Italicae,,,,,,,
PLCAND00295,Lavatres,Lavatres,1,Place,Dux Britanniarum,Occidentis,unknown,Praefectus,numeri exploratorum,,,,,,,
PLCAND00296,Legione,Legione,1,Place,Item praepositurae magistri militum praesentalis a parte peditum,Occidentis,unknown,Praefectus,legionis septimae geminae,,,,,,,
PLCAND00297,Lemannis,Lemannis,1,Place,Comes litoris Saxonici per Britanniam,Occidentis,unknown,Praepositus,numeri Turnacensium,,,,,,,
PLCAND00298,Lentiae,Lentiae,1,Place,Dux Pannoniae primae,Occidentis,equites,,Equites sagittarii,,,,,,,
PLCAND00299,Lentiae,Lentiae,1,Place,Dux Pannoniae primae,Occidentis,unknown,Praefectus,legionis secundae Italicae partis inferioris,,,,,,,
PLCAND00300,Leonatae,Leonatae,1,Place,Dux Pannoniae,Occidentis,unknown,Tribunus,cohortis primae Ioviae,,,,,,,
PLCAND00301,Libona,Libona,1,Place,Dux Arabiae,Oriens,ala,,Ala secunda Constantiana,,,,,,,
PLCAND00302,Lico,Lico,1,Place,Dux Thebaidos,Oriens,cuneus,,Cuneus equitum Maurorum scutariorum,,,,,,,
PLCAND00305,Lingonas,Lingonas,1,Place,Item praepositurae magistri militum praesentalis a parte peditum,Occidentis,unknown,Praefectus,Sarmatarum gentilium,,,,,,,
PLCAND00306,Longovicio,Longovicio,1,Place,Dux Britanniarum,Occidentis,unknown,Praefectus,numeri Longovicanorum,,,,,,,
PLCAND00307,Luco,Luco,1,Place,Item praepositurae magistri militum praesentalis a parte peditum,Occidentis,unknown,Tribunus,cohortis Lucensis,,,,,,,
PLCAND00308,Luguvallii,Luguvallii,1,Place,Dux Britanniarum,Occidentis,unknown,,........................,,,,,,,
PLCAND00309,Lussonio,Lussonio,1,Place,Dux provinciae Valeriae,Occidentis,equites,,Equites Dalmatae,,,,,,,
PLCAND00310,Lussonio,Lussonio,1,Place,Dux provinciae Valeriae,Occidentis,unknown,Praefectus,legionis secundae adiutricis,,,,,,,
PLCAND00311,Magis,Magis,1,Place,Dux Britanniarum,Occidentis,unknown,Praefectus,numeri Pacensium,,,,,,,
PLCAND00312,Maglone,Maglone,1,Place,Dux Britanniarum,Occidentis,unknown,Praefectus,numeri Solensium,,,,,,,
PLCAND00313,Magnis,Magnis,1,Place,Dux Britanniarum,Occidentis,unknown,Tribunus,cohortis secundae Dalmatarum,,,,,,,
PLCAND00314,Maiocariri,Maiocariri,1,Place,Dux Mesopotamiae,Oriens,cohort,,Cohors quartadecima Valeria Zabdenorum,,,,,,,
PLCAND00315,Mannatias,Mannatias,1,Place,Dux tractus Armoricani,Occidentis,unknown,Praefectus,militum superventorum,,,,,,,
PLCAND00316,Maratha,Maratha,1,Place,Dux Osrhoenae,Oriens,cohort,,Cohors prima Eufratensis,,,,,,,
PLCAND00317,Marcianopoli,Marcianopoli,1,Place,Insignia viri illustris magistri officiorum,Oriens,unknown,,Scutaria et armorum,,,,,,,
PLCAND00318,Marcis in litore Saxonico,Marcis in litore Saxonico,1,Place,Dux Belgicae secundae,Occidentis,equites,,Equites Dalmatae,,,,,,,
PLCAND00319,Margo,Margo,1,Place,Dux Moesiae primae,Oriens,auxilia,,Auxilium Margense,,,,,,,
PLCAND00320,Margo,Margo,1,Place,Dux Moesiae primae,Oriens,unknown,Praefectus,classis Stradensis et Germensis,,,,,,,
PLCAND00321,Marinanae,Marinanae,1,Place,Dux provinciae Valeriae,Occidentis,unknown,Tribunus,cohortis,,,,,,,
PLCAND00322,Marmantharum,Marmantharum,1,Place,Dux Syriae,Oriens,cohort,,Cohors tertia Valeria,,,,,,,
PLCAND00542,Tauruno siue Marsonia,Marsonia,2,Place,Dux Pannoniae,Occidentis,auxilia,,Auxilia ascarii,,,,,,,
PLCAND00323,Massiliae Graecorum,Massiliae Graecorum,1,Place,Item praepositurae magistri militum praesentalis a parte peditum,Occidentis,unknown,Praefectus,militum musculariorum,,,,,,,
PLCAND00324,Matrice,Matrice,1,Place,Dux provinciae Valeriae,Occidentis,equites,,Equites promoti,,,,,,,
PLCAND00325,Matthana,Matthana,1,Place,Dux Syriae,Oriens,equites,,Equites sagittarii indigenae,,,,,,,
PLCAND00326,Maximianopoli,Maximianopoli,1,Place,Dux Thebaidos,Oriens,ala,,Ala tertia dromedariorum,,,,,,,
PLCAND00327,Maximianopoli,Maximianopoli,1,Place,Dux Thebaidos,Oriens,equites,,Equites sagittarii indigenae,,,,,,,
PLCAND00328,Mediana,Mediana,1,Place,Dux Osrhoenae,Oriens,equites,,Equites sagittarii indigenae Medianenses,,,,,,,
PLCAND00329,Mediolana,Mediolana,1,Place,Dux Moesiae secundae,Oriens,milites,,Milites Dacisci,,,,,,,
PLCAND00330,Mefa,Mefa,1,Place,Dux Arabiae,Oriens,equites,,Equites promoti indigenae,,,,,,,
PLCAND00331,Mefana - Cartha,Mefana,1,Place,Dux Mesopotamiae,Oriens,equites,,Equites sagittarii indigenae Arabanenses,,,,,,,
PLCAND00333,Melitena,Melitena,1,Place,Dux Armeniae,Oriens,unknown,Praefectus,legionis duodecimae fulminatae,,,,,,,
PLCAND00334,Memfi,Memfi,1,Place,Comes limitis Aegypti,Oriens,legion,,Legio quinta Macadonica,,,,,,,
PLCAND00335,Menochiae,Menochiae,1,Place,Dux Palaestinae,Oriens,equites,,Equites promoti Illyriciani,,,,,,,
PLCAND00336,Metita,Metita,1,Place,Dux Armeniae,Oriens,cohort,,Cohors tertia Ulpia miliaria Petraeorum,,,,,,,
PLCAND00337,Miseno,Miseno,1,Place,Item praepositurae magistri militum praesentalis a parte peditum,Occidentis,unknown,Praefectus,classis Misenatium,,,,,,,
PLCAND00338,Moahile,Moahile,1,Place,Dux Palaestinae,Oriens,equites,,Equites sagittarii indigenae,,,,,,,
PLCAND00339,Mochora,Mochora,1,Place,Dux Armeniae,Oriens,cohort,,Cohors,,,,,,,
PLCAND00340,Mogontiaco,Mogontiaco,1,Place,Dux Mogontiacensis,Occidentis,unknown,Praefectus,militum armigerorum,,,,,,,
PLCAND00341,Moleaatha,Moleaatha,1,Place,Dux Palaestinae,Oriens,cohort,,Cohors prima Flavia,,,,,,,
PLCAND00342,Monte Iovis,Monte Iovis,1,Place,Dux Foenicis,Oriens,ala,,Ala prima Damascena,,,,,,,
PLCAND00343,Morbio,Morbio,1,Place,Dux Britanniarum,Occidentis,unknown,Praefectus,equitum catafractariorum,,,,,,,
PLCAND00344,Motha,Motha,1,Place,Dux Arabiae,Oriens,equites,,Equites scutarii Illyriciani,,,,,,,
PLCAND00345,Mursae,Mursae,1,Place,Dux Pannoniae,Occidentis,unknown,Praefectus,classis Histricae,,,,,,,
PLCAND00346,Muson,Muson,1,Place,Comes limitis Aegypti,Oriens,cohort,,Cohors secunda Thracum,,,,,,,
PLCAND00347,Mutheos,Mutheos,1,Place,Dux Thebaidos,Oriens,cohort,,Cohors scutata civium Romanorum,,,,,,,
PLCAND00348,Naarsafari,Naarsafari,1,Place,Dux Arabiae,Oriens,ala,,Ala secunda Miliarensis,,,,,,,
PLCAND00349,Naithu,Naithu,1,Place,Comes limitis Aegypti,Oriens,cohort,,Cohors prima sagittariorum,,,,,,,
PLCAND00350,Narmunthi,Narmunthi,1,Place,Comes limitis Aegypti,Oriens,cohort,,Cohors quarta Numidarum,,,,,,,
PLCAND00351,Nazala,Nazala,1,Place,Dux Foenicis,Oriens,equites,,Equites promoti indigenae,,,,,,,
PLCAND00352,Nee,Nee,1,Place,Comes limitis Aegypti,Oriens,ala,,Ala octava Vandilorum,,,,,,,
PLCAND00353,Neia,Neia,1,Place,Dux Foenicis,Oriens,ala,,Ala prima Alamannorum,,,,,,,
PLCAND00354,Nemetis,Nemetis,1,Place,Dux Mogontiacensis,Occidentis,unknown,Praefectus,militum vindicum,,,,,,,
PLCAND00355,Neocaesereae,Neocaesereae,1,Place,Dux Syriae,Oriens,equites,,Equites Mauri Illyriciani,,,,,,,
PLCAND00356,Nicomediae,Nicomediae,1,Place,Insignia viri illustris magistri officiorum,Oriens,unknown,,Clibanaria,,,,,,,
PLCAND00357,Nicomediae,Nicomediae,1,Place,Insignia viri illustris magistri officiorum,Oriens,unknown,,Scutaria et armorum,,,,,,,
PLCAND00358,Nitnu,Nitnu,1,Place,Dux Thebaidos,Oriens,cohort,,Cohors nona Tzanorum,,,,,,,
PLCAND00359,Norici mediterranei et ripensis,Norici mediterranei,1,Place,Insignia viri illustris comitis sacrarum largitionum,Occidentis,civil,,"Rationalis summarum Pannoniae prima, Valeriae",,,,,,,
PLCAND00361,Nouas,Nouas,1,Place,Dux Moesiae secundae,Oriens,unknown,Praefectus,legionis primae Italicae,,,,,,,
PLCAND00362,Nouas,Nouas,1,Place,Dux Moesiae secundae,Oriens,unknown,Praefectus,ripae legionis primae Italicae cohortis quintae pedaturae superioris,,,,,,,
PLCAND00363,Nouioduno,Nouioduno,1,Place,Dux Scythiae,Oriens,unknown,Praefectus,legionis primae Ioviae,,,,,,,
PLCAND00364,Nouioduno,Nouioduno,1,Place,Dux Scythiae,Oriens,unknown,Praefectus,ripae legionis primae Ioviae cohortis quintae pedaturae superioris,,,,,,,
PLCAND00365,Nouioduro,Nouioduro,1,Place,Dux Scythiae,Oriens,milites,,Milites primi Constantini,,,,,,,
PLCAND00366,Novariae,Novariae,1,Place,Item praepositurae magistri militum praesentalis a parte peditum,Occidentis,unknown,Praefectus,Sarmatarum gentilium,,,,,,,
PLCAND00079,Arsaciana siue Novas,Novas,2,Place,Dux Pannoniae,Occidentis,auxilia,,Auxilia Novensia,,,,,,,
PLCAND00367,Novas,Novas,1,Place,Dux Pannoniae,Occidentis,equites,,Equites Dalmatae,,,,,,,
PLCAND00368,Noviomago Belgicae secundae,Noviomago Belgicae secundae,1,Place,Item praepositurae magistri militum praesentalis a parte peditum,Occidentis,unknown,Praefectus,laetorum Batavorum Contraginnensium,,,,,,,
PLCAND00369,Novis,Novis,1,Place,Dux Moesiae primae,Oriens,unknown,Praefectus,militum exploratorum,,,,,,,
PLCAND00275,Hibeos - Oaseos maioris,Oaseos maioris,2,Place,Dux Thebaidos,Oriens,ala,,Ala prima Abasgorum,,,,,,,
PLCAND00370,Oasi maiore,Oasi maiore,1,Place,Dux Thebaidos,Oriens,ala,,Ala prima Abasgorum,,,,,,,
PLCAND00371,Oasi minore,Oasi minore,1,Place,Comes limitis Aegypti,Oriens,ala,,Ala secunda Armeniorum,,,,,,,
PLCAND00372,Oasi minore - Trimtheos,Oasi minore,1,Place,Dux Thebaidos,Oriens,ala,,Ala prima Quadorum,,,,,,,
PLCAND00374,Occariba,Occariba,1,Place,Dux Syriae,Oriens,equites,,Equites promoti Illyriciani,,,,,,,
PLCAND00375,Odiabo,Odiabo,1,Place,Dux provinciae Valeriae,Occidentis,equites,,Equites Dalmatae,,,,,,,
PLCAND00376,Oesco,Oesco,1,Place,Dux Daciae ripensis,Oriens,auxilia,,Auxilium Mariensium,,,,,,,
PLCAND00377,Oesco,Oesco,1,Place,Dux Daciae ripensis,Oriens,unknown,Praefectus,legionis quintae Macedonicae,,,,,,,
PLCAND00378,Olenaco,Olenaco,1,Place,Dux Britanniarum,Occidentis,unknown,Praefectus,alae primae Herculeae,,,,,,,
PLCAND00379,Olitione,Olitione,1,Place,Dux provinciae Sequanici,Occidentis,milites,,Milites Latavienses,,,,,,,
PLCAND00380,Ombos,Ombos,1,Place,Dux Thebaidos,Oriens,legion,,Legio tertia Diocletiana,,,,,,,
PLCAND00381,Oneuatha,Oneuatha,1,Place,Dux Foenicis,Oriens,cohort,,Cohors quinta pacta Alamannorum,,,,,,,
PLCAND00382,operum alter,operum alter,1,Place,Insignia viri illustris praefecti praetorio per Illyricum,Oriens,unknown,,Numerarii quatuor; in his auri unus,,,,,,,
PLCAND00383,Opittergii,Opittergii,1,Place,Item praepositurae magistri militum praesentalis a parte peditum,Occidentis,unknown,Praefectus,Sarmatarum gentilium,,,,,,,
PLCAND00384,or the legiones,or the legiones,1,Place,Qui numeri ex praedictis per infrascriptas provincias habeantur:,Occidentis,unknown,,Constantiniani.[same as Constantiaci,,,,,,,
PLCAND00385,Oraba,Oraba,1,Place,Dux Osrhoenae,Oriens,equites,,Equites sagittarii indigenae,,,,,,,
PLCAND00386,Oresa,Oresa,1,Place,Dux Syriae,Oriens,unknown,Praefectus,legionis quartae Scythicae,,,,,,,
PLCAND00387,Osismis,Osismis,1,Place,Dux tractus Armoricani,Occidentis,unknown,Praefectus,militum Maurorum Osismiacorum,,,,,,,
PLCAND00388,Othonae,Othonae,1,Place,Comes litoris Saxonici per Britanniam,Occidentis,unknown,Praepositus,numeri Fortensium,,,,,,,
PLCAND00389,Otthara,Otthara,1,Place,Dux Foenicis,Oriens,equites,,Equites Mauri Illyriciani,,,,,,,
PLCAND00390,Pacatiana,Pacatiana,1,Place,Comes Tingitaniae,Occidentis,unknown,Tribunus,cohortis Pacatianensis,,,,,,,
PLCAND00391,Paetaonio,Paetaonio,1,Place,Item praepositurae magistri militum praesentalis a parte peditum,Occidentis,unknown,Tribunus,cohortis secundae Flaviae Pacatianae,,,,,,,
PLCAND00392,Palmira,Palmira,1,Place,Dux Foenicis,Oriens,unknown,Praefectus,legionis primae Illyricorum,,,,,,,
PLCAND00393,Pampane,Pampane,1,Place,Dux Thebaidos,Oriens,ala,,Ala prima Iovia catafractariorum,,,,,,,
PLCAND00394,Pannoniae primae,Pannoniae primae,1,Place,Insignia viri illustris comitis sacrarum largitionum,Occidentis,unknown,Praepositus,thesaurorum Sabariensium,,,,,,,
PLCAND00395,Pannoniae secundae,Pannoniae secundae,1,Place,Insignia viri illustris comitis sacrarum largitionum,Occidentis,civil,,Procurator gynaecii Sirmensis,,,,,,,
PLCAND00396,Pannoniae secundae - translati Salonis,Pannoniae secundae,1,Place,Insignia viri illustris comitis sacrarum largitionum,Occidentis,civil,,Procurator gynaecii Bassianensis,,,,,,,
PLCAND00140,Caene - Parembole,Parembole,2,Place,Dux Armeniae,Oriens,cohort,,Cohors prima Lepidiana,,,,,,,
PLCAND00398,Parembole,Parembole,1,Place,Comes limitis Aegypti,Oriens,legion,,Legio secunda Traiana,,,,,,,
PLCAND00399,Parisius,Parisius,1,Place,Item praepositurae magistri militum praesentalis a parte peditum,Occidentis,unknown,Praefectus,classis Anderetianorum,,,,,,,
PLCAND00400,Parroduno,Parroduno,1,Place,Dux Raetiae,Occidentis,unknown,Tribunus,cohortis primae Herculeae Raetorum,,,,,,,
PLCAND00401,Patauio,Patauio,1,Place,Item praepositurae magistri militum praesentalis a parte peditum,Occidentis,unknown,Praefectus,Sarmatarum gentilium,,,,,,,
PLCAND00402,Peamu,Peamu,1,Place,Dux Thebaidos,Oriens,cohort,,Cohors undecima Chamauorum,,,,,,,
PLCAND00403,Pelusio,Pelusio,1,Place,Comes limitis Aegypti,Oriens,equites,,Equites stablesiani,,,,,,,
PLCAND00404,Pescla,Pescla,1,Place,Dux Thebaidos,Oriens,ala,,Ala Germanorum,,,,,,,
PLCAND00405,Petrianis,Petrianis,1,Place,Dux Britanniarum,Occidentis,unknown,Praefectus,alae Petrianae,,,,,,,
PLCAND00406,Pictavis,Pictavis,1,Place,Item praepositurae magistri militum praesentalis a parte peditum,Occidentis,unknown,Praefectus,Sarmatarum et Taifalorum gentilium,,,,,,,
PLCAND00407,Pinco,Pinco,1,Place,Dux Moesiae primae,Oriens,cuneus,,Cuneus equtum Constantacorum,,,,,,,
PLCAND00408,Pinco,Pinco,1,Place,Dux Moesiae primae,Oriens,cuneus,,Cuneus equtum Dalmatarum,,,,,,,
PLCAND00409,Pinianis,Pinianis,1,Place,Dux Raetiae,Occidentis,unknown,Tribunus,cohortis quintae Valeriae Frygum,,,,,,,
PLCAND00410,Pithiae,Pithiae,1,Place,Dux Armeniae,Oriens,ala,,Ala prima felix Theodosiana,,,,,,,
PLCAND00411,Poisrietemidos,Poisrietemidos,1,Place,Dux Thebaidos,Oriens,ala,,Ala secunda Hispanorum,,,,,,,
PLCAND00412,Ponte Aeli,Ponte Aeli,1,Place,Dux Britanniarum,Occidentis,unknown,Tribunus,cohortis primae Cornoviorum,,,,,,,
PLCAND00495,Scythiam et Pontum,Pontum,2,Place,Insignia viri illustris comitis largitionum,Oriens,unknown,,per Moesiam,,,,,,,
PLCAND00413,Portu Epatiaci,Portu Epatiaci,1,Place,Dux Belgicae secundae,Occidentis,unknown,Tribunus,militum Neruiorum,,,,,,,
PLCAND00414,Portum Adurni,Portum Adurni,1,Place,Comes litoris Saxonici per Britanniam,Occidentis,unknown,Praepositus,numeri exploratorum,,,,,,,
PLCAND00415,Praesidio,Praesidio,1,Place,Dux Britanniarum,Occidentis,unknown,Praefectus,equitum Dalmatarum,,,,,,,
PLCAND00416,Praesidio,Praesidio,1,Place,Dux Palaestinae,Oriens,cohort,,Cohors quarta Frygium,,,,,,,
PLCAND00417,Precteos,Precteos,1,Place,Dux Thebaidos,Oriens,ala,,Ala prima Valeria dromedariorum,,,,,,,
PLCAND00418,Procolitia,Procolitia,1,Place,Dux Britanniarum,Occidentis,unknown,Tribunus,cohortis primae Batavorum,,,,,,,
PLCAND00419,provinciae Tripolitanae,provinciae Tripolitanae,1,Place,Insignia viri illustris comitis sacrarum largitionum,Occidentis,civil,,Procurator bafii Girbitani,,,,,,,
PLCAND00420,provinciae Viennensis,provinciae Viennensis,1,Place,Insignia viri illustris comitis sacrarum largitionum,Occidentis,civil,,Procurator gynaecii Arelatiensis,,,,,,,
PLCAND00421,Psinaula,Psinaula,1,Place,Dux Thebaidos,Oriens,ala,,Ala secunda Herculia dromedariorum,,,,,,,
PLCAND00422,Quadratis et Eporizio,Quadratis,1,Place,Item praepositurae magistri militum praesentalis a parte peditum,Occidentis,unknown,Praefectus,Sarmatarum gentilium,,,,,,,
PLCAND00424,Quadrato,Quadrato,1,Place,Dux Pannoniae primae,Occidentis,equites,,Equites Mauri,,,,,,,
PLCAND00425,quadriborgio,quadriborgio,1,Place,Dux provinciae Valeriae,Occidentis,unknown,Tribunus,cohortis,,,,,,,
PLCAND00426,Quadriburgio,Quadriburgio,1,Place,Dux Pannoniae primae,Occidentis,equites,,Equites sagittarii,,,,,,,
PLCAND00427,quam civilium,quam civilium,1,Place,Primicerius notariorum,Oriens,unknown,,"Omnis dignitatum et amministrationum notitia, tam militarium",,,,,,,
PLCAND00428,qui adorata clementia principali cum insignibus exit transacto biennio,qui adorata clementia principali cum insignibus exit transacto biennio,1,Place,Proconsul Achaiae,Oriens,unknown,,Principem de scola agentum in rebus ducenarium,,,,,,,
PLCAND00429,qui adorata clementia principalis cum insignibus exit,qui adorata clementia principalis cum insignibus exit,1,Place,Comes limitis Aegypti,Oriens,unknown,,Principem de scola agentum in rebus ducenarium,,,,,,,
PLCAND00430,qui completa militia adorat protector,qui completa militia adorat protector,1,Place,Dux Moesiae primae,Oriens,unknown,,Principem de eodem officio,,,,,,,
PLCAND00431,qui completa militia adorat protector,qui completa militia adorat protector,1,Place,Dux Moesiae secundae,Oriens,unknown,,Principem de eodem officio,,,,,,,
PLCAND00432,qui completa militia adorat protector,qui completa militia adorat protector,1,Place,Dux Scythiae,Oriens,unknown,,Principem de eodem officio,,,,,,,
PLCAND00433,qui completa militia adoratÝprotector,qui completa militia adoratÝprotector,1,Place,Dux Daciae ripensis,Oriens,unknown,,Principem de eodem officio,,,,,,,
PLCAND00434,qui de scola agentum in rebus ducenarius adorata clementia principali cum insignibus exit,qui de scola agentum in rebus ducenarius adorata clementia principali cum insignibus exit,1,Place,Comes Orientis,Oriens,unknown,,Principem,,,,,,,
PLCAND00435,qui de scola agentum in rebus ducenarius adorata clementia principali cum insignibus exit,qui de scola agentum in rebus ducenarius adorata clementia principali cum insignibus exit,1,Place,Praefectus Augustalis,Oriens,unknown,,Principem,,,,,,,
PLCAND00436,qui de scola agentum in rebus ducenarius adorata clementia principali cum insignibus exit,qui de scola agentum in rebus ducenarius adorata clementia principali cum insignibus exit,1,Place,Vicarius dioceseos Asianae,Oriens,unknown,,Principem,,,,,,,
PLCAND00437,qui de scola agentum in rebus ducenarius adorata clementia principali cum insignibus exit transacto biennio,qui de scola agentum in rebus ducenarius adorata clementia principali cum insignibus exit transacto biennio,1,Place,Vicarius dioceseos Ponticae,Oriens,unknown,,Principem,,,,,,,
PLCAND00438,qui de scola agentum in rebus est,qui de scola agentum in rebus est,1,Place,Vicarius dioceseos Thraciarum,Oriens,unknown,,Principem,,,,,,,
PLCAND00439,qui numerarii fiunt,qui numerarii fiunt,1,Place,Insignia viri illustris magisteri militum per Thracias,Oriens,unknown,,Primiscrinios,,,,,,,
PLCAND00440,qui numerarii fiunt,qui numerarii fiunt,1,Place,Insignia viri illustris magistri militum per Illyricum,Oriens,unknown,,Primiscrinios,,,,,,,
PLCAND00441,qui Numerarii fiunt,qui Numerarii fiunt,1,Place,Insignia viri illustris magistri militum praesentalis,Oriens,unknown,,Primiscrinios,,,,,,,
PLCAND00442,qui numerarii fiunt,qui numerarii fiunt,1,Place,Insignia viri illustris magistri militum praesentalis,Oriens,unknown,,Primiscrinios,,,,,,,
PLCAND00443,qui primicerius est exceptorum,qui primicerius est exceptorum,1,Place,Insignia viri illustris comitis largitionum,Oriens,unknown,,Secundocerium offici,,,,,,,
PLCAND00444,qui primicerius est exceptorum,qui primicerius est exceptorum,1,Place,Insignia viri illustris comitis sacrarum largitionum,Occidentis,unknown,,Secundicerium officii,,,,,,,
PLCAND00445,quibus non licet ad aliam transire militiam sine annotatione clementiae principalis,quibus non licet ad aliam transire militiam sine annotatione clementiae principalis,1,Place,Consularis Campaniae,Occidentis,unknown,,Exceptores et reliquos cohortalinos,,,,,,,
PLCAND00446,quibus non licet ad aliam transire militiam sine annotatione clementiae principalis,quibus non licet ad aliam transire militiam sine annotatione clementiae principalis,1,Place,Consularis Palaestinae,Oriens,unknown,,Exceptores et ceteros cohortalinos,,,,,,,
PLCAND00447,quibus non licet ad aliam transire militiam sine annotatione clementiae principalis,quibus non licet ad aliam transire militiam sine annotatione clementiae principalis,1,Place,Corrector Apuliae et Calabriae,Occidentis,unknown,,Exceptores et ceteros cohortalinos,,,,,,,
PLCAND00448,quibus non licet ad aliam transire militiam sine annotatione clementiae principalis,quibus non licet ad aliam transire militiam sine annotatione clementiae principalis,1,Place,Praeses Dalmatiae,Occidentis,unknown,,Exceptores et reliquos cohortalinos,,,,,,,
PLCAND00449,quibus non licet ad aliam transire militiam sine annotatione clementiae principalis,quibus non licet ad aliam transire militiam sine annotatione clementiae principalis,1,Place,Praeses Thebaidos,Oriens,unknown,,Exceptores et ceteros cohortalinos,,,,,,,
PLCAND00450,Quintanis,Quintanis,1,Place,Dux Raetiae,Occidentis,unknown,Praefectus,alae primae Flaviae Raetorum,,,,,,,
PLCAND00451,Raetiae secundae,Raetiae secundae,1,Place,Insignia viri illustris comitis sacrarum largitionum,Occidentis,unknown,Praepositus,thesaurorum Augustae Vindelicensis,,,,,,,
PLCAND00452,Rasin,Rasin,1,Place,Dux Osrhoenae,Oriens,equites,,Equites primi Osrhoeni,,,,,,,
PLCAND00453,Ratiaria,Ratiaria,1,Place,Dux Daciae ripensis,Oriens,unknown,Praefectus,legionis tertiaedecimae geminae,,,,,,,
PLCAND00454,Ravennae,Ravennae,1,Place,Item praepositurae magistri militum praesentalis a parte peditum,Occidentis,unknown,Praefectus,classis Ravennatium cum curis eiusdem civitatis,,,,,,,
PLCAND00455,Ravennae,Ravennae,1,Place,Item praepositurae magistri militum praesentalis a parte peditum,Occidentis,unknown,Praefectus,militum iuniorum Italicorum,,,,,,,
PLCAND00456,Redonas Lugdensis tertiae,Redonas Lugdensis tertiae,1,Place,Item praepositurae magistri militum praesentalis a parte peditum,Occidentis,unknown,Praefectus,laetorum Francorum,,,,,,,
PLCAND00457,Regionis Samnitis,Regionis Samnitis,1,Place,Item praepositurae magistri militum praesentalis a parte peditum,Occidentis,unknown,Praefectus,Sarmatarum gentilium,,,,,,,
PLCAND00458,Regulbio,Regulbio,1,Place,Comes litoris Saxonici per Britanniam,Occidentis,unknown,Tribunus,cohortis primae Baetasiorum,,,,,,,
PLCAND00459,Remo et Silvanectas Belgicae secundae,Remo,1,Place,Item praepositurae magistri militum praesentalis a parte peditum,Occidentis,unknown,Praefectus,laetorum gentilium,,,,,,,
PLCAND00461,Rene,Rene,1,Place,Dux Foenicis,Oriens,ala,,Ala prima Foenicum,,,,,,,
PLCAND00462,Resaia,Resaia,1,Place,Dux Osrhoenae,Oriens,ala,,Ala prima Parthorum,,,,,,,
PLCAND00463,Resain - Theodosiopoli,Resain,1,Place,Dux Mesopotamiae,Oriens,equites,,Equites promoti Illyriciani,,,,,,,
PLCAND00465,Ricti,Ricti,1,Place,Dux Pannoniae,Occidentis,equites,,Equites Dalmatae,,,,,,,
PLCAND00466,Rinocoruna,Rinocoruna,1,Place,Comes limitis Aegypti,Oriens,ala,,Ala veterana Gallorum,,,,,,,
PLCAND00467,Ripa Alta,Ripa Alta,1,Place,Dux provinciae Valeriae,Occidentis,equites,,Equites Dalmatae,,,,,,,
PLCAND00468,Ripaltha,Ripaltha,1,Place,Dux Mesopotamiae,Oriens,ala,,Ala octava Flavia Francorum,,,,,,,
PLCAND00360,Norici mediterranei et ripensis,ripensis,2,Place,Insignia viri illustris comitis sacrarum largitionum,Occidentis,civil,,"Rationalis summarum Pannoniae prima, Valeriae",,,,,,,
PLCAND00469,Robatha,Robatha,1,Place,Dux Palaestinae,Oriens,equites,,Equites sagittarii indigenae,,,,,,,
PLCAND00470,Rosafa,Rosafa,1,Place,Dux Syriae,Oriens,equites,,Equites promoti indigenae,,,,,,,
PLCAND00471,Rotomago,Rotomago,1,Place,Dux tractus Armoricani,Occidentis,unknown,Praefectus,militum Ursariensium,,,,,,,
PLCAND00472,Rutupis,Rutupis,1,Place,Comes litoris Saxonici per Britanniam,Occidentis,unknown,Praefectus,legionis secundae Augustae,,,,,,,
PLCAND00473,Sabaiae,Sabaiae,1,Place,Dux Palaestinae,Oriens,equites,,Equites promiti indigenae,,,,,,,
PLCAND00474,Sabbu,Sabbu,1,Place,Dux Armeniae,Oriens,equites,,Equites sagittarii,,,,,,,
PLCAND00475,Sabure siue Veterocariae,Sabure,1,Place,Dux Palaestinae,Oriens,equites,,Equites primi felices Palaestini,,,,,,,
PLCAND00477,Sacidaua,Sacidaua,1,Place,Dux Scythiae,Oriens,cuneus,,Cuneus equitum scutariorum,,,,,,,
PLCAND00478,Sala,Sala,1,Place,Comes Tingitaniae,Occidentis,unknown,Tribunus,cohortis .......,,,,,,,
PLCAND00479,Saletione,Saletione,1,Place,Dux Mogontiacensis,Occidentis,unknown,Praefectus,militum Pacensium,,,,,,,
PLCAND00480,Salsouia,Salsouia,1,Place,Dux Scythiae,Oriens,milites,,Milites quinti Constantini,,,,,,,
PLCAND00481,Saltatha,Saltatha,1,Place,Dux Foenicis,Oriens,equites,,Equites promoti indigenae,,,,,,,
PLCAND00482,Salutaria,Salutaria,1,Place,Dux Syriae,Oriens,ala,,Ala prima Iuthungorum,,,,,,,
PLCAND00483,Saradiniae et Corsicae,Saradiniae,1,Place,Insignia viri illustris comitis sacrarum largitionum,Occidentis,civil,,"Rationalis summarum Trum provinciarum, id est Siciliae",,,,,,,
PLCAND00485,Sardis Lydiae,Sardis Lydiae,1,Place,Insignia viri illustris magistri officiorum,Oriens,unknown,,Scutaria et armorum,,,,,,,
PLCAND00486,Satala,Satala,1,Place,Dux Armeniae,Oriens,unknown,Praefectus,legionis quintadecimae Apollinaris,,,,,,,
PLCAND00211,Dalmatiae et Saviae,Saviae,2,Place,Insignia viri illustris comitis sacrarum largitionum,Occidentis,civil,,Rationalis summarum Pannoniae secundae,,,,,,,
PLCAND00487,Saviae,Saviae,1,Place,Insignia viri illustris comitis sacrarum largitionum,Occidentis,unknown,Praepositus,thesaurorum Siscianorum,,,,,,,
PLCAND00488,Scenas extra Gerasa,Scenas extra Gerasa,1,Place,Comes limitis Aegypti,Oriens,ala,,Ala prima Herculia,,,,,,,
PLCAND00489,Scenas Mandrorum,Scenas Mandrorum,1,Place,Comes limitis Aegypti,Oriens,ala,,Ala septima Sarmatarum,,,,,,,
PLCAND00490,Scenas Ueteranorum,Scenas Ueteranorum,1,Place,Comes limitis Aegypti,Oriens,equites,,Equites Saraceni Thamudeni,,,,,,,
PLCAND00491,Scenas Veteranorum,Scenas Veteranorum,1,Place,Comes limitis Aegypti,Oriens,ala,,Ala quinta Raetorum,,,,,,,
PLCAND00492,scordiscorum et armorum,scordiscorum,1,Place,Insignia viri illustris magistri officiorum,Occidentis,unknown,,Sirmensis scutorum,,,,,,,
PLCAND00494,Scythiam et Pontum,Scythiam,1,Place,Insignia viri illustris comitis largitionum,Oriens,unknown,,per Moesiam,,,,,,,
PLCAND00496,Sebastopolis,Sebastopolis,1,Place,Dux Armeniae,Oriens,cohort,,Cohors prima Claudia equitata,,,,,,,
PLCAND00497,Secundarum,Secundarum,1,Place,Dux Pannoniae,Occidentis,cuneus,,Cuneus equitum Italicianorum,,,,,,,
PLCAND00498,Securisca,Securisca,1,Place,Dux Moesiae secundae,Oriens,cuneus,,Cuneus equitum scutariorum,,,,,,,
PLCAND00499,sed adiutorem de scola notariorum,sed adiutorem de scola notariorum,1,Place,Primicerius notariorum,Oriens,unknown,,Officium autem non habet,,,,,,,
PLCAND00500,sed adiutores de scriniis quos voluerit,sed adiutores de scriniis quos voluerit,1,Place,Insignia viri illustris quaestoris,Oriens,unknown,,Officium non habet,,,,,,,
PLCAND00501,sed adiutores electos de scriniis,sed adiutores electos de scriniis,1,Place,Magistri scriniorum. MemoriaeÝÝ EpistolarumÝÝ LibellorumÝÝ Graecarum,Oriens,unknown,,Officium autem de ipsi nemo habet,,,,,,,
PLCAND00502,Segeduno,Segeduno,1,Place,Dux Britanniarum,Occidentis,unknown,Tribunus,cohortis quartae Lingonum,,,,,,,
PLCAND00503,Selle,Selle,1,Place,Comes limitis Aegypti,Oriens,ala,,Ala prima Aegyptiorum,,,,,,,
PLCAND00504,Serianae,Serianae,1,Place,Dux Syriae,Oriens,equites,,Equites scutarii Illyriciani,,,,,,,
PLCAND00505,Seruitii,Seruitii,1,Place,Dux Pannoniae,Occidentis,unknown,Praefectus,classis primae Pannonicae,,,,,,,
PLCAND00506,Sexagintaprista,Sexagintaprista,1,Place,Dux Moesiae secundae,Oriens,cuneus,,Cuneus equitum armigerorum,,,,,,,
PLCAND00507,Sexagintaprista,Sexagintaprista,1,Place,Dux Moesiae secundae,Oriens,unknown,Praefectus,ripae legionis primae Italicae cohortis quintae pedaturae inferioris,,,,,,,
PLCAND00509,Silili,Silili,1,Place,Dux Thebaidos,Oriens,cohort,,Cohors prima Apamenorum,,,,,,,
PLCAND00510,Siluanis,Siluanis,1,Place,Dux Armeniae,Oriens,ala,,Ala felix Theodosiana,,,,,,,
PLCAND00460,Remo et Silvanectas Belgicae secundae,Silvanectas Belgicae secundae,2,Place,Item praepositurae magistri militum praesentalis a parte peditum,Occidentis,unknown,Praefectus,laetorum gentilium,,,,,,,
PLCAND00511,Sina Iudaeorum,Sina Iudaeorum,1,Place,Dux Osrhoenae,Oriens,equites,,Equites promoti indigenae,,,,,,,
PLCAND00512,Singiduno,Singiduno,1,Place,Dux Moesiae primae,Oriens,unknown,Praefectus,legionis quartae Flaviae,,,,,,,
PLCAND00513,Siosta,Siosta,1,Place,Dux Daciae ripensis,Oriens,unknown,Tribunus,cohortis secundorum reducum,,,,,,,
PLCAND00514,Sirmi,Sirmi,1,Place,Dux Pannoniae,Occidentis,ala,,Ala Sirmensis,,,,,,,
PLCAND00515,Sirmi,Sirmi,1,Place,Dux Pannoniae,Occidentis,unknown,Praefectus,classis primae Flaviae Augustae,,,,,,,
PLCAND00516,Sirmi,Sirmi,1,Place,Dux Pannoniae,Occidentis,unknown,Praefectus,militum Calcariensium,,,,,,,
PLCAND00517,Sisciae,Sisciae,1,Place,Dux Pannoniae,Occidentis,unknown,Tribunus,cohortis tertiae Alpinorum,,,,,,,
PLCAND00518,Sisila,Sisila,1,Place,Dux Armeniae,Oriens,cohort,,Cohors miliaria Germanorum,,,,,,,
PLCAND00519,Solua,Solua,1,Place,Dux provinciae Valeriae,Occidentis,equites,,Equites Mauri,,,,,,,
PLCAND00520,Solue,Solue,1,Place,Dux provinciae Valeriae,Occidentis,cuneus,,Cuneus equitum scutatorum,,,,,,,
PLCAND00521,Sosteos,Sosteos,1,Place,Comes limitis Aegypti,Oriens,ala,,Ala secunda Assyriorum,,,,,,,
PLCAND00522,Speluncis,Speluncis,1,Place,Dux Arabiae,Oriens,equites,,Equites promoti indigenae,,,,,,,
PLCAND00523,Submuntorio,Submuntorio,1,Place,Dux Raetiae,Occidentis,equites,,Equites stablesiani iuniores,,,,,,,
PLCAND00524,Submuntorio,Submuntorio,1,Place,Dux Raetiae,Occidentis,unknown,Praefectus,legionis tertiae Italicae partis superioris deputatae ripae primae,,,,,,,
PLCAND00525,Sucidaua,Sucidaua,1,Place,Dux Daciae ripensis,Oriens,unknown,Praefectus,legionis quintae Macedonicae,,,,,,,
PLCAND00526,Sucidaua,Sucidaua,1,Place,Dux Moesiae secundae,Oriens,cuneus,,Cuneus equitum stablesianorum,,,,,,,
PLCAND00527,Suene,Suene,1,Place,Dux Thebaidos,Oriens,cohort,,Cohors quinta Suentium,,,,,,,
PLCAND00528,Suissa,Suissa,1,Place,Dux Armeniae,Oriens,ala,,Ala prima Ulpia Dacorum,,,,,,,
PLCAND00529,Sura,Sura,1,Place,Dux Syriae,Oriens,unknown,Praefectus,legionis sextaedecimae Flaviae firmae,,,,,,,
PLCAND00530,Syene,Syene,1,Place,Dux Thebaidos,Oriens,milites,,Milites Miliarenses,,,,,,,
PLCAND00531,Tabernas,Tabernas,1,Place,Comes Tingitaniae,Occidentis,unknown,Tribunus,cohortis tertiae Asturum,,,,,,,
PLCAND00532,Tabernis,Tabernis,1,Place,Dux Mogontiacensis,Occidentis,unknown,Praefectus,militum Menapiorum,,,,,,,
PLCAND00533,Tacasiria,Tacasiria,1,Place,Comes limitis Aegypti,Oriens,ala,,Ala secunda Aegyptiorum,,,,,,,
PLCAND00534,Talamonio,Talamonio,1,Place,Dux Scythiae,Oriens,cuneus,,Cuneus equitum Arcadum,,,,,,,
PLCAND00535,Taliata,Taliata,1,Place,Dux Moesiae primae,Oriens,auxilia,,Auxilium Taliatense,,,,,,,
PLCAND00536,Taliatae,Taliatae,1,Place,Dux Moesiae primae,Oriens,unknown,Praefectus,militum exploratorum,,,,,,,
PLCAND00537,Tamuco,Tamuco,1,Place,Comes Tingitaniae,Occidentis,unknown,Praefectus,alae Herculeae,,,,,,,
PLCAND00538,Tarba,Tarba,1,Place,Dux Palaestinae,Oriens,cohort,,Cohors prima agentenaria,,,,,,,
PLCAND00539,Taurinis,Taurinis,1,Place,Item praepositurae magistri militum praesentalis a parte peditum,Occidentis,unknown,Praefectus,Sarmatarum gentilium,,,,,,,
PLCAND00540,Tauruno,Tauruno,1,Place,Dux Pannoniae,Occidentis,equites,,Equites promoti,,,,,,,
PLCAND00541,Tauruno siue Marsonia,Tauruno,1,Place,Dux Pannoniae,Occidentis,auxilia,,Auxilia ascarii,,,,,,,
PLCAND00543,Teglicio,Teglicio,1,Place,Dux Moesiae secundae,Oriens,milites,,Milites Moesiaci,,,,,,,
PLCAND00544,Tegra,Tegra,1,Place,Dux Moesiae secundae,Oriens,cuneus,,Cuneus equitum secundorum armigerorum,,,,,,,
PLCAND00545,Tentira,Tentira,1,Place,Dux Thebaidos,Oriens,equites,,Equites sagittarii indigenae,,,,,,,
PLCAND00546,Teriolis,Teriolis,1,Place,Dux Raetiae,Occidentis,unknown,Tribunus,gentis per Raetias deputatae,,,,,,,
PLCAND00547,Teriolis,Teriolis,1,Place,Dux Raetiae,Occidentis,unknown,Praefectus,legionis tertiae Italicae transvectioni specierum deputatae,,,,,,,
PLCAND00064,Aquis siue Tertona,Tertona,2,Place,Item praepositurae magistri militum praesentalis a parte peditum,Occidentis,unknown,Praefectus,Sarmatarum gentilium,,,,,,,
PLCAND00548,Teutibarcio,Teutibarcio,1,Place,Dux Pannoniae,Occidentis,equites,,Equites promoti,,,,,,,
PLCAND00549,Teutiborgio,Teutiborgio,1,Place,Dux Pannoniae,Occidentis,cuneus,,Cuneus equitum Dalmatarum,,,,,,,
PLCAND00550,Teutiborgio,Teutiborgio,1,Place,Dux Pannoniae,Occidentis,unknown,Praefectus,legionis sextae Herculeae,,,,,,,
PLCAND00551,Thainatha,Thainatha,1,Place,Dux Arabiae,Oriens,ala,,Ala prima Valentiana,,,,,,,
PLCAND00552,Thama,Thama,1,Place,Dux Foenicis,Oriens,cohort,,Cohors prima Orientalis,,,,,,,
PLCAND00553,Thamana,Thamana,1,Place,Dux Palaestinae,Oriens,cohort,,Cohors quarta Palaestinorum,,,,,,,
PLCAND00554,Thannuri,Thannuri,1,Place,Dux Mesopotamiae,Oriens,equites,,Equites sagittarii indigenae,,,,,,,
PLCAND00555,Thaubasteos,Thaubasteos,1,Place,Comes limitis Aegypti,Oriens,ala,,Ala secunda Ulpia Afrorum,,,,,,,
PLCAND00556,Thebas,Thebas,1,Place,Dux Thebaidos,Oriens,legion,,Legio tertia Diocletiana,,,,,,,
PLCAND00557,Thelsee,Thelsee,1,Place,Dux Foenicis,Oriens,equites,,Equites Saraceni,,,,,,,
PLCAND00558,Thenenuthi,Thenenuthi,1,Place,Comes limitis Aegypti,Oriens,ala,,Ala tertia Arabum,,,,,,,
PLCAND00464,Resain - Theodosiopoli,Theodosiopoli,2,Place,Dux Mesopotamiae,Oriens,equites,,Equites promoti Illyriciani,,,,,,,
PLCAND00559,Theraco,Theraco,1,Place,Dux Thebaidos,Oriens,unknown,,;Cohors prima Lusitanorum,,,,,,,
PLCAND00560,Thilbisme,Thilbisme,1,Place,Dux Mesopotamiae,Oriens,equites,,Equites sagittarii indigenae Thibithenses,,,,,,,
PLCAND00561,Thillaamana,Thillaamana,1,Place,Dux Osrhoenae,Oriens,cohort,,Cohors prima Gaetulorum,,,,,,,
PLCAND00562,Thillacama,Thillacama,1,Place,Dux Osrhoenae,Oriens,ala,,Ala septima Valeria praelectorum,,,,,,,
PLCAND00563,Thillafica,Thillafica,1,Place,Dux Osrhoenae,Oriens,ala,,Ala secunda Paflagonum,,,,,,,
PLCAND00564,Thillazamana,Thillazamana,1,Place,Dux Osrhoenae,Oriens,equites,,Equites sagittarii indigenae,,,,,,,
PLCAND00565,Thinunepis,Thinunepis,1,Place,Comes limitis Aegypti,Oriens,ala,,Ala prima Tingitana,,,,,,,
PLCAND00566,Thmou,Thmou,1,Place,Dux Thebaidos,Oriens,ala,,Ala prima Hiberorum,,,,,,,
PLCAND00567,Tohu,Tohu,1,Place,Comes limitis Aegypti,Oriens,cohort,,Cohors prima Augusta Pannoniorum,,,,,,,
PLCAND00568,Toloha,Toloha,1,Place,Dux Palaestinae,Oriens,ala,,Ala Constantiana,,,,,,,
PLCAND00569,Touia -contra Bintha,Touia -contra Bintha,1,Place,Dux Osrhoenae,Oriens,ala,,Ala prima Victoriae,,,,,,,
PLCAND00570,Transalba,Transalba,1,Place,Dux Daciae ripensis,Oriens,auxilia,,Auxilium Miliarensium,,,,,,,
PLCAND00571,Transdiernis,Transdiernis,1,Place,Dux Daciae ripensis,Oriens,unknown,Praefectus,militum exploratorum,,,,,,,
PLCAND00572,Transdrobeta,Transdrobeta,1,Place,Dux Daciae ripensis,Oriens,unknown,Praefectus,legionis tertiaedecimae geminae,,,,,,,
PLCAND00573,Transiacinco,Transiacinco,1,Place,Dux provinciae Valeriae,Occidentis,unknown,Praefectus,legionis,,,,,,,
PLCAND00397,Pannoniae secundae - translati Salonis,translati Salonis,2,Place,Insignia viri illustris comitis sacrarum largitionum,Occidentis,civil,,Procurator gynaecii Bassianensis,,,,,,,
PLCAND00574,Transluco,Transluco,1,Place,Dux Daciae ripensis,Oriens,auxilia,,Auxilium Claustrinorum,,,,,,,
PLCAND00575,Transmariscae,Transmariscae,1,Place,Dux Moesiae secundae,Oriens,milites,,Milites Novenses,,,,,,,
PLCAND00576,Transmariscae,Transmariscae,1,Place,Dux Moesiae secundae,Oriens,unknown,Praefectus,ripae legionis undecimae Claudiae cohortis quintae pedaturae inferioris,,,,,,,
PLCAND00577,Transmariscae,Transmariscae,1,Place,Dux Moesiae secundae,Oriens,unknown,Praefectus,ripae legionis undecimae Claudiae cohortis quintae pedaturae superioris,,,,,,,
PLCAND00578,Trapezunta,Trapezunta,1,Place,Dux Armeniae,Oriens,unknown,Praefectus,legionis primae Ponticae,,,,,,,
PLCAND00579,Tricomia,Tricomia,1,Place,Dux Arabiae,Oriens,equites,,Equites promoti Illyriciani,,,,,,,
PLCAND00580,Tricornio,Tricornio,1,Place,Dux Moesiae primae,Oriens,auxilia,,Auxiliares Tricornienses,,,,,,,
PLCAND00581,Tricornio,Tricornio,1,Place,Dux Moesiae primae,Oriens,auxilia,,Auxilium Aureomontanum,,,,,,,
PLCAND00582,Tricornio,Tricornio,1,Place,Dux Moesiae primae,Oriens,cuneus,,Cuneus equtum sagittariorum,,,,,,,
PLCAND00583,Trimammio,Trimammio,1,Place,Dux Moesiae secundae,Oriens,milites,,Milites Constantini,,,,,,,
PLCAND00373,Oasi minore - Trimtheos,Trimtheos,2,Place,Dux Thebaidos,Oriens,ala,,Ala prima Quadorum,,,,,,,
PLCAND00584,Trosmis,Trosmis,1,Place,Dux Scythiae,Oriens,milites,,Milites secundi Constantini,,,,,,,
PLCAND00585,Trosmis,Trosmis,1,Place,Dux Scythiae,Oriens,unknown,Praefectus,legionis secundae Herculiae,,,,,,,
PLCAND00586,Tunnocelo,Tunnocelo,1,Place,Dux Britanniarum,Occidentis,unknown,Tribunus,cohortis primae Aeliae classicae,,,,,,,
PLCAND00587,Ualtha,Ualtha,1,Place,Dux Arabiae,Oriens,cohort,,Cohors octava voluntaria,,,,,,,
PLCAND00588,Ulucitra,Ulucitra,1,Place,Dux Moesiae secundae,Oriens,cohort,,Cohors quarta Gallorum,,,,,,,
PLCAND00589,Uto,Uto,1,Place,Dux Daciae ripensis,Oriens,cuneus,,Cuneus equitum Constantinianorum,,,,,,,
PLCAND00590,Vale Alba,Vale Alba,1,Place,Dux Foenicis,Oriens,cohort,,Cohors prima Iulia lectorum,,,,,,,
PLCAND00591,Valentia,Valentia,1,Place,Dux Armeniae,Oriens,cohort,,Cohors prima Theodosiana,,,,,,,
PLCAND00592,Vallatio,Vallatio,1,Place,Dux Raetiae,Occidentis,unknown,Praefectus,alae secundae Valeriae singularis,,,,,,,
PLCAND00593,Valle Diocletiana,Valle Diocletiana,1,Place,Dux Foenicis,Oriens,cohort,,Cohors secunda Aegyptiorum,,,,,,,
PLCAND00594,Vangiones,Vangiones,1,Place,Dux Mogontiacensis,Occidentis,unknown,Praefectus,militum secundae Flaviae,,,,,,,
PLCAND00595,Varina,Varina,1,Place,Dux Daciae ripensis,Oriens,cuneus,,Cuneus equitum Dalmatarum,,,,,,,
PLCAND00596,Variniana,Variniana,1,Place,Dux Daciae ripensis,Oriens,unknown,Praefectus,legionis quintae Macedonicae,,,,,,,
PLCAND00597,Veleia,Veleia,1,Place,Item praepositurae magistri militum praesentalis a parte peditum,Occidentis,unknown,Tribunus,cohortis primae Gallicae,,,,,,,
PLCAND00598,Venaxamodorum,Venaxamodorum,1,Place,Dux Raetiae,Occidentis,unknown,Tribunus,cohortis sextae Valeriaae Raetorum,,,,,,,
PLCAND00599,Venetiae,Venetiae,1,Place,Insignia viri illustris comitis sacrarum largitionum,Occidentis,unknown,Praepositus,thesaurorum Aquileiensium,,,,,,,
PLCAND00600,Venetiae et Histriae,Venetiae,1,Place,Insignia viri illustris comitis sacrarum largitionum,Occidentis,civil,,Procurator bafii Cissensis,,,,,,,
PLCAND00602,Venetiae inferioris,Venetiae inferioris,1,Place,Insignia viri illustris comitis sacrarum largitionum,Occidentis,civil,,Procurator gynaecii Aquileiensis,,,,,,,
PLCAND00603,Veranoca,Veranoca,1,Place,Dux Foenicis,Oriens,cohort,,Cohors tetria Herculia,,,,,,,
PLCAND00604,Vercellis,Vercellis,1,Place,Item praepositurae magistri militum praesentalis a parte peditum,Occidentis,unknown,Praefectus,Sarmatarum gentilium,,,,,,,
PLCAND00605,Veriaraca,Veriaraca,1,Place,Dux Foenicis,Oriens,ala,,Ala noun Diocletiana,,,,,,,
PLCAND00606,Verofabula,Verofabula,1,Place,Dux Foenicis,Oriens,ala,,Ala prima Saxonum,,,,,,,
PLCAND00607,Verteris,Verteris,1,Place,Dux Britanniarum,Occidentis,unknown,Praefectus,numeri directorum,,,,,,,
PLCAND00476,Sabure siue Veterocariae,Veterocariae,2,Place,Dux Palaestinae,Oriens,equites,,Equites primi felices Palaestini,,,,,,,
PLCAND00608,Vetusalinae,Vetusalinae,1,Place,Dux provinciae Valeriae,Occidentis,equites,,Equites Dalmatae,,,,,,,
PLCAND00609,Vico Iulio,Vico Iulio,1,Place,Dux Mogontiacensis,Occidentis,unknown,Praefectus,militum Anderetianorum,,,,,,,
PLCAND00610,Viennae siue Arelati,Viennae,1,Place,Item praepositurae magistri militum praesentalis a parte peditum,Occidentis,unknown,Praefectus,classis fluminis Rhodani,,,,,,,
PLCAND00612,Vimania,Vimania,1,Place,Dux Raetiae,Occidentis,unknown,Praefectus,alae secundae Valeriae Sequanorum,,,,,,,
PLCAND00613,Viminacio,Viminacio,1,Place,Dux Moesiae primae,Oriens,cuneus,,Cuneus equtum promotorum,,,,,,,
PLCAND00614,Viminacio,Viminacio,1,Place,Dux Moesiae primae,Oriens,unknown,Praefectus,classis Histricae,,,,,,,
PLCAND00615,Vincentiae,Vincentiae,1,Place,Dux provinciae Valeriae,Occidentis,unknown,Tribunus,cohortis,,,,,,,
PLCAND00616,Vindobala,Vindobala,1,Place,Dux Britanniarum,Occidentis,unknown,Tribunus,cohortis primae Frixagorum,,,,,,,
PLCAND00617,Vindolana,Vindolana,1,Place,Dux Britanniarum,Occidentis,unknown,Tribunus,cohortis quartae Gallorum,,,,,,,
PLCAND00077,Arrunto siue Vindomanae,Vindomanae,2,Place,Dux Pannoniae primae,Occidentis,unknown,Praefectus,classis Histricae,,,,,,,
PLCAND00618,Vindomarae,Vindomarae,1,Place,Dux Pannoniae primae,Occidentis,unknown,Praefectus,legionis decimae geminae,,,,,,,
PLCAND00619,Virosido,Virosido,1,Place,Dux Britanniarum,Occidentis,unknown,Tribunus,cohortis sextae Neruiorum,,,,,,,
PLCAND00620,Ysiporto,Ysiporto,1,Place,Dux Armeniae,Oriens,cohort,,Cohors Apuleia civium Romanorum,,,,,,,
PLCAND00621,Zernis,Zernis,1,Place,Dux Daciae ripensis,Oriens,unknown,Praefectus,legionis tertiaedecimae geminae,,,,,,,
PLCAND00622,Ziganne,Ziganne,1,Place,Dux Armeniae,Oriens,cohort,,Cohors secunda Valentiana,,,,,,,
PLCAND00623,Ziza,Ziza,1,Place,Dux Arabiae,Oriens,equites,,Equites Dalmatae Illyriciani,,,,,,,
PLCAND00624,Zmirnae,Zmirnae,1,Place,Dux Moesiae primae,Oriens,unknown,Praefectus,militum exploratorum,,,,,,,
PLCAND00625,Zoarae,Zoarae,1,Place,Dux Palaestinae,Oriens,equites,,Equites sagittarii indigenae,,,,,,,
PLCAND00626,Zodocathae,Zodocathae,1,Place,Dux Palaestinae,Oriens,equites,,Equites promiti indigenae,,,,,,,
PLCAND00208,Dalmatiae,Dalmatiae,1,Province,Insignia viri illustris comitis sacrarum largitionum,Occidentis,civil,,Procurator bafii Salonitani,,,,,,,
PLCAND00209,Dalmatiae,Dalmatiae,1,Province,Insignia viri illustris comitis sacrarum largitionum,Occidentis,unknown,Praepositus,thesaurorum Salonitanorum,,,,,,,
PLCAND00303,Liguriae,Liguriae,1,Province,Insignia viri illustris comitis sacrarum largitionum,Occidentis,civil,,Procurator gynaecii Mediolanensis,,,,,,,
PLCAND00304,Liguriae,Liguriae,1,Province,Insignia viri illustris comitis sacrarum largitionum,Occidentis,unknown,Praepositus,thesaurorum Mediolanensium,,,,,,,
PLCAND00508,Siciliae,Siciliae,1,Province,Insignia viri illustris comitis sacrarum largitionum,Occidentis,civil,,Procurator bafii Syracusani,,,,,,,
PLCAND00028,Africae,Africae,1,Region,Insignia viri illustris comitis sacrarum largitionum,Occidentis,civil,,Procurator gynaecii Carthagiensis,,,,,,,
PLCAND00255,Galliarum,Galliarum,1,Region,Insignia viri illustris comitis sacrarum largitionum,Occidentis,civil,,Procurator bafii Telonensis,,,,,,,
PLCAND00256,Galliarum,Galliarum,1,Region,Insignia viri illustris comitis sacrarum largitionum,Occidentis,civil,,Procurator linyfii Viennensis,,,,,,,
PLCAND00286,Italiae,Italiae,1,Region,Insignia viri illustris comitis sacrarum largitionum,Occidentis,civil,,Procurator linyfii Ravennatis,,,,,,,
