occurrenceId,document,chapter,sourceLine,placeName,placeSource,office,unit,declaredProvince,explicitProvince,hardProvince,softProvince,expectedProvince,region,contextText
OCC000003,Occidentis,Insignia viri illustris magistri officiorum,717,Acincensis,factory,,Acincensis scutaria,Illyrico,,Illyrico,,Illyrico,ILLYRICUM,Insignia viri illustris magistri officiorum / Insignia viri illustris magistri officiorum / Fabricae infrascriptae / In Illyrico
OCC000004,Occidentis,Insignia viri illustris magistri officiorum,718,Cornutensis,factory,,Cornutensis scutaria,Illyrico,,Illyrico,,Illyrico,ILLYRICUM,Insignia viri illustris magistri officiorum / Insignia viri illustris magistri officiorum / Fabricae infrascriptae / In Illyrico
OCC000006,Occidentis,Insignia viri illustris magistri officiorum,720,Salonitana,factory,,Salonitana armorum,Illyrico,,Illyrico,,Illyrico,ILLYRICUM,Insignia viri illustris magistri officiorum / Insignia viri illustris magistri officiorum / Fabricae infrascriptae / In Illyrico
OCC000009,Occidentis,Insignia viri illustris magistri officiorum,724,Manutuana,factory,,Manutuana loricaria,,,,,,ITALIA,Insignia viri illustris magistri officiorum / Insignia viri illustris magistri officiorum / Fabricae infrascriptae / Italiae
OCC000011,Occidentis,Insignia viri illustris magistri officiorum,726,Ticenensis,factory,,Ticenensis arcuaria,,,,,,ITALIA,Insignia viri illustris magistri officiorum / Insignia viri illustris magistri officiorum / Fabricae infrascriptae / Italiae
OCC000044,Occidentis,Insignia viri illustris comitis sacrarum largitionum,800,Aspalato,transfer,Procurator,gynaecii Iovensis Dalmatiae - Aspalato,dalmatiae,,dalmatiae,,dalmatiae,,Insignia viri illustris comitis sacrarum largitionum / Insignia viri illustris comitis sacrarum largitionum / Procuratores gynaeciorum
OCC000049,Occidentis,Insignia viri illustris comitis sacrarum largitionum,804,Venusini,unit,Procurator,gynaecii Canusini et Venusini,Apuliae,,Apuliae,,Apuliae,,Insignia viri illustris comitis sacrarum largitionum / Insignia viri illustris comitis sacrarum largitionum / Procuratores gynaeciorum
OCC000051,Occidentis,Insignia viri illustris comitis sacrarum largitionum,806,Arelatiensis,unit,Procurator,gynaecii Arelatiensis,Viennensis,,Viennensis,,Viennensis,,Insignia viri illustris comitis sacrarum largitionum / Insignia viri illustris comitis sacrarum largitionum / Procuratores gynaeciorum
OCC000065,Occidentis,Insignia viri illustris comitis sacrarum largitionum,822,insularum Balearum,unit,Procurator,bafii insularum Balearum,,,,,,,Insignia viri illustris comitis sacrarum largitionum / Insignia viri illustris comitis sacrarum largitionum / Procuratores bafiorum
OCC000073,Occidentis,Comes Africae,1079,Thamallensis,limes,Praepositus,limitis Thamallensis,,,,,,,Comes Africae / Comes Africae / Sub dispositione viri spectabilis comitis Africae / Limitanei
OCC000080,Occidentis,Comes Africae,1085,Tubusubditani,limes,Praepositus,limitis Tubusubditani,,,,,,,Comes Africae / Comes Africae / Sub dispositione viri spectabilis comitis Africae / Limitanei
OCC000081,Occidentis,Comes Africae,1086,Thamallomensis,limes,Praepositus,limitis Thamallomensis,,,,,,,Comes Africae / Comes Africae / Sub dispositione viri spectabilis comitis Africae / Limitanei
OCC000082,Occidentis,Comes Africae,1087,Balaretensis,limes,Praepositus,limitis Balaretensis,,,,,,,Comes Africae / Comes Africae / Sub dispositione viri spectabilis comitis Africae / Limitanei
OCC000086,Occidentis,Comes Africae,1091,Secundaeforum,limes,Praepositus,limitis Secundaeforum in castris Tillibanensibus,,,,,,,Comes Africae / Comes Africae / Sub dispositione viri spectabilis comitis Africae / Limitanei
OCC000087,Occidentis,Comes Africae,1091,Tillibanensibus,castris,Praepositus,limitis Secundaeforum in castris Tillibanensibus,,,,,,,Comes Africae / Comes Africae / Sub dispositione viri spectabilis comitis Africae / Limitanei
OCC000088,Occidentis,Comes Africae,1092,Taugensis,limes,Praepositus,limitis Taugensis,,,,,,,Comes Africae / Comes Africae / Sub dispositione viri spectabilis comitis Africae / Limitanei
OCC000092,Occidentis,Comes Tingitaniae,1111,Duga,tail,Tribunus,cohortis secundae Hispanorum,,,,,,,Comes Tingitaniae / Comes Tingitaniae / Sub dispositione viri spectabilis comitis Tingitaniae / Limitanei
OCC000093,Occidentis,Comes Tingitaniae,1112,Aulucos,tail,Tribunus,cohortis primae Herculeae,,,,,,,Comes Tingitaniae / Comes Tingitaniae / Sub dispositione viri spectabilis comitis Tingitaniae / Limitanei
OCC000101,Occidentis,Comes litoris Saxonici per Britanniam,1139,Lemannis,tail,Praepositus,numeri Turnacensium,,,,,,,Comes litoris Saxonici per Britanniam / Comes litoris Saxonici per Britanniam / Sub dispositione viri spectabilis comitis litoris Saxonici per Britanniam
OCC000103,Occidentis,Comes litoris Saxonici per Britanniam,1141,Gariannonor,tail,Praepositus,equitum stablesianorum Gariannonensium,,,,,,,Comes litoris Saxonici per Britanniam / Comes litoris Saxonici per Britanniam / Sub dispositione viri spectabilis comitis litoris Saxonici per Britanniam
OCC000105,Occidentis,Comes litoris Saxonici per Britanniam,1143,Rutupis,tail,Praefectus,legionis secundae Augustae,,,,,,,Comes litoris Saxonici per Britanniam / Comes litoris Saxonici per Britanniam / Sub dispositione viri spectabilis comitis litoris Saxonici per Britanniam
OCC000110,Occidentis,Dux et praeses provinciae Mauritaniae,1175,inferioris,limes,Praepositus,limitis inferioris,et praesidis provinciae Mauritaniae et Caesariensis,,,et praesidis provinciae Mauritaniae et Caesariensis,et praesidis provinciae Mauritaniae et Caesariensis,,Dux et praeses provinciae Mauritaniae / Dux et praeses provinciae Mauritaniae / Sub dispositione viri spectabilis ducis et praesidis provinciae Mauritaniae et Caesariensis
OCC000111,Occidentis,Dux et praeses provinciae Mauritaniae,1176,Fortensis,limes,Praepositus,limitis Fortensis,et praesidis provinciae Mauritaniae et Caesariensis,,,et praesidis provinciae Mauritaniae et Caesariensis,et praesidis provinciae Mauritaniae et Caesariensis,,Dux et praeses provinciae Mauritaniae / Dux et praeses provinciae Mauritaniae / Sub dispositione viri spectabilis ducis et praesidis provinciae Mauritaniae et Caesariensis
OCC000117,Occidentis,Dux provinciae Tripolitanae,1196,Tenthettani,limes,Praepositus,limitis Tenthettani,Tripolitanae,,,Tripolitanae,Tripolitanae,,Dux provinciae Tripolitanae / Dux provinciae Tripolitanae / Sub dispositione viri spectabilis ducis provinciae Tripolitanae
OCC000118,Occidentis,Dux provinciae Tripolitanae,1197,Bizerentane,limes,Praepositus,limitis Bizerentane,Tripolitanae,,,Tripolitanae,Tripolitanae,,Dux provinciae Tripolitanae / Dux provinciae Tripolitanae / Sub dispositione viri spectabilis ducis provinciae Tripolitanae
OCC000122,Occidentis,Dux provinciae Tripolitanae,1201,Tintiberitani,limes,Praepositus,limitis Tintiberitani,Tripolitanae,,,Tripolitanae,Tripolitanae,,Dux provinciae Tripolitanae / Dux provinciae Tripolitanae / Sub dispositione viri spectabilis ducis provinciae Tripolitanae
OCC000123,Occidentis,Dux provinciae Tripolitanae,1202,Bubensis,limes,Praepositus,limitis Bubensis,Tripolitanae,,,Tripolitanae,Tripolitanae,,Dux provinciae Tripolitanae / Dux provinciae Tripolitanae / Sub dispositione viri spectabilis ducis provinciae Tripolitanae
OCC000124,Occidentis,Dux provinciae Tripolitanae,1203,Mamucensis,limes,Praepositus,limitis Mamucensis,Tripolitanae,,,Tripolitanae,Tripolitanae,,Dux provinciae Tripolitanae / Dux provinciae Tripolitanae / Sub dispositione viri spectabilis ducis provinciae Tripolitanae
OCC000128,Occidentis,Dux provinciae Tripolitanae,1207,Madensibus,castris,,Milites Munifices in castris Madensibus,Tripolitanae,,,Tripolitanae,Tripolitanae,,Dux provinciae Tripolitanae / Dux provinciae Tripolitanae / Sub dispositione viri spectabilis ducis provinciae Tripolitanae
OCC000129,Occidentis,Dux provinciae Tripolitanae,1208,Sarcitani,limes,Praepositus,limitis Sarcitani,Tripolitanae,,,Tripolitanae,Tripolitanae,,Dux provinciae Tripolitanae / Dux provinciae Tripolitanae / Sub dispositione viri spectabilis ducis provinciae Tripolitanae
OCC000131,Occidentis,Dux Pannoniae,1224,Teutiborgio,tail,,Cuneus equitum Dalmatarum,Pannoniae secundae ripariensis et Saviae,,,Pannoniae secundae ripariensis et Saviae,Pannoniae secundae ripariensis et Saviae,,Dux Pannoniae / Dux Pannoniae / Sub dispositione viri spectabilis ducis provinciae Pannoniae secundae ripariensis et Saviae
OCC000133,Occidentis,Dux Pannoniae,1226,Cuccis,tail,,Cuneus equitum promotorum,Pannoniae secundae ripariensis et Saviae,,,Pannoniae secundae ripariensis et Saviae,Pannoniae secundae ripariensis et Saviae,,Dux Pannoniae / Dux Pannoniae / Sub dispositione viri spectabilis ducis provinciae Pannoniae secundae ripariensis et Saviae
OCC000135,Occidentis,Dux Pannoniae,1228,Secundarum,tail,,Cuneus equitum Italicianorum,Pannoniae secundae ripariensis et Saviae,,,Pannoniae secundae ripariensis et Saviae,Pannoniae secundae ripariensis et Saviae,,Dux Pannoniae / Dux Pannoniae / Sub dispositione viri spectabilis ducis provinciae Pannoniae secundae ripariensis et Saviae
OCC000138,Occidentis,Dux Pannoniae,1231,Teutibarcio,tail,,Equites promoti,Pannoniae secundae ripariensis et Saviae,,,Pannoniae secundae ripariensis et Saviae,Pannoniae secundae ripariensis et Saviae,,Dux Pannoniae / Dux Pannoniae / Sub dispositione viri spectabilis ducis provinciae Pannoniae secundae ripariensis et Saviae
OCC000140,Occidentis,Dux Pannoniae,1233,Cuccis,tail,,Equites sagittarii,Pannoniae secundae ripariensis et Saviae,,,Pannoniae secundae ripariensis et Saviae,Pannoniae secundae ripariensis et Saviae,,Dux Pannoniae / Dux Pannoniae / Sub dispositione viri spectabilis ducis provinciae Pannoniae secundae ripariensis et Saviae
OCC000141,Occidentis,Dux Pannoniae,1234,Bonoriae,tail,,Equites Dalmatae,Pannoniae secundae ripariensis et Saviae,,,Pannoniae secundae ripariensis et Saviae,Pannoniae secundae ripariensis et Saviae,,Dux Pannoniae / Dux Pannoniae / Sub dispositione viri spectabilis ducis provinciae Pannoniae secundae ripariensis et Saviae
OCC000143,Occidentis,Dux Pannoniae,1236,Acimirci,tail,,Equites sagittarii,Pannoniae secundae ripariensis et Saviae,,,Pannoniae secundae ripariensis et Saviae,Pannoniae secundae ripariensis et Saviae,,Dux Pannoniae / Dux Pannoniae / Sub dispositione viri spectabilis ducis provinciae Pannoniae secundae ripariensis et Saviae
OCC000144,Occidentis,Dux Pannoniae,1237,Ricti,tail,,Equites Dalmatae,Pannoniae secundae ripariensis et Saviae,,,Pannoniae secundae ripariensis et Saviae,Pannoniae secundae ripariensis et Saviae,,Dux Pannoniae / Dux Pannoniae / Sub dispositione viri spectabilis ducis provinciae Pannoniae secundae ripariensis et Saviae
OCC000148,Occidentis,Dux Pannoniae,1241,Arsaciana,tail,,Auxilia Novensia,Pannoniae secundae ripariensis et Saviae,,,Pannoniae secundae ripariensis et Saviae,Pannoniae secundae ripariensis et Saviae,,Dux Pannoniae / Dux Pannoniae / Sub dispositione viri spectabilis ducis provinciae Pannoniae secundae ripariensis et Saviae
OCC000156,Occidentis,Dux Pannoniae,1248,Teutiborgio,tail,Praefectus,legionis sextae Herculeae,Pannoniae secundae ripariensis et Saviae,,,Pannoniae secundae ripariensis et Saviae,Pannoniae secundae ripariensis et Saviae,,Dux Pannoniae / Dux Pannoniae / Sub dispositione viri spectabilis ducis provinciae Pannoniae secundae ripariensis et Saviae
OCC000164,Occidentis,Dux Pannoniae,1257,nunc Sisciae,tail,Praefectus,classis Aegetensium siue secundae Pannonicae,Pannoniae secundae ripariensis et Saviae,,,Pannoniae secundae ripariensis et Saviae,Pannoniae secundae ripariensis et Saviae,,Dux Pannoniae / Dux Pannoniae / Sub dispositione viri spectabilis ducis provinciae Pannoniae secundae ripariensis et Saviae
OCC000166,Occidentis,Dux Pannoniae,1259,Leonatae,tail,Tribunus,cohortis primae Ioviae,Pannoniae secundae ripariensis et Saviae,,,Pannoniae secundae ripariensis et Saviae,Pannoniae secundae ripariensis et Saviae,,Dux Pannoniae / Dux Pannoniae / Sub dispositione viri spectabilis ducis provinciae Pannoniae secundae ripariensis et Saviae
OCC000167,Occidentis,Dux Pannoniae,1260,Caput Basensis,tail,Tribunus,cohortis primae Thracum civium Romanorum,Pannoniae secundae ripariensis et Saviae,,,Pannoniae secundae ripariensis et Saviae,Pannoniae secundae ripariensis et Saviae,,Dux Pannoniae / Dux Pannoniae / Sub dispositione viri spectabilis ducis provinciae Pannoniae secundae ripariensis et Saviae
OCC000168,Occidentis,Dux provinciae Valeriae,1274,Solue,tail,,Cuneus equitum scutatorum,Valeriae ripensis,,,Valeriae ripensis,Valeriae ripensis,,Dux provinciae Valeriae / Dux provinciae Valeriae / Sub dispositione viri spectabilis ducis provinciae Valeriae ripensis
OCC000173,Occidentis,Dux provinciae Valeriae,1277,Conradcuha,alternate,,Cuneus equitum stablesianorum,Valeriae ripensis,,,Valeriae ripensis,Valeriae ripensis,,Dux provinciae Valeriae / Dux provinciae Valeriae / Sub dispositione viri spectabilis ducis provinciae Valeriae ripensis
OCC000175,Occidentis,Dux provinciae Valeriae,1279,Odiabo,tail,,Equites Dalmatae,Valeriae ripensis,,,Valeriae ripensis,Valeriae ripensis,,Dux provinciae Valeriae / Dux provinciae Valeriae / Sub dispositione viri spectabilis ducis provinciae Valeriae ripensis
OCC000182,Occidentis,Dux provinciae Valeriae,1286,Matrice,tail,,Equites promoti,Valeriae ripensis,,,Valeriae ripensis,Valeriae ripensis,,Dux provinciae Valeriae / Dux provinciae Valeriae / Sub dispositione viri spectabilis ducis provinciae Valeriae ripensis
OCC000185,Occidentis,Dux provinciae Valeriae,1289,Adnamantia,tail,,Equites Dalmatae,Valeriae ripensis,,,Valeriae ripensis,Valeriae ripensis,,Dux provinciae Valeriae / Dux provinciae Valeriae / Sub dispositione viri spectabilis ducis provinciae Valeriae ripensis
OCC000195,Occidentis,Dux provinciae Valeriae,1299,Cirpe,tail,,Auxilia Fortensia,Valeriae ripensis,,,Valeriae ripensis,Valeriae ripensis,,Dux provinciae Valeriae / Dux provinciae Valeriae / Sub dispositione viri spectabilis ducis provinciae Valeriae ripensis
OCC000197,Occidentis,Dux provinciae Valeriae,1301,Bregtione,tail,Praefectus,legionis primae adiutricis cohortis quintae partis superioris,Valeriae ripensis,,,Valeriae ripensis,Valeriae ripensis,,Dux provinciae Valeriae / Dux provinciae Valeriae / Sub dispositione viri spectabilis ducis provinciae Valeriae ripensis
OCC000200,Occidentis,Dux provinciae Valeriae,1304,Acinco,tail,Praefectus,legionis secundae adiutricis partis superioris,Valeriae ripensis,,,Valeriae ripensis,Valeriae ripensis,,Dux provinciae Valeriae / Dux provinciae Valeriae / Sub dispositione viri spectabilis ducis provinciae Valeriae ripensis
OCC000207,Occidentis,Dux provinciae Valeriae,1312,ad burgum Centenarium,tail,Tribunus,cohortis,Valeriae ripensis,,,Valeriae ripensis,Valeriae ripensis,,Dux provinciae Valeriae / Dux provinciae Valeriae / Sub dispositione viri spectabilis ducis provinciae Valeriae ripensis
OCC000208,Occidentis,Dux provinciae Valeriae,1313,Alesacae,tail,Tribunus,cohortis,Valeriae ripensis,,,Valeriae ripensis,Valeriae ripensis,,Dux provinciae Valeriae / Dux provinciae Valeriae / Sub dispositione viri spectabilis ducis provinciae Valeriae ripensis
OCC000210,Occidentis,Dux provinciae Valeriae,1315,Transiacinco,tail,Praefectus,legionis,Valeriae ripensis,,,Valeriae ripensis,Valeriae ripensis,,Dux provinciae Valeriae / Dux provinciae Valeriae / Sub dispositione viri spectabilis ducis provinciae Valeriae ripensis
OCC000211,Occidentis,Dux Pannoniae primae,1329,Flexo,tail,,Cuneus equitum Dalmatarum,Pannoniae et Norici ripensis,,,Pannoniae et Norici ripensis,Pannoniae et Norici ripensis,,Dux Pannoniae primae / Dux Pannoniae primae / Sub dispositione viri spectabilis ducis Pannoniae et Norici ripensis
OCC000216,Occidentis,Dux Pannoniae primae,1334,Aequinoctoiae,tail,,Equites Dalmatae,Pannoniae et Norici ripensis,,,Pannoniae et Norici ripensis,Pannoniae et Norici ripensis,,Dux Pannoniae primae / Dux Pannoniae primae / Sub dispositione viri spectabilis ducis Pannoniae et Norici ripensis
OCC000219,Occidentis,Dux Pannoniae primae,1337,Flexo,tail,,Equites promoti,Pannoniae et Norici ripensis,,,Pannoniae et Norici ripensis,Pannoniae et Norici ripensis,,Dux Pannoniae primae / Dux Pannoniae primae / Sub dispositione viri spectabilis ducis Pannoniae et Norici ripensis
OCC000224,Occidentis,Dux Pannoniae primae,1343,Arrunto,tail,Praefectus,classis Histricae,Pannoniae et Norici ripensis,,,Pannoniae et Norici ripensis,Pannoniae et Norici ripensis,,Dux Pannoniae primae / Dux Pannoniae primae / Sub dispositione viri spectabilis ducis Pannoniae et Norici ripensis
OCC000225,Occidentis,Dux Pannoniae primae,1343,Vindomanae,tail,Praefectus,classis Histricae,Pannoniae et Norici ripensis,,,Pannoniae et Norici ripensis,Pannoniae et Norici ripensis,,Dux Pannoniae primae / Dux Pannoniae primae / Sub dispositione viri spectabilis ducis Pannoniae et Norici ripensis
OCC000229,Occidentis,Dux Pannoniae primae,1348,Lacufelicis,tail,,Equites sagittarii,Pannoniae et Norici ripensis,,,Pannoniae et Norici ripensis,Pannoniae et Norici ripensis,,Dux Pannoniae primae / Dux Pannoniae primae / Sub dispositione viri spectabilis ducis Pannoniae et Norici ripensis
OCC000237,Occidentis,Dux Pannoniae primae,1356,Fafianae,tail,Praefectus,legionis liburnariorum primorum Noricorum,Pannoniae et Norici ripensis,,,Pannoniae et Norici ripensis,Pannoniae et Norici ripensis,,Dux Pannoniae primae / Dux Pannoniae primae / Sub dispositione viri spectabilis ducis Pannoniae et Norici ripensis
OCC000241,Occidentis,Dux Raetiae,1375,Augustanis,tail,,Equites stablesiani seniores,Raetiae primae et secundae,,,Raetiae primae et secundae,Raetiae primae et secundae,,Dux Raetiae / Dux Raetiae / Sub dispositione viri spectabilis ducis provinciae Raetiae primae et secundae
OCC000242,Occidentis,Dux Raetiae,1376,Ponte Aoni,tail,,Equites stablesiani iuniores,Raetiae primae et secundae,,,Raetiae primae et secundae,Raetiae primae et secundae,,Dux Raetiae / Dux Raetiae / Sub dispositione viri spectabilis ducis provinciae Raetiae primae et secundae
OCC000243,Occidentis,Dux Raetiae,1376,Febians,alternate,,Equites stablesiani iuniores,Raetiae primae et secundae,,,Raetiae primae et secundae,Raetiae primae et secundae,,Dux Raetiae / Dux Raetiae / Sub dispositione viri spectabilis ducis provinciae Raetiae primae et secundae
OCC000248,Occidentis,Dux Raetiae,1380,Cambidano,tail,Praefectus,legionis tertiae Italicae pro parte media praetendentis a Vimania Cassiliacum usque,Raetiae primae et secundae,,,Raetiae primae et secundae,Raetiae primae et secundae,,Dux Raetiae / Dux Raetiae / Sub dispositione viri spectabilis ducis provinciae Raetiae primae et secundae
OCC000250,Occidentis,Dux Raetiae,1382,Foetibus,tail,Praefectus,legionis tertiae Italicae transvectioni specierum deputatae,Raetiae primae et secundae,,,Raetiae primae et secundae,Raetiae primae et secundae,,Dux Raetiae / Dux Raetiae / Sub dispositione viri spectabilis ducis provinciae Raetiae primae et secundae
OCC000253,Occidentis,Dux Raetiae,1385,Batavis,tail,Tribunus,cohortis novae Batavorum,Raetiae primae et secundae,,,Raetiae primae et secundae,Raetiae primae et secundae,,Dux Raetiae / Dux Raetiae / Sub dispositione viri spectabilis ducis provinciae Raetiae primae et secundae
OCC000258,Occidentis,Dux Raetiae,1390,Pinianis,tail,Tribunus,cohortis quintae Valeriae Frygum,Raetiae primae et secundae,,,Raetiae primae et secundae,Raetiae primae et secundae,,Dux Raetiae / Dux Raetiae / Sub dispositione viri spectabilis ducis provinciae Raetiae primae et secundae
OCC000259,Occidentis,Dux Raetiae,1391,Caelio,tail,Tribunus,cohortis tertiae Herculeae Pannoniorum,Raetiae primae et secundae,,,Raetiae primae et secundae,Raetiae primae et secundae,,Dux Raetiae / Dux Raetiae / Sub dispositione viri spectabilis ducis provinciae Raetiae primae et secundae
OCC000260,Occidentis,Dux Raetiae,1393,Confluentibus,tail,Praefectus,numeri barbaricariorum,Raetiae primae et secundae,,,Raetiae primae et secundae,Raetiae primae et secundae,,Dux Raetiae / Dux Raetiae / Sub dispositione viri spectabilis ducis provinciae Raetiae primae et secundae
OCC000261,Occidentis,Dux Raetiae,1393,Brecantia,tail,Praefectus,numeri barbaricariorum,Raetiae primae et secundae,,,Raetiae primae et secundae,Raetiae primae et secundae,,Dux Raetiae / Dux Raetiae / Sub dispositione viri spectabilis ducis provinciae Raetiae primae et secundae
OCC000262,Occidentis,Dux Raetiae,1394,Vimania,tail,Praefectus,alae secundae Valeriae Sequanorum,Raetiae primae et secundae,,,Raetiae primae et secundae,Raetiae primae et secundae,,Dux Raetiae / Dux Raetiae / Sub dispositione viri spectabilis ducis provinciae Raetiae primae et secundae
OCC000263,Occidentis,Dux Raetiae,1395,Arbore,tail,Tribunus,cohortis Herculeae Pannoniorum,Raetiae primae et secundae,,,Raetiae primae et secundae,Raetiae primae et secundae,,Dux Raetiae / Dux Raetiae / Sub dispositione viri spectabilis ducis provinciae Raetiae primae et secundae
OCC000264,Occidentis,Dux provinciae Sequanici,1409,Olitione,tail,,Milites Latavienses,Sequanici,,,Sequanici,Sequanici,,Dux provinciae Sequanici / Dux provinciae Sequanici / Sub dispositione viri spectabilis ducis provinciae Sequanici
OCC000266,Occidentis,Dux tractus Armoricani,1424,Blabia,tail,Praefectus,militum Carronensium,tractus Armoricani et Neruicani,,,tractus Armoricani et Neruicani,tractus Armoricani et Neruicani,,Dux tractus Armoricani / Dux tractus Armoricani / Sub dispositione viri spectabilis ducis tractus Armoricani et Neruicani
OCC000267,Occidentis,Dux tractus Armoricani,1425,Benetis,tail,Praefectus,militum Maurorum Benetorum,tractus Armoricani et Neruicani,,,tractus Armoricani et Neruicani,tractus Armoricani et Neruicani,,Dux tractus Armoricani / Dux tractus Armoricani / Sub dispositione viri spectabilis ducis tractus Armoricani et Neruicani
OCC000269,Occidentis,Dux tractus Armoricani,1427,Mannatias,tail,Praefectus,militum superventorum,tractus Armoricani et Neruicani,,,tractus Armoricani et Neruicani,tractus Armoricani et Neruicani,,Dux tractus Armoricani / Dux tractus Armoricani / Sub dispositione viri spectabilis ducis tractus Armoricani et Neruicani
OCC000276,Occidentis,Dux Belgicae secundae,1453,Quartensi,tail,Praefectus,classis Sambricae,Balgicae secundae,,,Balgicae secundae,Balgicae secundae,,Dux Belgicae secundae / Dux Belgicae secundae / Sub dispositione viri spectabilis ducis Balgicae secundae
OCC000277,Occidentis,Dux Belgicae secundae,1453,Hornensi,tail,Praefectus,classis Sambricae,Balgicae secundae,,,Balgicae secundae,Balgicae secundae,,Dux Belgicae secundae / Dux Belgicae secundae / Sub dispositione viri spectabilis ducis Balgicae secundae
OCC000287,Occidentis,Dux Britanniarum,1479,Barboniaco,tail,Praefectus,numeri defensorum,Britanniarum,,,Britanniarum,Britanniarum,,Dux Britanniarum / Dux Britanniarum / Sub dispositione viri spectabilis ducis Britanniarum
OCC000290,Occidentis,Dux Britanniarum,1482,Longovicio,tail,Praefectus,numeri Longovicanorum,Britanniarum,,,Britanniarum,Britanniarum,,Dux Britanniarum / Dux Britanniarum / Sub dispositione viri spectabilis ducis Britanniarum
OCC000291,Occidentis,Dux Britanniarum,1483,Deruentione,tail,Praefectus,numeri supervenientium Petueriensium,Britanniarum,,,Britanniarum,Britanniarum,,Dux Britanniarum / Dux Britanniarum / Sub dispositione viri spectabilis ducis Britanniarum
OCC000293,Occidentis,Dux Britanniarum,1486,Ponte Aeli,tail,Tribunus,cohortis primae Cornoviorum,Britanniarum,,,Britanniarum,Britanniarum,,Dux Britanniarum / Dux Britanniarum / Item per lineam Valli
OCC000298,Occidentis,Dux Britanniarum,1491,Procolitia,tail,Tribunus,cohortis primae Batavorum,Britanniarum,,,Britanniarum,Britanniarum,,Dux Britanniarum / Dux Britanniarum / Item per lineam Valli
OCC000299,Occidentis,Dux Britanniarum,1492,Borcovicio,tail,Tribunus,cohortis primae Tungrorum,Britanniarum,,,Britanniarum,Britanniarum,,Dux Britanniarum / Dux Britanniarum / Item per lineam Valli
OCC000303,Occidentis,Dux Britanniarum,1496,Amboglanna,tail,Tribunus,cohortis primae Aeliae Dacorum,Britanniarum,,,Britanniarum,Britanniarum,,Dux Britanniarum / Dux Britanniarum / Item per lineam Valli
OCC000305,Occidentis,Dux Britanniarum,1499,Aballaba,tail,Praefectus,numeri Maurorum Aurelianorum,Britanniarum,,,Britanniarum,Britanniarum,,Dux Britanniarum / Dux Britanniarum / Item per lineam Valli
OCC000309,Occidentis,Dux Britanniarum,1503,Tunnocelo,tail,Tribunus,cohortis primae Aeliae classicae,Britanniarum,,,Britanniarum,Britanniarum,,Dux Britanniarum / Dux Britanniarum / Item per lineam Valli
OCC000312,Occidentis,Dux Britanniarum,1506,Bremetenraco,tail,,Cuneus Sarmatarum,Britanniarum,,,Britanniarum,Britanniarum,,Dux Britanniarum / Dux Britanniarum / Item per lineam Valli
OCC000315,Occidentis,Dux Mogontiacensis,1522,Saletione,tail,Praefectus,militum Pacensium,Mogonticensis,,,Mogonticensis,Mogonticensis,,Dux Mogontiacensis / Dux Mogontiacensis / Sub dispositione viri spectabilis ducis Mogonticensis
OCC000317,Occidentis,Dux Mogontiacensis,1524,Vico Iulio,tail,Praefectus,militum Anderetianorum,Mogonticensis,,,Mogonticensis,Mogonticensis,,Dux Mogontiacensis / Dux Mogontiacensis / Sub dispositione viri spectabilis ducis Mogonticensis
OCC000324,Occidentis,Dux Mogontiacensis,1531,Confluentibus,tail,Praefectus,militum defensorum,Mogonticensis,,,Mogonticensis,Mogonticensis,,Dux Mogontiacensis / Dux Mogontiacensis / Sub dispositione viri spectabilis ducis Mogonticensis
OCC000325,Occidentis,Dux Mogontiacensis,1532,Antonaco,tail,Praefectus,militum Acincensium,Mogonticensis,,,Mogonticensis,Mogonticensis,,Dux Mogontiacensis / Dux Mogontiacensis / Sub dispositione viri spectabilis ducis Mogonticensis
OCC000332,Occidentis,Item praepositurae magistri militum praesentalis a parte peditum,1557,Arelati,tail,Praefectus,classis fluminis Rhodani,Riparensi,,Riparensi,,Riparensi,GALLIAE,Item praepositurae magistri militum praesentalis a parte peditum / Item praepositurae magistri militum praesentalis a parte peditum / In Gallia / In provincia Riparensi
OCC000337,Occidentis,Item praepositurae magistri militum praesentalis a parte peditum,1564,Caballoduno,tail,Praefectus,classis Araricae,Lugdunensi prima,,Lugdunensi prima,,Lugdunensi prima,GALLIAE,Item praepositurae magistri militum praesentalis a parte peditum / Item praepositurae magistri militum praesentalis a parte peditum / In Gallia / In provincia Lugdunensi prima
OCC000338,Occidentis,Item praepositurae magistri militum praesentalis a parte peditum,1566,Parisius,tail,Praefectus,classis Anderetianorum,Lugdunensis Senonia,,Lugdunensis Senonia,,Lugdunensis Senonia,GALLIAE,Item praepositurae magistri militum praesentalis a parte peditum / Item praepositurae magistri militum praesentalis a parte peditum / In Gallia / In provincia Lugdunensis Senonia
OCC000339,Occidentis,Item praepositurae magistri militum praesentalis a parte peditum,1569,Legione,tail,Praefectus,legionis septimae geminae,Callaecia,,Callaecia,,Callaecia,HISPANIA,Item praepositurae magistri militum praesentalis a parte peditum / Item praepositurae magistri militum praesentalis a parte peditum / Hispaniae / In provincia Callaecia
OCC000346,Occidentis,Item praepositurae magistri militum praesentalis a parte peditum,1577,Carnunta Senoniae Lugdunensis,tail,Praefectus,laetorum Teutonicianorum,,,,,,,Item praepositurae magistri militum praesentalis a parte peditum / Item praepositurae magistri militum praesentalis a parte peditum
OCC000348,Occidentis,Item praepositurae magistri militum praesentalis a parte peditum,1579,et Ceromannos Lugdunensis tertiae,tail,Praefectus,laetorum gentilium Sueuorum,,,,,,,Item praepositurae magistri militum praesentalis a parte peditum / Item praepositurae magistri militum praesentalis a parte peditum
OCC000349,Occidentis,Item praepositurae magistri militum praesentalis a parte peditum,1580,Redonas Lugdensis tertiae,tail,Praefectus,laetorum Francorum,,,,,,,Item praepositurae magistri militum praesentalis a parte peditum / Item praepositurae magistri militum praesentalis a parte peditum
OCC000350,Occidentis,Item praepositurae magistri militum praesentalis a parte peditum,1582,Epuso,tail,Praefectus,laetorum Actorum,belgicae primae,,belgicae primae,,belgicae primae,,Item praepositurae magistri militum praesentalis a parte peditum / Item praepositurae magistri militum praesentalis a parte peditum
OCC000351,Occidentis,Item praepositurae magistri militum praesentalis a parte peditum,1583,Fanomantis,tail,Praefectus,laetorum Neruiorum,belgicae secundae,,belgicae secundae,,belgicae secundae,,Item praepositurae magistri militum praesentalis a parte peditum / Item praepositurae magistri militum praesentalis a parte peditum
OCC000354,Occidentis,Item praepositurae magistri militum praesentalis a parte peditum,1586,Remo et Silvanectas,tail,Praefectus,laetorum gentilium,belgicae secundae,,belgicae secundae,,belgicae secundae,,Item praepositurae magistri militum praesentalis a parte peditum / Item praepositurae magistri militum praesentalis a parte peditum
OCC000356,Occidentis,Item praepositurae magistri militum praesentalis a parte peditum,1588,Arumbernos Aquitanicae primae,tail,Praefectus,laetorum gentilium Suevorum,,,,,,,Item praepositurae magistri militum praesentalis a parte peditum / Item praepositurae magistri militum praesentalis a parte peditum
OCC000363,Occidentis,Item praepositurae magistri militum praesentalis a parte peditum,1603,Tertona,tail,Praefectus,Sarmatarum gentilium,Italia mediterranea,,Italia mediterranea,,Italia mediterranea,,Item praepositurae magistri militum praesentalis a parte peditum / Item praepositurae magistri militum praesentalis a parte peditum / Item in provincia Italia mediterranea
OCC000371,Occidentis,Item praepositurae magistri militum praesentalis a parte peditum,1616,Au,tail,Praefectus,Sarmatarum gentilium,Gallia,,Gallia,,Gallia,GALLIAE,Item praepositurae magistri militum praesentalis a parte peditum / Item praepositurae magistri militum praesentalis a parte peditum / In Gallia
OCC000376,Oriens,Insignia viri illustris magistri officiorum,513,Irenopolitana,tail,,Hastaria,ciliciae,,ciliciae,,ciliciae,ORIENS,Insignia viri illustris magistri officiorum / Insignia viri illustris magistri officiorum / Orientis V
OCC000384,Oriens,Insignia viri illustris magistri officiorum,525,Naissatensis,factory,,Naissatensis,,,,,,,Insignia viri illustris magistri officiorum / Insignia viri illustris magistri officiorum / Illyrici quatuor
OCC000386,Oriens,Insignia viri illustris magistri officiorum,527,Horreomargensis,factory,,Scutaria,,,,,,,Insignia viri illustris magistri officiorum / Insignia viri illustris magistri officiorum / Illyrici quatuor
OCC000393,Oriens,Comes limitis Aegypti,801,Oasi minore,tail,,Ala secunda Armeniorum,Aegypti,,,Aegypti,Aegypti,,Comes limitis Aegypti / Comes limitis Aegypti / Sub dispositione viri spectabilis comitis rei militaris per Aegyptum
OCC000394,Oriens,Comes limitis Aegypti,803,Thenenuthi,tail,,Ala tertia Arabum,Aegypti,,,Aegypti,Aegypti,,Comes limitis Aegypti / Comes limitis Aegypti / Sub dispositione viri spectabilis comitis rei militaris per Aegyptum
OCC000396,Oriens,Comes limitis Aegypti,805,Scenas Mandrorum,tail,,Ala septima Sarmatarum,Aegypti,,,Aegypti,Aegypti,,Comes limitis Aegypti / Comes limitis Aegypti / Sub dispositione viri spectabilis comitis rei militaris per Aegyptum
OCC000397,Oriens,Comes limitis Aegypti,806,Selle,tail,,Ala prima Aegyptiorum,Aegypti,,,Aegypti,Aegypti,,Comes limitis Aegypti / Comes limitis Aegypti / Sub dispositione viri spectabilis comitis rei militaris per Aegyptum
OCC000398,Oriens,Comes limitis Aegypti,807,Rinocoruna,tail,,Ala veterana Gallorum,Aegypti,,,Aegypti,Aegypti,,Comes limitis Aegypti / Comes limitis Aegypti / Sub dispositione viri spectabilis comitis rei militaris per Aegyptum
OCC000399,Oriens,Comes limitis Aegypti,808,Scenas extra Gerasa,tail,,Ala prima Herculia,Aegypti,,,Aegypti,Aegypti,,Comes limitis Aegypti / Comes limitis Aegypti / Sub dispositione viri spectabilis comitis rei militaris per Aegyptum
OCC000401,Oriens,Comes limitis Aegypti,810,Thinunepis,tail,,Ala prima Tingitana,Aegypti,,,Aegypti,Aegypti,,Comes limitis Aegypti / Comes limitis Aegypti / Sub dispositione viri spectabilis comitis rei militaris per Aegyptum
OCC000403,Oriens,Comes limitis Aegypti,812,Sosteos,tail,,Ala secunda Assyriorum,Aegypti,,,Aegypti,Aegypti,,Comes limitis Aegypti / Comes limitis Aegypti / Sub dispositione viri spectabilis comitis rei militaris per Aegyptum
OCC000405,Oriens,Comes limitis Aegypti,814,Cefro,tail,,Cohors tertia Galatarum,Aegypti,,,Aegypti,Aegypti,,Comes limitis Aegypti / Comes limitis Aegypti / Sub dispositione viri spectabilis comitis rei militaris per Aegyptum
OCC000407,Oriens,Comes limitis Aegypti,817,Thaubasteos,tail,,Ala secunda Ulpia Afrorum,Augustamnicae,,Augustamnicae,Aegypti,Augustamnicae,,Comes limitis Aegypti / Comes limitis Aegypti / Provinciae Augustamnicae
OCC000408,Oriens,Comes limitis Aegypti,818,Tacasiria,tail,,Ala secunda Aegyptiorum,Augustamnicae,,Augustamnicae,Aegypti,Augustamnicae,,Comes limitis Aegypti / Comes limitis Aegypti / Provinciae Augustamnicae
OCC000409,Oriens,Comes limitis Aegypti,819,Naithu,tail,,Cohors prima sagittariorum,Augustamnicae,,Augustamnicae,Aegypti,Augustamnicae,,Comes limitis Aegypti / Comes limitis Aegypti / Provinciae Augustamnicae
OCC000410,Oriens,Comes limitis Aegypti,820,Tohu,tail,,Cohors prima Augusta Pannoniorum,Augustamnicae,,Augustamnicae,Aegypti,Augustamnicae,,Comes limitis Aegypti / Comes limitis Aegypti / Provinciae Augustamnicae
OCC000413,Oriens,Comes limitis Aegypti,823,Aiy,tail,,Cohors secunda Ituraeorum,Augustamnicae,,Augustamnicae,Aegypti,Augustamnicae,,Comes limitis Aegypti / Comes limitis Aegypti / Provinciae Augustamnicae
OCC000414,Oriens,Comes limitis Aegypti,824,Muson,tail,,Cohors secunda Thracum,Augustamnicae,,Augustamnicae,Aegypti,Augustamnicae,,Comes limitis Aegypti / Comes limitis Aegypti / Provinciae Augustamnicae
OCC000415,Oriens,Comes limitis Aegypti,825,Narmunthi,tail,,Cohors quarta Numidarum,Augustamnicae,,Augustamnicae,Aegypti,Augustamnicae,,Comes limitis Aegypti / Comes limitis Aegypti / Provinciae Augustamnicae
OCC000418,Oriens,Dux Thebaidos,865,Tentira,tail,,Equites sagittarii indigenae,Thebaidos,,,Thebaidos,Thebaidos,,Dux Thebaidos / Dux Thebaidos / Sub dispositione viri spectabilis ducis Thebaidos
OCC000432,Oriens,Dux Thebaidos,880,Hibeos - Oaseos maioris,tail,,Ala prima Abasgorum,Thebaidos,,,Thebaidos,Thebaidos,,Dux Thebaidos / Dux Thebaidos / Sub dispositione viri spectabilis ducis Thebaidos
OCC000434,Oriens,Dux Thebaidos,883,Pescla,tail,,Ala Germanorum,Thebaidos,,,Thebaidos,Thebaidos,,Dux Thebaidos / Dux Thebaidos / Et quae de minore laterculo emittuntur
OCC000437,Oriens,Dux Thebaidos,886,Chenoboscia,tail,,Ala Neptunia,Thebaidos,,,Thebaidos,Thebaidos,,Dux Thebaidos / Dux Thebaidos / Et quae de minore laterculo emittuntur
OCC000439,Oriens,Dux Thebaidos,888,Foenicionis,tail,,Ala octava Palmyrenorum,Thebaidos,,,Thebaidos,Thebaidos,,Dux Thebaidos / Dux Thebaidos / Et quae de minore laterculo emittuntur
OCC000441,Oriens,Dux Thebaidos,892,Abydum - Abocedo,tail,,Ala octava,Thebaidos,,,Thebaidos,Thebaidos,,Dux Thebaidos / Dux Thebaidos / Et quae de minore laterculo emittuntur
OCC000443,Oriens,Dux Thebaidos,894,Oasi maiore,tail,,Ala prima Abasgorum,Thebaidos,,,Thebaidos,Thebaidos,,Dux Thebaidos / Dux Thebaidos / Et quae de minore laterculo emittuntur
OCC000444,Oriens,Dux Thebaidos,895,Oasi minore - Trimtheos,tail,,Ala prima Quadorum,Thebaidos,,,Thebaidos,Thebaidos,,Dux Thebaidos / Dux Thebaidos / Et quae de minore laterculo emittuntur
OCC000445,Oriens,Dux Thebaidos,896,Precteos,tail,,Ala prima Valeria dromedariorum,Thebaidos,,,Thebaidos,Thebaidos,,Dux Thebaidos / Dux Thebaidos / Et quae de minore laterculo emittuntur
OCC000446,Oriens,Dux Thebaidos,898,Mutheos,tail,,Cohors scutata civium Romanorum,Thebaidos,,,Thebaidos,Thebaidos,,Dux Thebaidos / Dux Thebaidos / Et quae de minore laterculo emittuntur
OCC000448,Oriens,Dux Thebaidos,900,Peamu,tail,,Cohors undecima Chamauorum,Thebaidos,,,Thebaidos,Thebaidos,,Dux Thebaidos / Dux Thebaidos / Et quae de minore laterculo emittuntur
OCC000449,Oriens,Dux Thebaidos,901,Nitnu,tail,,Cohors nona Tzanorum,Thebaidos,,,Thebaidos,Thebaidos,,Dux Thebaidos / Dux Thebaidos / Et quae de minore laterculo emittuntur
OCC000451,Oriens,Dux Thebaidos,904,Suene,tail,,Cohors quinta Suentium,Thebaidos,,,Thebaidos,Thebaidos,,Dux Thebaidos / Dux Thebaidos / Et quae de minore laterculo emittuntur
OCC000455,Oriens,Dux Foenicis,920,Euhari,tail,,Equites scutarii Illyriciani,Foenicis,,,Foenicis,Foenicis,,Dux Foenicis / Dux Foenicis / Sub dispositione viri spectabilis ducis Foenicis
OCC000457,Oriens,Dux Foenicis,922,Lataui,tail,,Equites Dalmatae Illyriciani,Foenicis,,,Foenicis,Foenicis,,Dux Foenicis / Dux Foenicis / Sub dispositione viri spectabilis ducis Foenicis
OCC000464,Oriens,Dux Foenicis,929,Thelsee,tail,,Equites Saraceni,Foenicis,,,Foenicis,Foenicis,,Dux Foenicis / Dux Foenicis / Sub dispositione viri spectabilis ducis Foenicis
OCC000467,Oriens,Dux Foenicis,932,Danaba,tail,Praefectus,legionis tertiae Gallicae,Foenicis,,,Foenicis,Foenicis,,Dux Foenicis / Dux Foenicis / Sub dispositione viri spectabilis ducis Foenicis
OCC000468,Oriens,Dux Foenicis,934,Monte Iovis,tail,,Ala prima Damascena,Foenicis,,,Foenicis,Foenicis,,Dux Foenicis / Dux Foenicis / Et quae de minore laterculo emittuntur
OCC000471,Oriens,Dux Foenicis,937,Neia,tail,,Ala prima Alamannorum,Foenicis,,,Foenicis,Foenicis,,Dux Foenicis / Dux Foenicis / Et quae de minore laterculo emittuntur
OCC000472,Oriens,Dux Foenicis,938,Verofabula,tail,,Ala prima Saxonum,Foenicis,,,Foenicis,Foenicis,,Dux Foenicis / Dux Foenicis / Et quae de minore laterculo emittuntur
OCC000474,Oriens,Dux Foenicis,940,Arefa,tail,,Ala secunda Salutis,Foenicis,,,Foenicis,Foenicis,,Dux Foenicis / Dux Foenicis / Et quae de minore laterculo emittuntur
OCC000475,Oriens,Dux Foenicis,941,Veranoca,tail,,Cohors tetria Herculia,Foenicis,,,Foenicis,Foenicis,,Dux Foenicis / Dux Foenicis / Et quae de minore laterculo emittuntur
OCC000477,Oriens,Dux Foenicis,943,Vale Alba,tail,,Cohors prima Iulia lectorum,Foenicis,,,Foenicis,Foenicis,,Dux Foenicis / Dux Foenicis / Et quae de minore laterculo emittuntur
OCC000482,Oriens,Dux Syriae,960,Matthana,tail,,Equites sagittarii indigenae,Syriae et Eufratensis Syriae,,,Syriae et Eufratensis Syriae,Syriae et Eufratensis Syriae,,Dux Syriae / Dux Syriae / Sub dispositiones viri spectabilis ducis Syriae et Eufratensis Syriae
OCC000486,Oriens,Dux Syriae,964,Acauatha,tail,,Equites sagittarii,Syriae et Eufratensis Syriae,,,Syriae et Eufratensis Syriae,Syriae et Eufratensis Syriae,,Dux Syriae / Dux Syriae / Sub dispositiones viri spectabilis ducis Syriae et Eufratensis Syriae
OCC000490,Oriens,Dux Syriae,969,Rosafa,tail,,Equites promoti indigenae,Augusta Eufratensi,,Augusta Eufratensi,Syriae,Augusta Eufratensi,In Augusta Eufratensi,Dux Syriae / Dux Syriae / In Augusta Eufratensi
OCC000492,Oriens,Dux Syriae,972,Ammuda,tail,,Ala prima nova Herculia,Syriae,,,Syriae,Syriae,,Dux Syriae / Dux Syriae / Et quae de minor laterculo emittuntur
OCC000493,Oriens,Dux Syriae,973,Salutaria,tail,,Ala prima Iuthungorum,Syriae,,,Syriae,Syriae,,Dux Syriae / Dux Syriae / Et quae de minor laterculo emittuntur
OCC000495,Oriens,Dux Syriae,975,Claudiana,tail,,Cohors prima Ulpia Dacorum,Syriae,,,Syriae,Syriae,,Dux Syriae / Dux Syriae / Et quae de minor laterculo emittuntur
OCC000496,Oriens,Dux Syriae,976,Marmantharum,tail,,Cohors tertia Valeria,Syriae,,,Syriae,Syriae,,Dux Syriae / Dux Syriae / Et quae de minor laterculo emittuntur
OCC000501,Oriens,Dux Palaestinae,993,Chermulae,tail,,Equites scutarii Illyriciani,Palaestinae,,,Palaestinae,Palaestinae,,Dux Palaestinae / Dux Palaestinae
OCC000504,Oriens,Dux Palaestinae,996,Sabaiae,tail,,Equites promiti indigenae,Palaestinae,,,Palaestinae,Palaestinae,,Dux Palaestinae / Dux Palaestinae
OCC000506,Oriens,Dux Palaestinae,998,Hauanae,tail,,Equites sagittarii indigenae,Palaestinae,,,Palaestinae,Palaestinae,,Dux Palaestinae / Dux Palaestinae
OCC000522,Oriens,Dux Palaestinae,1015,Iehibo,tail,,Cohors secunda Gratiana,Palaestinae,,,Palaestinae,Palaestinae,,Dux Palaestinae / Dux Palaestinae / Et quae de minore laterculo emittuntur
OCC000525,Oriens,Dux Palaestinae,1018,Moleaatha,tail,,Cohors prima Flavia,Palaestinae,,,Palaestinae,Palaestinae,,Dux Palaestinae / Dux Palaestinae / Et quae de minore laterculo emittuntur
OCC000526,Oriens,Dux Palaestinae,1019,Thamana,tail,,Cohors quarta Palaestinorum,Palaestinae,,,Palaestinae,Palaestinae,,Dux Palaestinae / Dux Palaestinae / Et quae de minore laterculo emittuntur
OCC000537,Oriens,Dux Osrhoenae,1046,Thillacama,tail,,Ala septima Valeria praelectorum,Osrhoenae,,,Osrhoenae,Osrhoenae,,Dux Osrhoenae / Dux Osrhoenae / Et quae de minore laterculo emittuntur
OCC000538,Oriens,Dux Osrhoenae,1047,Touia -contra Bintha,tail,,Ala prima Victoriae,Osrhoenae,,,Osrhoenae,Osrhoenae,,Dux Osrhoenae / Dux Osrhoenae / Et quae de minore laterculo emittuntur
OCC000540,Oriens,Dux Osrhoenae,1049,Resaia,tail,,Ala prima Parthorum,Osrhoenae,,,Osrhoenae,Osrhoenae,,Dux Osrhoenae / Dux Osrhoenae / Et quae de minore laterculo emittuntur
OCC000551,Oriens,Dux Mesopotamiae,1073,Assara,tail,,Equites scutarii indigenae Pafenses,Mesopotamiae,,,Mesopotamiae,Mesopotamiae,,Dux Mesopotamiae / Dux Mesopotamiae / Sub dispositione viri spectibilis ducis Mesopotamiae
OCC000552,Oriens,Dux Mesopotamiae,1074,Thilbisme,tail,,Equites sagittarii indigenae Thibithenses,Mesopotamiae,,,Mesopotamiae,Mesopotamiae,,Dux Mesopotamiae / Dux Mesopotamiae / Sub dispositione viri spectibilis ducis Mesopotamiae
OCC000555,Oriens,Dux Mesopotamiae,1077,Cefae,tail,Praefectus,legionis secundae Parthicae,Mesopotamiae,,,Mesopotamiae,Mesopotamiae,,Dux Mesopotamiae / Dux Mesopotamiae / Sub dispositione viri spectibilis ducis Mesopotamiae
OCC000560,Oriens,Dux Mesopotamiae,1083,Maiocariri,tail,,Cohors quartadecima Valeria Zabdenorum,Mesopotamiae,,,Mesopotamiae,Mesopotamiae,,Dux Mesopotamiae / Dux Mesopotamiae / Et quae de minore laterculo emittuntur
OCC000566,Oriens,Dux Arabiae,1101,Mefa,tail,,Equites promoti indigenae,Arabiae,,,Arabiae,Arabiae,,Dux Arabiae / Dux Arabiae / Sub dispositione viri spectabilis ducis Arabiae
OCC000572,Oriens,Dux Arabiae,1108,Gomoha,tail,,Ala sexta Hispanorum,Arabiae,,,Arabiae,Arabiae,,Dux Arabiae / Dux Arabiae / Et quae de minore laterculo emittuntur
OCC000576,Oriens,Dux Arabiae,1112,apud Adittha,tail,,Ala secunda felix Valentiniana,Arabiae,,,Arabiae,Arabiae,,Dux Arabiae / Dux Arabiae / Et quae de minore laterculo emittuntur
OCC000577,Oriens,Dux Arabiae,1113,Adtitha,tail,,Cohors prima miliaria Thracum,Arabiae,,,Arabiae,Arabiae,,Dux Arabiae / Dux Arabiae / Et quae de minore laterculo emittuntur
OCC000581,Oriens,Dux Arabiae,1117,apud Arnona,tail,,Cohors tertia Alpinorum,Arabiae,,,Arabiae,Arabiae,,Dux Arabiae / Dux Arabiae / Et quae de minore laterculo emittuntur
OCC000582,Oriens,Dux Armeniae,1139,Sabbu,tail,,Equites sagittarii,Armeniae,,,Armeniae,Armeniae,,Dux Armeniae / Dux Armeniae / Sub dispositione viri spectabilis ducis Armeniae
OCC000587,Oriens,Dux Armeniae,1145,Aladaleariza,tail,,Ala Rizena,Ponto,,Ponto,Armeniae,Ponto,In Ponto,Dux Armeniae / Dux Armeniae / In Ponto
OCC000588,Oriens,Dux Armeniae,1146,apud Auaxam,tail,,Ala Theodosiana,Ponto,,Ponto,Armeniae,Ponto,In Ponto,Dux Armeniae / Dux Armeniae / In Ponto
OCC000589,Oriens,Dux Armeniae,1147,Siluanis,tail,,Ala felix Theodosiana,Ponto,,Ponto,Armeniae,Ponto,In Ponto,Dux Armeniae / Dux Armeniae / In Ponto
OCC000593,Oriens,Dux Armeniae,1152,Aeliana,tail,,Ala secunda Gallorum,Armeniae,,,Armeniae,Armeniae,,Dux Armeniae / Dux Armeniae / Et quae de minore laterculo emittuntur
OCC000608,Oriens,Dux Scythiae,1181,Cii,tail,,Cuneus equitum stablesianorum,Scythiae,,,Scythiae,Scythiae,,Dux Scythiae / Dux Scythiae / Sub dispositione viri spectabilis ducis Scythiae
OCC000609,Oriens,Dux Scythiae,1182,Bireo,tail,,Cuneus equitum stablesianorum,Scythiae,,,Scythiae,Scythiae,,Dux Scythiae / Dux Scythiae / Sub dispositione viri spectabilis ducis Scythiae
OCC000611,Oriens,Dux Scythiae,1184,Aegissos,tail,,Cuneus equitum armigerorum,Scythiae,,,Scythiae,Scythiae,,Dux Scythiae / Dux Scythiae / Sub dispositione viri spectabilis ducis Scythiae
OCC000615,Oriens,Dux Scythiae,1189,Carso,tail,,Milites Scythici,Scythiae,,,Scythiae,Scythiae,,Dux Scythiae / Dux Scythiae / Auxiliares
OCC000616,Oriens,Dux Scythiae,1190,Trosmis,tail,,Milites secundi Constantini,Scythiae,,,Scythiae,Scythiae,,Dux Scythiae / Dux Scythiae / Auxiliares
OCC000617,Oriens,Dux Scythiae,1191,Dirigothia,tail,,Milites Scythici,Scythiae,,,Scythiae,Scythiae,,Dux Scythiae / Dux Scythiae / Auxiliares
OCC000621,Oriens,Dux Scythiae,1196,Trosmis,tail,Praefectus,legionis secundae Herculiae,Scythiae,,,Scythiae,Scythiae,,Dux Scythiae / Dux Scythiae / Item legiones riparienses
OCC000623,Oriens,Dux Scythiae,1198,Iprosmis,tail,Praefectus,ripae legionis secundae Herculiae cohortis quintae pedaturae inferioris,Scythiae,,,Scythiae,Scythiae,,Dux Scythiae / Dux Scythiae / Item legiones riparienses
OCC000626,Oriens,Dux Scythiae,1201,Accisso,tail,Praefectus,ripae legionis primae Ioviae cohortis quintae pedaturae inferioris,Scythiae,,,Scythiae,Scythiae,,Dux Scythiae / Dux Scythiae / Item legiones riparienses
OCC000629,Oriens,Dux Moesiae secundae,1218,Latius,tail,,Cuneus equitum scutariorum,moesiae secundae,,,moesiae secundae,moesiae secundae,,Dux Moesiae secundae / Dux Moesiae secundae / Sub dispositione viri spectabilis ducis moesiae secundae
OCC000634,Oriens,Dux Moesiae secundae,1224,Ansamo,tail,,Milites praeventores,Moesiae secundae,,,Moesiae secundae,Moesiae secundae,,Dux Moesiae secundae / Dux Moesiae secundae / Auxiliares
OCC000636,Oriens,Dux Moesiae secundae,1226,Mediolana,tail,,Milites Dacisci,Moesiae secundae,,,Moesiae secundae,Moesiae secundae,,Dux Moesiae secundae / Dux Moesiae secundae / Auxiliares
OCC000640,Oriens,Dux Moesiae secundae,1230,Teglicio,tail,,Milites Moesiaci,Moesiae secundae,,,Moesiae secundae,Moesiae secundae,,Dux Moesiae secundae / Dux Moesiae secundae / Auxiliares
OCC000650,Oriens,Dux Moesiae secundae,1251,Ulucitra,tail,,Cohors quarta Gallorum,Rhodopa,,Rhodopa,Moesiae secundae,Rhodopa,,Dux Moesiae secundae / Dux Moesiae secundae / Et quae de minore laterculo emittuntur / In provincia Rhodopa
OCC000656,Oriens,Dux Moesiae primae,1263,Aureomonto,tail,,Cuneus equtum Dalmatarum,Moesiae primae,,,Moesiae primae,Moesiae primae,,Dux Moesiae primae / Dux Moesiae primae / Sub dispositione viri spectabilis ducis Moesiae primae
OCC000679,Oriens,Dux Daciae ripensis,1304,Varina,tail,,Cuneus equitum Dalmatarum,Daciae ripensis,,,Daciae ripensis,Daciae ripensis,,Dux Daciae ripensis / Dux Daciae ripensis / Sub dispositione viri spectabilis ducis Daciae ripensis
OCC000682,Oriens,Dux Daciae ripensis,1307,Uto,tail,,Cuneus equitum Constantinianorum,Daciae ripensis,,,Daciae ripensis,Daciae ripensis,,Dux Daciae ripensis / Dux Daciae ripensis / Sub dispositione viri spectabilis ducis Daciae ripensis
OCC000683,Oriens,Dux Daciae ripensis,1309,Transalba,tail,,Auxilium Miliarensium,Daciae ripensis,,,Daciae ripensis,Daciae ripensis,,Dux Daciae ripensis / Dux Daciae ripensis / Auxiliares
OCC000685,Oriens,Dux Daciae ripensis,1311,Crispitia,tail,,Auxilium Crispitiense,Daciae ripensis,,,Daciae ripensis,Daciae ripensis,,Dux Daciae ripensis / Dux Daciae ripensis / Auxiliares
OCC000687,Oriens,Dux Daciae ripensis,1313,Transluco,tail,,Auxilium Claustrinorum,Daciae ripensis,,,Daciae ripensis,Daciae ripensis,,Dux Daciae ripensis / Dux Daciae ripensis / Auxiliares
OCC000690,Oriens,Dux Daciae ripensis,1317,Variniana,tail,Praefectus,legionis quintae Macedonicae,Daciae ripensis,,,Daciae ripensis,Daciae ripensis,,Dux Daciae ripensis / Dux Daciae ripensis / Item legiones
OCC000694,Oriens,Dux Daciae ripensis,1321,Transdrobeta,tail,Praefectus,legionis tertiaedecimae geminae,Daciae ripensis,,,Daciae ripensis,Daciae ripensis,,Dux Daciae ripensis / Dux Daciae ripensis / Item legiones
OCC000696,Oriens,Dux Daciae ripensis,1323,Zernis,tail,Praefectus,legionis tertiaedecimae geminae,Daciae ripensis,,,Daciae ripensis,Daciae ripensis,,Dux Daciae ripensis / Dux Daciae ripensis / Item legiones
OCC000699,Oriens,Dux Daciae ripensis,1326,Siosta,tail,Tribunus,cohortis secundorum reducum,Daciae ripensis,,,Daciae ripensis,Daciae ripensis,,Dux Daciae ripensis / Dux Daciae ripensis / Item legiones
