chapter,placeName,rank,method,score,searchForm,pleiadesId,pleiadesTitle,matchedName
Dux Britanniarum,Aballaba,1,NEAR,0.875,aballaba,89092,Aballava,Aballava
Dux Britanniarum,Aballaba,2,NEAR,0.800,aballaba,857176,Kaballa,Kaballa
Dux Britanniarum,Aballaba,3,NEAR,0.800,aballaba,795783,Ballana,Ballana
Dux Britanniarum,Aballaba,4,NEAR,0.769,aballaba,355611,Balla,Balla
Dux Britanniarum,Aballaba,5,NEAR,0.769,aballaba,494544,Balla,Balla
Dux Daciae ripensis,Aegeta,1,NEAR,0.923,aegeta,462487,Segesta/Egesta,Aegesta
Dux Daciae ripensis,Aegeta,2,NEAR,0.909,aegeta,207107,Egeta,Egeta
Dux Daciae ripensis,Aegeta,3,NEAR,0.909,aegeta,874461,Elegeia/Aegea,Aegea
Dux Daciae ripensis,Aegeta,4,NEAR,0.833,aegeta,857117,Ergeta,Ergeta
Dux Daciae ripensis,Aegeta,5,NEAR,0.833,aegeta,658368,Aigai(ai)/Aegeae,Aegeae
Dux Daciae ripensis,Aegetae,1,NEAR,0.923,aegetae,658368,Aigai(ai)/Aegeae,Aegeae
Dux Daciae ripensis,Aegetae,2,NEAR,0.857,aegetae,462487,Segesta/Egesta,Aegesta
Dux Daciae ripensis,Aegetae,3,NEAR,0.833,aegetae,216817,Getae,Getae
Dux Daciae ripensis,Aegetae,4,NEAR,0.833,aegetae,207107,Egeta,Egeta
Dux Daciae ripensis,Aegetae,5,NEAR,0.833,aegetae,874461,Elegeia/Aegea,Aegea
Dux Daciae ripensis,Almo,1,NEAR,0.857,almo,376750,Alo,Alo
Dux Daciae ripensis,Almo,2,NEAR,0.800,almo,40058,Atalmo,Atalmo
Dux Daciae ripensis,Almo,3,NEAR,0.800,almo,543622,Alimon,Alimon
Dux Daciae ripensis,Almo,4,NEAR,0.800,almo,865991,Alamos,Alamos
Dux Daciae ripensis,Almo,5,NEAR,0.750,almo,207525,‘Ulmo’,Ulmo
Dux Britanniarum,Amboglanna,1,NEAR,0.952,amboglanna,89133,*Camboglanna,Camboglanna
Dux Britanniarum,Amboglanna,2,NEAR,0.750,amboglanna,865988,Ablana,Ablana
Dux Britanniarum,Amboglanna,3,NEAR,0.706,amboglanna,897841,Sambana,Sambana
Dux Britanniarum,Amboglanna,4,NEAR,0.706,amboglanna,903053,Kambadene/Kampa(n)da,Sambana
Dux Britanniarum,Amboglanna,5,NEAR,0.706,amboglanna,573380,Morgana/Margana,Morgana
Dux Britanniarum,Barboniaco,1,NEAR,0.762,barboniaco,89123,Brav(o)niacum,Braboniacum
Dux Britanniarum,Barboniaco,2,NEAR,0.750,barboniaco,167665,Barjac,Barjac
Dux Britanniarum,Barboniaco,3,NEAR,0.737,barboniaco,915836,Barbitace,Barbitace
Dux Britanniarum,Barboniaco,4,NEAR,0.737,barboniaco,912816,Babylonia,Babylonia
Dux Britanniarum,Barboniaco,5,NEAR,0.706,barboniaco,138509,Parnaco,Parnaco
Dux Britanniarum,Borcovicio,1,NEAR,0.750,borcovicio,197175,Borovo,Borovo
Dux Britanniarum,Borcovicio,2,NEAR,0.737,borcovicio,416839,Orouinion,Orouinion
Dux Britanniarum,Borcovicio,3,NEAR,0.667,borcovicio,89311,*Vercovicium,Vercouicium
Dux Britanniarum,Borcovicio,4,NEAR,0.667,borcovicio,118805,Libochovice,Libochovice
Dux Britanniarum,Borcovicio,5,NEAR,0.667,borcovicio,138311,Cornucio,Cornucio
Dux Britanniarum,Bremetenraco,1,NEAR,0.632,bremetenraco,422912,Cremera (river),Cremera
Dux Britanniarum,Bremetenraco,2,NEAR,0.632,bremetenraco,383601,Bretina,Bretina
Dux Britanniarum,Bremetenraco,3,NEAR,0.609,bremetenraco,79607,‘Nemetotacio’,Nemetotacio
Dux Britanniarum,Bremetenraco,4,NEAR,0.609,bremetenraco,109194,Nemetacum,Nemetocenna
Dux Britanniarum,Bremetenraco,5,NEAR,0.600,bremetenraco,324829,Themetra?,Themetra
Dux Daciae ripensis,Burgo Novo,1,NEAR,0.667,bvrgo novo,756541,Bergoout,Bergoout
Dux Daciae ripensis,Burgo Novo,2,NEAR,0.545,bvrgo novo,266087,Urgao/Vircao,Urgao/Vircao
Dux Daciae ripensis,Burgo Novo,3,NEAR,0.636,bvrgo novo,857215,Longini Fossatum/Bourgousnoes,Bourgousnoes
Dux Daciae ripensis,Burgo Novo,4,NEAR,0.632,bvrgo novo,157945,Vergoanum,Vergoanum
Dux Daciae ripensis,Burgo Novo,5,NEAR,0.625,bvrgo novo,226552,Buzovo,Buzovo
Dux Daciae ripensis,Burgo Zono,1,NEAR,0.545,bvrgo zono,129866,Ebourodounon,Ebourodounon
Dux Daciae ripensis,Burgo Zono,2,NEAR,0.636,bvrgo zono,857215,Longini Fossatum/Bourgousnoes,Bourgousnoes
Dux Daciae ripensis,Burgo Zono,3,NEAR,0.625,bvrgo zono,177531,Grozon,Grozon
Dux Daciae ripensis,Burgo Zono,4,NEAR,0.625,bvrgo zono,226552,Buzovo,Buzovo
Dux Daciae ripensis,Burgo Zono,5,NEAR,0.625,bvrgo zono,874407,Bouron fl.,Bouron
Dux Daciae ripensis,Cebro,1,NEAR,0.800,cebro,543749,Kereus/Ceron,Ceron
Dux Daciae ripensis,Cebro,2,NEAR,0.727,cebro,207209,Kebros fl.,Kebros
Dux Daciae ripensis,Cebro,3,NEAR,0.727,cebro,197319,‘Incero’,Incero
Dux Daciae ripensis,Cebro,4,NEAR,0.727,cebro,501432,Hebros fl.,Hebros
Dux Daciae ripensis,Cebro,5,NEAR,0.727,cebro,687915,Hebron,Hebron
Dux Britanniarum,Cilurno,1,NEAR,0.833,cilvrno,256225,Iluro,Iluro
Dux Britanniarum,Cilurno,2,NEAR,0.833,cilvrno,246436,Iluro,Iluro
Dux Britanniarum,Cilurno,3,NEAR,0.833,cilvrno,246437,Iluro,Iluro
Dux Britanniarum,Cilurno,4,NEAR,0.800,cilvrno,89144,Cilurnum,Cilurnum
Dux Britanniarum,Cilurno,5,NEAR,0.769,cilvrno,265930,Ilurco,Ilurco
Dux Britanniarum,Conderco,1,NEAR,0.824,conderco,89150,Condercum,Condercum
Dux Britanniarum,Conderco,2,NEAR,0.714,conderco,393459,Opitergium,Oderzo
Dux Britanniarum,Conderco,3,NEAR,0.667,conderco,167722,Condate,Condres
Dux Britanniarum,Conderco,4,NEAR,0.667,conderco,79400,Condate,Condate
Dux Britanniarum,Conderco,5,NEAR,0.667,conderco,167723,Condate,Condate
Dux Daciae ripensis,Crispitia,1,NEAR,0.800,crispitia,207053,Crisia fl.,Crisia
Dux Daciae ripensis,Crispitia,2,NEAR,0.778,crispitia,442559,Crispiano,Crispiano
Dux Daciae ripensis,Crispitia,3,NEAR,0.778,crispitia,197230,Crispiana,Crispiana
Dux Daciae ripensis,Crispitia,4,NEAR,0.750,crispitia,207035,Cîrjiţi,Cîrjiţi
Dux Daciae ripensis,Crispitia,5,NEAR,0.714,crispitia,266051,(S)Ucia,Sitia
Dux Britanniarum,Dano,1,NEAR,0.857,dano,678109,Dan,Dan
Dux Britanniarum,Dano,2,NEAR,0.800,dano,668236,‘Danova’,Danova
Dux Britanniarum,Dano,3,NEAR,0.800,dano,462074,Adranon,Adrano
Dux Britanniarum,Dano,4,NEAR,0.750,dano,40245,Pano,Pano
Dux Britanniarum,Dano,5,NEAR,0.750,dano,92151,Iano,Iano
Dux Britanniarum,Deruentione,1,NEAR,0.900,derventione,83830,Derventio,Derventio
Dux Britanniarum,Deruentione,2,NEAR,0.900,derventione,89165,Derventio,Derventio
Dux Britanniarum,Deruentione,3,NEAR,0.900,derventione,89166,Derventio,Derventio
Dux Britanniarum,Deruentione,4,NEAR,0.818,derventione,89167,[Derventio] (river),[Derventio]
Dux Britanniarum,Deruentione,5,NEAR,0.818,derventione,89168,Dorvantium/[Derventio] fl.,[Derventio]
Dux Britanniarum,Dicti,1,NEAR,0.800,dicti,92178,Picti,Picti
Dux Britanniarum,Dicti,2,NEAR,0.727,dicti,246426,Ictium,Ictium
Dux Britanniarum,Dicti,3,NEAR,0.727,dicti,622131,Diktis,Diktis
Dux Britanniarum,Dicti,4,NEAR,0.727,dicti,92137,Dictum,Dictum
Dux Britanniarum,Dicti,5,NEAR,0.667,dicti,393513,Vicetia,Vicetia
Dux Daciae ripensis,Dortico,1,NEAR,0.800,dortico,207093,Dorticum,Dorticum
Dux Daciae ripensis,Dortico,2,NEAR,0.769,dortico,543689,Dotion,Dotion
Dux Daciae ripensis,Dortico,3,NEAR,0.769,dortico,550518,Dotion,Dotion
Dux Daciae ripensis,Dortico,4,NEAR,0.769,dortico,570202,Dorion,Dorion
Dux Daciae ripensis,Dortico,5,NEAR,0.769,dortico,652335,Dorion,Dorion
Dux Britanniarum,Gabrosenti,1,NEAR,0.857,gabrosenti,89189,Gabrosentum,Gabrosentum
Dux Britanniarum,Gabrosenti,2,NEAR,0.750,gabrosenti,662161,Gabeni,Gabeni
Dux Britanniarum,Gabrosenti,3,NEAR,0.750,gabrosenti,674237,Gabeni,Gabeni
Dux Britanniarum,Gabrosenti,4,NEAR,0.737,gabrosenti,123078,Brodentia,Brodentia
Dux Britanniarum,Gabrosenti,5,NEAR,0.706,gabrosenti,344295,Arzosei,Arzosei
Dux Britanniarum,Lavatres,1,NEAR,0.875,lavatres,89224,Lavatris,Lavatris
Dux Britanniarum,Lavatres,2,NEAR,0.857,lavatres,260588,Lauare,Lauare
Dux Britanniarum,Lavatres,3,NEAR,0.857,lavatres,240948,Lauare/Talabara,Lauare
Dux Britanniarum,Lavatres,4,NEAR,0.857,lavatres,128356,Avares,Avares
Dux Britanniarum,Lavatres,5,NEAR,0.824,lavatres,246683,Tarusates,Latusates
Dux Britanniarum,Longovicio,1,NEAR,0.889,longovicio,499342696,Longuich,Longuico
Dux Britanniarum,Longovicio,2,NEAR,0.857,longovicio,89230,Longovicium,Longovicium
Dux Britanniarum,Longovicio,3,NEAR,0.800,longovicio,452370,Longobucco,Longobucco
Dux Britanniarum,Longovicio,4,NEAR,0.700,longovicio,265952,Longuntica,Longuntica
Dux Britanniarum,Longovicio,5,NEAR,0.700,longovicio,92133,Delgovicia,Delgovicia
Dux Britanniarum,Luguvallii,1,NEAR,0.800,lvgvvallii,89234,Luguvalium,Luguvalium
Dux Britanniarum,Luguvallii,2,NEAR,0.667,lvgvvallii,863917,Valli,Valli
Dux Britanniarum,Luguvallii,3,NEAR,0.667,lvgvvallii,20533,Lugii,Lugii
Dux Britanniarum,Luguvallii,4,NEAR,0.667,lvgvvallii,311116,Lucullianis,Lucullianis
Dux Britanniarum,Luguvallii,5,NEAR,0.667,lvgvvallii,993,Gallia,Galli
Dux Britanniarum,Morbio,1,NEAR,0.833,morbio,438722,Corbio,Corbio
Dux Britanniarum,Morbio,2,NEAR,0.833,morbio,252193,Corbio,Corbio
Dux Britanniarum,Morbio,3,NEAR,0.800,morbio,60599,Orbi,Orbi
Dux Britanniarum,Morbio,4,NEAR,0.769,morbio,92170,Morbium,Morbium
Dux Britanniarum,Morbio,5,NEAR,0.769,morbio,550530,Emporio,Emporio
Dux Daciae ripensis,Oesco,1,NEAR,0.889,oesco,187372,*Esco,Esco
Dux Daciae ripensis,Oesco,2,NEAR,0.727,oesco,216907,Oescus,Oescus
Dux Daciae ripensis,Oesco,3,NEAR,0.727,oesco,216908,Oescus (river),Oescus
Dux Daciae ripensis,Oesco,4,NEAR,0.667,oesco,619263,[Sobesos],Sobesos
Dux Daciae ripensis,Oesco,5,NEAR,0.667,oesco,260615,Osca,Osca
Dux Britanniarum,Olenaco,1,NEAR,0.800,olenaco,89260,Olenacum?,Olenacum
Dux Britanniarum,Olenaco,2,NEAR,0.769,olenaco,622160,Olenos,Olenos
Dux Britanniarum,Olenaco,3,NEAR,0.769,olenaco,570528,Olenos,Olenos
Dux Britanniarum,Olenaco,4,NEAR,0.769,olenaco,543815,Olenon,Olenon
Dux Britanniarum,Olenaco,5,NEAR,0.714,olenaco,491726,Solenas,Solenas
Dux Britanniarum,Petrianis,1,VARIANT_EXACT,1.000,petriana,89307,Uxelodu(nu)m,Petriana
Dux Britanniarum,Petrianis,2,NEAR,0.842,petrianis,197378,‘Mestrianis’,Mestrianis
Dux Britanniarum,Petrianis,3,NEAR,0.800,petrianis,207340,‘Petris’,Petris
Dux Britanniarum,Petrianis,4,NEAR,0.800,petrianis,570585,Petras,Petras
Dux Britanniarum,Petrianis,5,NEAR,0.667,petrianis,543834,Petrai/Petra,Petrai
Dux Britanniarum,Ponte Aeli,1,NEAR,0.842,ponte aeli,89275,Pons Aeli,Pons Aeli
Dux Britanniarum,Ponte Aeli,2,NEAR,0.783,ponte aeli,109256,‘Pontes Caldis’,Pontes Caldis
Dux Britanniarum,Ponte Aeli,3,NEAR,0.783,ponte aeli,423011,Ponte Salario,Ponte Salario
Dux Britanniarum,Ponte Aeli,4,NEAR,0.762,ponte aeli,334776903,Pons Aelius,Pons Aelius
Dux Britanniarum,Ponte Aeli,5,NEAR,0.762,ponte aeli,695491849,Caelius Mons,Monte Celio
Dux Britanniarum,Procolitia,1,NEAR,0.900,procolitia,89128,*Brocolitia,Brocolitia
Dux Britanniarum,Procolitia,2,NEAR,0.778,procolitia,573470,Politeia,Politeia
Dux Britanniarum,Procolitia,3,NEAR,0.706,procolitia,438810,Plistia,Plistia
Dux Britanniarum,Procolitia,4,NEAR,0.700,procolitia,59993,Peukelaotis/Kaspatyros?,Peucolitae
Dux Britanniarum,Procolitia,5,NEAR,0.700,procolitia,573103,Aphroditia,Aphroditia
Dux Britanniarum,Segeduno,1,NEAR,0.824,segedvno,89288,Segedunum,Segedunum
Dux Britanniarum,Segeduno,2,NEAR,0.737,segedvno,246632,Sebendounon?,Sebendounon
Dux Britanniarum,Segeduno,3,NEAR,0.714,segedvno,246634,Segeda,Segeda
Dux Britanniarum,Segeduno,4,NEAR,0.714,segedvno,177630,*Sedunum,Seduni
Dux Britanniarum,Segeduno,5,NEAR,0.706,segedvno,138579,Segodunum,Segodunum
Dux Daciae ripensis,Siosta,1,NEAR,0.833,siosta,216989,Sostra,Sostra
Dux Daciae ripensis,Siosta,2,NEAR,0.833,siosta,912941,Sostrate/Shushtar,Sōstar
Dux Daciae ripensis,Siosta,3,NEAR,0.800,siosta,246659,Sost,Sost
Dux Daciae ripensis,Siosta,4,NEAR,0.769,siosta,197522,Sonista,Sonista
Dux Daciae ripensis,Siosta,5,NEAR,0.727,siosta,912936,Shusha(n)/Susa/Seleucia ad Eulaeum/Shush-i er-Kar,Sousa
Dux Daciae ripensis,Sucidaua,1,NEAR,1.000,svcidava,216996,Sucidava,Sucidava
Dux Daciae ripensis,Sucidaua,2,NEAR,1.000,svcidava,216997,Sucidava,Sucidava
Dux Daciae ripensis,Sucidaua,3,NEAR,0.875,svcidava,216965,Sacidava,Sacidava
Dux Daciae ripensis,Sucidaua,4,NEAR,0.875,svcidava,207408,(S)Acidava,Sacidava
Dux Daciae ripensis,Sucidaua,5,NEAR,0.800,svcidava,216691,Acidava,Acidava
Dux Daciae ripensis,Transalba,1,NEAR,0.750,transalba,50297,Tangala,Tangala
Dux Daciae ripensis,Transalba,2,NEAR,0.750,transalba,628922,Analib(l)a,Analiba
Dux Daciae ripensis,Transalba,3,NEAR,0.714,transalba,536140,Trana,Trana
Dux Daciae ripensis,Transalba,4,NEAR,0.700,transalba,383801,Transpadana,Transpadana
Dux Daciae ripensis,Transalba,5,NEAR,0.571,transalba,50315,Tyrannosboas?,Tyrannosboas
Dux Daciae ripensis,Transdiernis,1,VARIANT_EXACT,1.000,transdierna,207508,Transdierna,Transdierna
Dux Daciae ripensis,Transdiernis,2,NEAR,0.727,transdiernis,207509,‘Translitis’,Translitis
Dux Daciae ripensis,Transdiernis,3,NEAR,0.700,transdiernis,697639,Basienis,Basienis
Dux Daciae ripensis,Transdiernis,4,NEAR,0.700,transdiernis,558953506,tribus Aniensis,Aniensis
Dux Daciae ripensis,Transdiernis,5,NEAR,0.700,transdiernis,60416,Andiseni,Andiseni
Dux Daciae ripensis,Transdrobeta,1,NEAR,0.737,transdrobeta,207100,Drobeta,Drobeta
Dux Daciae ripensis,Transdrobeta,2,NEAR,0.696,transdrobeta,207508,Transdierna,Transdierna
Dux Daciae ripensis,Transdrobeta,3,NEAR,0.583,transdrobeta,874774,Tigranocerta/Cholimma/Chlomaron,Tigranocerta
Dux Daciae ripensis,Transdrobeta,4,NEAR,0.640,transdrobeta,442720,Pietrastretta,Pietrastretta
Dux Daciae ripensis,Transdrobeta,5,NEAR,0.636,transdrobeta,845086,‘Transmonte’,Transmonte
Dux Daciae ripensis,Transluco,1,NEAR,0.778,translvco,373901,Tansoluch,Tansoluch
Dux Daciae ripensis,Transluco,2,NEAR,0.533,translvco,507476,Trauos,Trauos
Dux Daciae ripensis,Transluco,3,NEAR,0.667,translvco,662223,Tigranucomae,Tigranucomae
Dux Daciae ripensis,Transluco,4,NEAR,0.667,translvco,741636,Thraso,Thraso
Dux Daciae ripensis,Transluco,5,NEAR,0.667,translvco,226767,Stanislav,Stanislav
Dux Britanniarum,Tunnocelo,1,NEAR,0.750,tvnnocelo,619096571,Tunceli,Tunceli
Dux Britanniarum,Tunnocelo,2,NEAR,0.632,tvnnocelo,413383,Vignanello,Vignanello
Dux Britanniarum,Tunnocelo,3,NEAR,0.625,tvnnocelo,423108,Tusculum,Tuscolo
Dux Britanniarum,Tunnocelo,4,NEAR,0.625,tvnnocelo,270374,Sucaelo/Siccaenum,Sucaelo
Dux Britanniarum,Tunnocelo,5,NEAR,0.615,tvnnocelo,236563,Nelo/Nabios (river),Nelo
Dux Daciae ripensis,Uto,1,NEAR,0.750,vto,349620,Puteo,Puteo
Dux Daciae ripensis,Uto,2,NEAR,0.750,vto,727094,Bouto,Bouto
Dux Daciae ripensis,Uto,3,NEAR,0.750,vto,727095,Bouto,Bouto
Dux Daciae ripensis,Uto,4,NEAR,0.667,vto,207555,Vîrtop,Vîrtop
Dux Daciae ripensis,Uto,5,NEAR,0.667,vto,741643,Toy,Toy
Dux Daciae ripensis,Varina,1,NEAR,0.923,varina,217039,Variana,Variana
Dux Daciae ripensis,Varina,2,NEAR,0.909,varina,442839,Uria,Varia
Dux Daciae ripensis,Varina,3,NEAR,0.909,varina,423115,Varia,Varia
Dux Daciae ripensis,Varina,4,NEAR,0.909,varina,221987,Arina,Arina
Dux Daciae ripensis,Varina,5,NEAR,0.833,varina,99055,Varini,Varini
Dux Daciae ripensis,Variniana,1,NEAR,0.875,variniana,217039,Variana,Variana
Dux Daciae ripensis,Variniana,2,NEAR,0.824,variniana,465842,Afiniana,Afiniana
Dux Daciae ripensis,Variniana,3,NEAR,0.800,variniana,99055,Varini,Varini
Dux Daciae ripensis,Variniana,4,NEAR,0.800,variniana,60431,Ariana/Arioi,Ariana
Dux Daciae ripensis,Variniana,5,NEAR,0.778,variniana,217038,Valeriana,Valeriana
Dux Britanniarum,Vindolana,1,NEAR,0.947,vindolana,89313,Vindolanda,Vindolanda
Dux Britanniarum,Vindolana,2,NEAR,0.800,vindolana,79740,Vindocladia,Vindocladia
Dux Britanniarum,Vindolana,3,NEAR,0.778,vindolana,89315,Vindovala,Vindovala
Dux Britanniarum,Vindolana,4,NEAR,0.778,vindolana,128537,Vindobona,Vindobona
Dux Britanniarum,Vindolana,5,NEAR,0.632,vindolana,177661,Vindonissa,Vindonissa
Dux Britanniarum,Virosido,1,NEAR,0.824,virosido,89317,Virosidum,Virosidum
Dux Britanniarum,Virosido,2,NEAR,0.769,virosido,119034,Virdo? (river),Virdo
Dux Britanniarum,Virosido,3,NEAR,0.714,virosido,511458,‘Urisio’,Urisio
Dux Britanniarum,Virosido,4,NEAR,0.714,virosido,157817,*Avisio,Avisio
Dux Britanniarum,Virosido,5,NEAR,0.500,virosido,256503,Urso/Col. Genetiva Iulia,Urso
Dux Daciae ripensis,Zernis,1,VARIANT_EXACT,1.000,zerna,207078,Dierna,Zerna
Dux Daciae ripensis,Zernis,2,NEAR,0.857,zernis,413395,Zerninus? fl.,Zerninus
Dux Daciae ripensis,Zernis,3,NEAR,0.833,zernis,874545,Kentrites/Tigris/Zirmas,Zerbis
Dux Daciae ripensis,Zernis,4,NEAR,0.833,zernis,894184,Zabas Mikros/Kapros?/Zerbis? (river),Zerbis
Dux Daciae ripensis,Zernis,5,NEAR,0.833,zernis,897874,Zerbis,Zerbis
