document,sourceClass,sourceGroup,notitiaName,sourceLine,gisProvince,canonicalName,matchStatus
Occidentis,dux,,Limitis Mauretaniae Caesariensis,43,,,UNMATCHED
Occidentis,dux,,Limites Tripolitani,44,,,UNMATCHED
Occidentis,dux,,Pannoniae primae et Norici ripensis,45,,,UNMATCHED
Occidentis,dux,,Pannoniae secundae,46,,,UNMATCHED
Occidentis,dux,,Valeriae ripensis,47,,,UNMATCHED
Occidentis,dux,,Raetiae primae et secundae,48,,,UNMATCHED
Occidentis,dux,,Sequanicae,49,,,UNMATCHED
Occidentis,dux,,Tractus Armoricani et Neruicani,50,,,UNMATCHED
Occidentis,dux,,Belgicae secundae,51,BELGICA II,BELGICA II,MATCH
Occidentis,dux,,Germaniae primae,52,GERMANIA I,GERMANIA I,MATCH
Occidentis,dux,,Britanniae,53,BRITANNIAE I AND II,BRITANNIAE I AND II,MATCH
Occidentis,dux,,Mogontiacensis,54,,,UNMATCHED
Occidentis,consularis,Per Pannoniam unus,Pannoniae,57,,,UNMATCHED
Occidentis,consularis,Per Italias octo,Venetiae et Histriae,59,VENETIA ET HISTRIA,VENETIA ET HISTRIA,MATCH
Occidentis,consularis,Per Italias octo,Aemiliae,60,AEMILIA ET LIGURIA,AEMILIA ET LIGURIA,MATCH
Occidentis,consularis,Per Italias octo,Liguriae,61,AEMILIA ET LIGURIA,AEMILIA ET LIGURIA,MATCH
Occidentis,consularis,Per Italias octo,Flaminiae et Piceni annonarii,62,FLAMINIA ET PICENUM,FLAMINIA ET PICENUM,MATCH
Occidentis,consularis,Per Italias octo,Tusciae et Umbriae,63,TUSCIA ET UMBRIA,TUSCIA ET UMBRIA,MATCH
Occidentis,consularis,Per Italias octo,Piceni suburbicarii,64,,,UNMATCHED
Occidentis,consularis,Per Italias octo,Campaniae,65,CAMPANIA,CAMPANIA,MATCH
Occidentis,consularis,Per Italias octo,Siciliae,66,SICILIA,SICILIA,MATCH
Occidentis,consularis,Per Africam duo,Byzacii,68,BYZACENA,BYZACENA,MATCH
Occidentis,consularis,Per Africam duo,Numidiae,69,,,UNMATCHED
Occidentis,consularis,Per Hispanias tres,Baeticae,71,BAETICA,BAETICA,MATCH
Occidentis,consularis,Per Hispanias tres,Lusitaniae,72,LUSITANIA,LUSITANIA,MATCH
Occidentis,consularis,Per Hispanias tres,Callaeciae,73,GALLAECIA,GALLAECIA,MATCH
Occidentis,consularis,Per Gallias sex,Viennensis,75,VIENNENSIS,VIENNENSIS,MATCH
Occidentis,consularis,Per Gallias sex,Lugdunensis primae,76,LUGDUNENSIS I,LUGDUNENSIS I,MATCH
Occidentis,consularis,Per Gallias sex,Germaniae secundae,78,GERMANIA II,GERMANIA II,MATCH
Occidentis,consularis,Per Gallias sex,Belgicae primae,79,BELGICA I,BELGICA I,MATCH
Occidentis,consularis,Per Britannias duo,Maximae Caesariensis,82,,,UNMATCHED
Occidentis,consularis,Per Britannias duo,Valentiae,83,,,UNMATCHED
Occidentis,corrector,Per Italiam duo,Apuliae et Calabriae,86,APULIA ET CALABRIA,APULIA ET CALABRIA,MATCH
Occidentis,corrector,Per Italiam duo,Lucaniae et Brittiorum,87,LUCANIA ET BRUTTII,LUCANIA ET BRUTTII,MATCH
Occidentis,corrector,Per Pannoniam unum,Saviae,89,SAVIA,SAVIA,MATCH
Occidentis,praeses,,Dalmaticarum,92,DALMATIA,DALMATIA,MATCH
Occidentis,praeses,,Pannoniae primae,93,,,UNMATCHED
Occidentis,praeses,,Norici mediterranei,94,NORICUM MEDITERRANEUM,NORICUM MEDITERRANEUM,MATCH
Occidentis,praeses,,Norici ripensis,95,NORICUM RIPENSE,NORICUM RIPENSE,MATCH
Occidentis,praeses,,Alpium Cottiarum,97,ALPES COTTIAE,ALPES COTTIAE,MATCH
Occidentis,praeses,,Raetiae primae,98,,,UNMATCHED
Occidentis,praeses,,Raetiae secundae,99,,,UNMATCHED
Occidentis,praeses,,Samnii,100,,,UNMATCHED
Occidentis,praeses,,Valeriae,101,VALERIA,VALERIA,MATCH
Occidentis,praeses,,Saradiniae,102,SARDINIA,SARDINIA,MATCH
Occidentis,praeses,,Corsicae,103,CORSICA,CORSICA,MATCH
Occidentis,praeses,,Mauretaniae Sitifensis,105,MAURETANIA SITIFENSIS,MAURETANIA SITIFENSIS,MATCH
Occidentis,praeses,,Tripolitanae,106,TRIPOLITANA,TRIPOLITANA,MATCH
Occidentis,praeses,,Tarraconensis,108,TARRACONENSIS,TARRACONENSIS,MATCH
Occidentis,praeses,,Carthagiensis,109,CARTBAGINIENSIS,CARTBAGINIENSIS,MATCH
Occidentis,praeses,,Tingitaniae,110,MAURETANIA TINGITANA,MAURETANIA TINGITANA,MATCH
Occidentis,praeses,,Insularum Balearum,111,,,UNMATCHED
Occidentis,praeses,,Alpum maritimarum,113,ALPES MARITIMAE,ALPES MARITIMAE,MATCH
Occidentis,praeses,,Alpium Poeninarum et Graiarum,114,ALPES GRAIAE ET POENINAE,ALPES GRAIAE ET POENINAE,MATCH
Occidentis,praeses,,Maximae Sequanorum,115,SEQUANIA,SEQUANIA,MATCH
Occidentis,praeses,,Aquitanicae primae,116,AQUITANIA I,AQUITANIA I,MATCH
Occidentis,praeses,,Aquitanicae secundae,117,AQUITANIA II,AQUITANIA II,MATCH
Occidentis,praeses,,Novempopulanae,118,NOVEM POPULI,NOVEM POPULI,MATCH
Occidentis,praeses,,Narbonensis primae,119,NARBONENSIS I,NARBONENSIS I,MATCH
Occidentis,praeses,,Narbonensis secundae,120,NARBONENSIS II,NARBONENSIS II,MATCH
Occidentis,praeses,,Lugdunensis secundae,121,LUGDUNENSIS II,LUGDUNENSIS II,MATCH
Occidentis,praeses,,Lugdunensis tertiae,122,,,UNMATCHED
Occidentis,praeses,,Lugdunensis Senonicae,123,,,UNMATCHED
Occidentis,praeses,,Britanniae primae,125,BRITANNIAE I AND II,BRITANNIAE I AND II,MATCH
Occidentis,praeses,,Britanniae secundae,126,BRITANNIAE I AND II,BRITANNIAE I AND II,MATCH
Occidentis,praeses,,Flaviae Caesariensis,127,,,UNMATCHED
Oriens,dux,Per Aegyptum duo,Libyarum,1712,,,UNMATCHED
Oriens,dux,Per Aegyptum duo,Thebaidos,1713,THEBAIS,THEBAIS,MATCH
Oriens,dux,Per Orientem sex,Foenicis,1715,PHOENICE,PHOENICE,MATCH
Oriens,dux,Per Orientem sex,Eufratensis et Syriae,1716,,,UNMATCHED
Oriens,dux,Per Orientem sex,Palaestinae,1717,PALAESTINA,PALAESTINA,MATCH
Oriens,dux,Per Orientem sex,Osrhoenae,1718,OSRHOENE,OSRHOENE,MATCH
Oriens,dux,Per Orientem sex,Mesopotamiae,1719,MESOPOTAMIA,MESOPOTAMIA,MATCH
Oriens,dux,Per Orientem sex,Arabiae,1720,ARABIA,ARABIA,MATCH
Oriens,dux,Per Ponticam unus,Armeniae,1722,,,UNMATCHED
Oriens,dux,Per Thracias duo,Moesiae secundae,1724,,,UNMATCHED
Oriens,dux,Per Thracias duo,Scythiae,1725,SCYTHIA,SCYTHIA,MATCH
Oriens,dux,Per Illyricum II,Daciae ripensis,1727,DACIA RIPENSIS,DACIA RIPENSIS,MATCH
Oriens,dux,Per Illyricum II,Moesiae primae,1728,,,UNMATCHED
Oriens,consularis,Per Orientem V,Syriae,1733,SYRIA COELE,SYRIA COELE,MATCH
Oriens,consularis,Per Orientem V,Ciliciae,1734,CILICIA,CILICIA,MATCH
Oriens,consularis,Per Orientem V,Cypri,1735,CYPRUS,CYPRUS,MATCH
Oriens,consularis,Per Asianam tres,Pamfyliae,1737,LYCIA ET PAMPHYLIA,LYCIA ET PAMPHYLIA,MATCH
Oriens,consularis,Per Asianam tres,Hellesponti,1738,HELLESPONTUS,HELLESPONTUS,MATCH
Oriens,consularis,Per Asianam tres,Lydiae,1739,LYDIA,LYDIA,MATCH
Oriens,consularis,Per Ponticam II,Galatiae,1741,GALATIA,GALATIA,MATCH
Oriens,consularis,Per Ponticam II,Bithyniae,1742,BITHYNIA,BITHYNIA,MATCH
Oriens,consularis,Per Thracias II,Europae,1744,EUROPA,EUROPA,MATCH
Oriens,consularis,Per Thracias II,Thraciae,1745,THRACIA,THRACIA,MATCH
Oriens,consularis,Per Illyricum III,Cretae,1747,CRETA,CRETA,MATCH
Oriens,consularis,Per Illyricum III,Macedoniae,1748,MACEDONIA,MACEDONIA,MATCH
Oriens,consularis,Per Illyricum III,Daciae mediterraneae,1749,DACIA MEDITERRANEA,DACIA MEDITERRANEA,MATCH
Oriens,consularis,,Aegyptus autem consularitatem non habet,1750,,,UNMATCHED
Oriens,praeses,Per Aegyptiacam quinque,Libyae superioris,1753,LIBYA SUPERIOR,LIBYA SUPERIOR,MATCH
Oriens,praeses,Per Aegyptiacam quinque,Libyae inferioris,1754,LIBYA INFERIOR,LIBYA INFERIOR,MATCH
Oriens,praeses,Per Aegyptiacam quinque,Aegypti,1756,,,UNMATCHED
Oriens,praeses,Per Aegyptiacam quinque,Arcadiae,1757,,,UNMATCHED
Oriens,praeses,Per Orientem VIII,Palaestinae salutaris,1759,,,UNMATCHED
Oriens,praeses,Per Orientem VIII,Palaestinae secundae,1760,,,UNMATCHED
Oriens,praeses,Per Orientem VIII,Foenicis Libani,1761,,,UNMATCHED
Oriens,praeses,Per Orientem VIII,Eufratensis,1762,,,UNMATCHED
Oriens,praeses,Per Orientem VIII,Syriae salutaris,1763,,,UNMATCHED
Oriens,praeses,Per Orientem VIII,Osroehenae,1764,OSRHOENE,OSRHOENE,MATCH
Oriens,praeses,Per Orientem VIII,Ciliciae secundae,1766,,,UNMATCHED
Oriens,praeses,Per Asianam VII,Pisidiae,1768,PISIDIA,PISIDIA,MATCH
Oriens,praeses,Per Asianam VII,Lycaoniae,1769,,,UNMATCHED
Oriens,praeses,Per Asianam VII,Frygiae Pacatianae,1770,,,UNMATCHED
Oriens,praeses,Per Asianam VII,Frygiae salutaris,1771,,,UNMATCHED
Oriens,praeses,Per Asianam VII,Lyciae,1772,LYCIA ET PAMPHYLIA,LYCIA ET PAMPHYLIA,MATCH
Oriens,praeses,Per Asianam VII,Cariae,1773,CARIA,CARIA,MATCH
Oriens,praeses,Per Asianam VII,Insularum,1774,INSULAE,INSULAE,MATCH
Oriens,praeses,Per Ponticam VIII,Honoriados,1776,,,UNMATCHED
Oriens,praeses,Per Ponticam VIII,Cappadociae primae,1777,CAPPADOCIA,CAPPADOCIA,MATCH
Oriens,praeses,Per Ponticam VIII,Cappadociae secundae,1778,CAPPADOCIA,CAPPADOCIA,MATCH
Oriens,praeses,Per Ponticam VIII,Helenoponti,1779,,,UNMATCHED
Oriens,praeses,Per Ponticam VIII,Ponti Polemoniaci,1780,PONTUS POLEMONIACUS,PONTUS POLEMONIACUS,MATCH
Oriens,praeses,Per Ponticam VIII,Armeniae primae,1781,,,UNMATCHED
Oriens,praeses,Per Ponticam VIII,Armeniae secundae,1782,,,UNMATCHED
Oriens,praeses,Per Ponticam VIII,Galatiae salutaris,1783,,,UNMATCHED
Oriens,praeses,Per Thracias quatuor,Haemimonti,1785,HAEMIMONTUS,HAEMIMONTUS,MATCH
Oriens,praeses,Per Thracias quatuor,Rhodopae,1786,RHODOPE,RHODOPE,MATCH
Oriens,praeses,Per Illyricum octo,Thessaliae,1790,THESSALIA,THESSALIA,MATCH
Oriens,praeses,Per Illyricum octo,Epiri ueteris,1791,EPIRUS VETUS,EPIRUS VETUS,MATCH
Oriens,praeses,Per Illyricum octo,Epiri nouae,1792,EPIRUS NOVA,EPIRUS NOVA,MATCH
Oriens,praeses,Per Illyricum octo,Praeualitanae,1795,PRAEVALITANA,PRAEVALITANA,MATCH
Oriens,praeses,Per Illyricum octo,Dardaniae,1796,DARDANIA,DARDANIA,MATCH
Oriens,praeses,Per Illyricum octo,Macedoniae salutaris,1797,,,UNMATCHED
Oriens,corrector,,Augustamnicae,1799,,,UNMATCHED
Oriens,corrector,,Paflagoniae,1800,PAPHLAGONIA,PAPHLAGONIA,MATCH
