placeName,candidate,candidateType,chapter,document,office,unit
Aballaba,Aballaba,Place,Dux Britanniarum,Occidentis,Praefectus,numeri Maurorum Aurelianorum
Abydum - Abocedo,Abocedo,Place,Dux Thebaidos,Oriens,,Ala octava ....
Abrincatis,Abrincatis,Place,Dux tractus Armoricani,Occidentis,Praefectus,militum Dalmatarum
Abydum - Abocedo,Abydum,Place,Dux Thebaidos,Oriens,,Ala octava ....
Acauatha,Acauatha,Place,Dux Syriae,Oriens,,Equites sagittarii
Accisso,Accisso,Place,Dux Scythiae,Oriens,Praefectus,ripae legionis primae Ioviae cohortis quintae pedaturae inferioris
Aciminci,Aciminci,Place,Dux Pannoniae,Occidentis,,Cuneus equitum constantium
Acimirci,Acimirci,Place,Dux Pannoniae,Occidentis,,Equites sagittarii
Acinco,Acinco,Place,Dux provinciae Valeriae,Occidentis,Praefectus,legionis secundae adiutricis partis superioris
Adiuuense,Adiuuense,Place,Dux Pannoniae primae,Occidentis,Praefectus,legionis primae Noricorum militum liburnariorum cohortis Quintae partis superioris
Adnamantia,Adnamantia,Place,Dux provinciae Valeriae,Occidentis,,Equites Dalmatae
Adtitha,Adtitha,Place,Dux Arabiae,Oriens,,Cohors prima miliaria Thracum
Aegeta,Aegeta,Place,Dux Daciae ripensis,Oriens,Praefectus,legionis tertiaedecimae geminae
Aegetae,Aegetae,Place,Dux Daciae ripensis,Oriens,,Cuneus equitum scutariorum
Aegetae,Aegetae,Place,Dux Daciae ripensis,Oriens,Praefectus,classis Histricae
Aegissos,Aegissos,Place,Dux Scythiae,Oriens,,Cuneus equitum armigerorum
Aeliana,Aeliana,Place,Dux Armeniae,Oriens,,Ala secunda Gallorum
Aequinoctoiae,Aequinoctoiae,Place,Dux Pannoniae primae,Occidentis,,Equites Dalmatae
Affrodito,Affrodito,Place,Comes limitis Aegypti,Oriens,,Cohors quarta Iuthungorum
Africae,Africae,Region,Insignia viri illustris comitis sacrarum largitionum,Occidentis,,Procurator gynaecii Carthagiensis
Ailae,Ailae,Place,Dux Palaestinae,Oriens,Praefectus,legionis decimae Fretensis
Aiy,Aiy,Place,Comes limitis Aegypti,Oriens,,Cohors secunda Ituraeorum
Aladaleariza,Aladaleariza,Place,Dux Armeniae,Oriens,,Ala Rizena
Albano,Albano,Place,Dux Pannoniae,Occidentis,,Equites Dalmatae
Alesacae,Alesacae,Place,Dux provinciae Valeriae,Occidentis,Tribunus,cohortis
Aleto,Aleto,Place,Dux tractus Armoricani,Occidentis,Praefectus,militum Martensium
Aliscae,Aliscae,Place,Dux provinciae Valeriae,Occidentis,Praefectus,legionis secundae adiutricis cohortis quintae partis superioris
Almo,Almo,Place,Dux Daciae ripensis,Oriens,,Cuneus equitum stablesianorum
Altino,Altino,Place,Dux Moesiae secundae,Oriens,,Milites navclarii Altinenses
Altino,Altino,Place,Dux provinciae Valeriae,Occidentis,,Cuneus equitum Fortensium
Amboglanna,Amboglanna,Place,Dux Britanniarum,Occidentis,Tribunus,cohortis primae Aeliae Dacorum
Amidae,Amidae,Place,Dux Mesopotamiae,Oriens,,Equites ducatores Illyriciani
Amidae,Amidae,Place,Dux Mesopotamiae,Oriens,,Equites scutarii Illyriciani
Ammuda,Ammuda,Place,Dux Syriae,Oriens,,Ala prima nova Herculia
Andro,Andro,Place,Comes limitis Aegypti,Oriens,,Legio tertia Diocletiana
Ansamo,Ansamo,Place,Dux Moesiae secundae,Oriens,,Milites praeventores
Antiochiae,Antiochiae,Place,Insignia viri illustris magistri officiorum,Oriens,,;Clibanaria
Antiochiae,Antiochiae,Place,Insignia viri illustris magistri officiorum,Oriens,,Scutaria et armorum
Antonaco,Antonaco,Place,Dux Mogontiacensis,Occidentis,Praefectus,militum Acincensium
Apollonos superioris,Apollonos superioris,Place,Dux Thebaidos,Oriens,,Legio secunda Traiana
Apuliae,Apuliae,Place,Insignia viri illustris comitis sacrarum largitionum,Occidentis,,Procurator gynaecii Canusini et Venusini
Aquileiae,Aquileiae,Place,Item praepositurae magistri militum praesentalis a parte peditum,Occidentis,Praefectus,classis Venetum
Aquis siue Tertona,Aquis,Place,Item praepositurae magistri militum praesentalis a parte peditum,Occidentis,Praefectus,Sarmatarum gentilium
Arauraca,Arauraca,Place,Dux Armeniae,Oriens,,Cohors miliaria Bosporiana
Arbore,Arbore,Place,Dux Raetiae,Occidentis,Tribunus,cohortis Herculeae Pannoniorum
Arefa,Arefa,Place,Dux Foenicis,Oriens,,Ala secunda Salutis
Viennae siue Arelati,Arelati,Place,Item praepositurae magistri militum praesentalis a parte peditum,Occidentis,Praefectus,classis fluminis Rhodani
Areopoli,Areopoli,Place,Dux Arabiae,Oriens,,Equites Mauri Illyriciani
scordiscorum et armorum,armorum,Place,Insignia viri illustris magistri officiorum,Occidentis,,Sirmensis scutorum
Arrabonae,Arrabonae,Place,Dux Pannoniae primae,Occidentis,,Cuneus equitum stablesianorum
Arrabonae,Arrabonae,Place,Dux Pannoniae primae,Occidentis,,Equites promoti
Arrabonae,Arrabonae,Place,Dux Pannoniae primae,Occidentis,Praefectus,legionis decimae et quartaedecimaegeminae geminarum militum liburnariorum
Arrianis,Arrianis,Place,Dux Pannoniae primae,Occidentis,Tribunus,cohortis
Arrunto siue Vindomanae,Arrunto,Place,Dux Pannoniae primae,Occidentis,Praefectus,classis Histricae
Arsaciana siue Novas,Arsaciana,Place,Dux Pannoniae,Occidentis,,Auxilia Novensia
Arubio,Arubio,Place,Dux Scythiae,Oriens,,Cuneus equitum catafractariorum
Arumbernos Aquitanicae primae,Arumbernos Aquitanicae primae,Place,Item praepositurae magistri militum praesentalis a parte peditum,Occidentis,Praefectus,laetorum gentilium Suevorum
Assara,Assara,Place,Dux Mesopotamiae,Oriens,,Equites scutarii indigenae Pafenses
Atrabatis Belgicae secundae,Atrabatis Belgicae secundae,Place,Item praepositurae magistri militum praesentalis a parte peditum,Occidentis,Praefectus,laetorum Batavorum Nemetacensium
Au.....,Au,Place,Item praepositurae magistri militum praesentalis a parte peditum,Occidentis,Praefectus,Sarmatarum gentilium
Augustanis,Augustanis,Place,Dux Raetiae,Occidentis,,Equites stablesiani seniores
Augustianis,Augustianis,Place,Dux Pannoniae primae,Occidentis,,Equites Dalmatae
Aulucos,Aulucos,Place,Comes Tingitaniae,Occidentis,Tribunus,cohortis primae Herculeae
Aureomonto,Aureomonto,Place,Dux Moesiae primae,Oriens,,Cuneus equtum Dalmatarum
Austuris,Austuris,Place,Dux Pannoniae primae,Occidentis,Tribunus,cohortis
Axiupoli,Axiupoli,Place,Dux Scythiae,Oriens,,Milites superventores
Axiupoli,Axiupoli,Place,Dux Scythiae,Oriens,Praefectus,ripae legionis secundae Herculiae cohortis quintae pedaturae inferioris
Babilona,Babilona,Place,Comes limitis Aegypti,Oriens,,Legio tertiadecima gemina
balistaria et clibanaria,balistaria,Place,Insignia viri illustris magistri officiorum,Occidentis,,Augustodunensis loricaria
Barbalisso,Barbalisso,Place,Dux Syriae,Oriens,,Equites Dalmatae Illyriciani
Barboniaco,Barboniaco,Place,Dux Britanniarum,Occidentis,Praefectus,numeri defensorum
Batavis,Batavis,Place,Dux Raetiae,Occidentis,Tribunus,cohortis novae Batavorum
Belgicae primae,Belgicae primae,Place,Insignia viri illustris comitis sacrarum largitionum,Occidentis,,Procurator gynaecii Triberorum
Belgicae secundae,Belgicae secundae,Place,Insignia viri illustris comitis sacrarum largitionum,Occidentis,,Procurator gynaecii Remensis
Benetis,Benetis,Place,Dux tractus Armoricani,Occidentis,Praefectus,militum Maurorum Benetorum
Benosabae,Benosabae,Place,Dux Palaestinae,Oriens,,Equites Dalmatae Illyriciani
Betthoro,Betthoro,Place,Dux Arabiae,Oriens,Praefectus,legionis quartae Martiae
Bingio,Bingio,Place,Dux Mogontiacensis,Occidentis,Praefectus,militum Bingensium
Bireo,Bireo,Place,Dux Scythiae,Oriens,,Cuneus equitum stablesianorum
Blabia,Blabia,Place,Dux tractus Armoricani,Occidentis,Praefectus,militum Carronensium
Boiodoro,Boiodoro,Place,Dux Pannoniae primae,Occidentis,Tribunus,cohortis
Bononiae,Bononiae,Place,Dux Pannoniae,Occidentis,Praefectus,legionis quintae Ioviae cohortis quintae partis superioris
Bononiae in Aemilia,Bononiae in Aemilia,Place,Item praepositurae magistri militum praesentalis a parte peditum,Occidentis,Praefectus,Sarmatarum gentilium
Bonoriae,Bonoriae,Place,Dux Pannoniae,Occidentis,,Equites Dalmatae
Borcovicio,Borcovicio,Place,Dux Britanniarum,Occidentis,Tribunus,cohortis primae Tungrorum
Branoduno,Branoduno,Place,Comes litoris Saxonici per Britanniam,Occidentis,Praepositus,equitum Dalmatarum Branodunensium
Confluentibus siue Brecantia,Brecantia,Place,Dux Raetiae,Occidentis,Praefectus,numeri barbaricariorum
Bregtione,Bregtione,Place,Dux provinciae Valeriae,Occidentis,Praefectus,legionis primae adiutricis cohortis quintae partis superioris
Bremetenraco,Bremetenraco,Place,Dux Britanniarum,Occidentis,,Cuneus Sarmatarum
Burgenas,Burgenas,Place,Dux Pannoniae,Occidentis,,Cuneus equitum Constantianorum
Burgenas,Burgenas,Place,Dux Pannoniae,Occidentis,Praefectus,legionis quintae Ioviae
Burgentas,Burgentas,Place,Dux Pannoniae,Occidentis,,Equites Dalmatae
Burgo Novo,Burgo Novo,Place,Dux Daciae ripensis,Oriens,Praefectus,legionis tertiaedecimae geminae
Burgo Severi,Burgo Severi,Place,Dux Thebaidos,Oriens,,Cohors nona Alamannorum
Burgo Zono,Burgo Zono,Place,Dux Daciae ripensis,Oriens,,Auxilium secundorum Daciscorum
Busiris,Busiris,Place,Comes limitis Aegypti,Oriens,,Cohors secunda Astarum
Caballoduno,Caballoduno,Place,Item praepositurae magistri militum praesentalis a parte peditum,Occidentis,Praefectus,classis Araricae
Caelio,Caelio,Place,Dux Raetiae,Occidentis,Tribunus,cohortis tertiae Herculeae Pannoniorum
Caesarea Cappadociae,Caesarea Cappadociae,Place,Insignia viri illustris magistri officiorum,Oriens,,Clibanaria
Calabriae,Calabriae,Place,Insignia viri illustris comitis sacrarum largitionum,Occidentis,,Procurator bafii Tarentini
Calaronae,Calaronae,Place,Item praepositurae magistri militum praesentalis a parte peditum,Occidentis,Tribunus,cohortis primae Flaviae Sapaudicae
Callinico,Callinico,Place,Dux Osrhoenae,Oriens,,Equites promoti Illyriciani
Cambidano,Cambidano,Place,Dux Raetiae,Occidentis,Praefectus,legionis tertiae Italicae pro parte media praetendentis a Vimania Cassiliacum usque
Capidaua,Capidaua,Place,Dux Scythiae,Oriens,,Cuneus equitum Solensium
Caput Basensis,Caput Basensis,Place,Dux Pannoniae,Occidentis,Tribunus,cohortis primae Thracum civium Romanorum
Carnunta Senoniae Lugdunensis,Carnunta Senoniae Lugdunensis,Place,Item praepositurae magistri militum praesentalis a parte peditum,Occidentis,Praefectus,laetorum Teutonicianorum
Carnunto,Carnunto,Place,Dux Pannoniae primae,Occidentis,Praefectus,legionis quartaedecimaegeminae militum liburnariorum cohortis quintae partis superior
Carso,Carso,Place,Dux Scythiae,Oriens,,Milites Scythici
Castra Iudaeorum,Castra Iudaeorum,Place,Comes limitis Aegypti,Oriens,,Cohors prima Epireorum
Castrabarensis,Castrabarensis,Place,Comes Tingitaniae,Occidentis,Tribunus,cohortis primae Ityraeorum
Cebro,Cebro,Place,Dux Daciae ripensis,Oriens,,Cuneus equitum scutariorum
Cebro,Cebro,Place,Dux Daciae ripensis,Oriens,Praefectus,legionis quintae Macedonicae
Cefae,Cefae,Place,Dux Mesopotamiae,Oriens,Praefectus,legionis secundae Parthicae
Cefro,Cefro,Place,Comes limitis Aegypti,Oriens,,Cohors tertia Galatarum
Chenoboscia,Chenoboscia,Place,Dux Thebaidos,Oriens,,Ala Neptunia
Chermulae,Chermulae,Place,Dux Palaestinae,Oriens,,Equites scutarii Illyriciani
Cii,Cii,Place,Dux Scythiae,Oriens,,Cuneus equitum stablesianorum
Cilurno,Cilurno,Place,Dux Britanniarum,Occidentis,Praefectus,alae secundae Asturum
Circesio,Circesio,Place,Dux Osrhoenae,Oriens,Praefectus,legionis quartae Parthicae
Cirpe,Cirpe,Place,Dux provinciae Valeriae,Occidentis,,Auxilia Fortensia
Claudiana,Claudiana,Place,Dux Syriae,Oriens,,Cohors prima Ulpia Dacorum
balistaria et clibanaria,clibanaria,Place,Insignia viri illustris magistri officiorum,Occidentis,,Augustodunensis loricaria
Comagenis,Comagenis,Place,Dux Pannoniae primae,Occidentis,,Equites promoti
Conderco,Conderco,Place,Dux Britanniarum,Occidentis,Praefectus,alae primae Asturum
Confluentibus,Confluentibus,Place,Dux Mogontiacensis,Occidentis,Praefectus,militum defensorum
Confluentibus siue Brecantia,Confluentibus,Place,Dux Raetiae,Occidentis,Praefectus,numeri barbaricariorum
Congavata,Congavata,Place,Dux Britanniarum,Occidentis,Tribunus,cohortis secundae Lingonum
Constantiae,Constantiae,Place,Dux provinciae Valeriae,Occidentis,,Equites Dalmatae
Baiocas et Constantiae Lugdunensis secundae,Constantiae Lugdunensis secundae,Place,Item praepositurae magistri militum praesentalis a parte peditum,Occidentis,Praefectus,laetorum Batavorum et gentilium Sueuorum
Copto,Copto,Place,Dux Thebaidos,Oriens,,Equites sagittarii indigenae
Copto,Copto,Place,Dux Thebaidos,Oriens,,Legio prima Valentiniana
Cornacii,Cornacii,Place,Dux Pannoniae,Occidentis,,Cuneus equitum scutariorum
Cornaco,Cornaco,Place,Dux Pannoniae,Occidentis,,Equites Dalmatae
Saradiniae et Corsicae,Corsicae,Place,Insignia viri illustris comitis sacrarum largitionum,Occidentis,,"Rationalis summarum Trum provinciarum, id est Siciliae"
Cremonae,Cremonae,Place,Item praepositurae magistri militum praesentalis a parte peditum,Occidentis,Praefectus,Sarmatarum gentilium
Crispitia,Crispitia,Place,Dux Daciae ripensis,Oriens,,Auxilium Crispitiense
Crumero,Crumero,Place,Dux provinciae Valeriae,Occidentis,,Equites promoti
Cuccis,Cuccis,Place,Dux Pannoniae,Occidentis,,Cuneus equitum promotorum
Cuccis,Cuccis,Place,Dux Pannoniae,Occidentis,,Equites sagittarii
Cuppis,Cuppis,Place,Dux Moesiae primae,Oriens,,Auxilium Cuppense
Cuppis,Cuppis,Place,Dux Moesiae primae,Oriens,,Cuneus equtum Dalmatarum
Cuppis,Cuppis,Place,Dux Moesiae primae,Oriens,Praefectus,legionis septimae Claudiae
Cusi,Cusi,Place,Dux Pannoniae,Occidentis,,Equites Dalmatae
Dalmatiae,Dalmatiae,Province,Insignia viri illustris comitis sacrarum largitionum,Occidentis,,Procurator bafii Salonitani
Dalmatiae,Dalmatiae,Province,Insignia viri illustris comitis sacrarum largitionum,Occidentis,Praepositus,thesaurorum Salonitanorum
Dalmatiae et Saviae,Dalmatiae,Place,Insignia viri illustris comitis sacrarum largitionum,Occidentis,,Rationalis summarum Pannoniae secundae
Damasci,Damasci,Place,Insignia viri illustris magistri officiorum,Oriens,,Scutaria et armorum
Danaba,Danaba,Place,Dux Foenicis,Oriens,Praefectus,legionis tertiae Gallicae
Dano,Dano,Place,Dux Britanniarum,Occidentis,Praefectus,equitum Crispianorum
Deruentione,Deruentione,Place,Dux Britanniarum,Occidentis,Praefectus,numeri supervenientium Petueriensium
Dicti,Dicti,Place,Dux Britanniarum,Occidentis,Praefectus,numeri Neruiorum Dictensium
Dimo,Dimo,Place,Dux Moesiae secundae,Oriens,,Cuneus equitum Solensium
Dionisiada,Dionisiada,Place,Comes limitis Aegypti,Oriens,,Ala quinta Praelectorum
Diospoli,Diospoli,Place,Dux Thebaidos,Oriens,,Cohors septima Francorum
Diospoli,Diospoli,Place,Dux Thebaidos,Oriens,,Equites sagittarii indigenae
Dirigothia,Dirigothia,Place,Dux Scythiae,Oriens,,Milites Scythici
Dortico,Dortico,Place,Dux Daciae ripensis,Oriens,,Cuneus equitum Dalmatarum Divitensium
Dubris,Dubris,Place,Comes litoris Saxonici per Britanniam,Occidentis,Praepositus,militum Tungrecanorum
Duga,Duga,Place,Comes Tingitaniae,Occidentis,Tribunus,cohortis secundae Hispanorum
Duodecimo constituta,Duodecimo constituta,Place,Dux Osrhoenae,Oriens,,Ala prima salutaria
Durostoro,Durostoro,Place,Dux Moesiae secundae,Oriens,,Milites quarti Constantiani
Durostoro,Durostoro,Place,Dux Moesiae secundae,Oriens,Praefectus,legionis undecimae Claudiae
Ebruduni Sapaudiae,Ebruduni Sapaudiae,Place,Item praepositurae magistri militum praesentalis a parte peditum,Occidentis,Praefectus,classis barcariorum
Edesa,Edesa,Place,Insignia viri illustris magistri officiorum,Oriens,,Scutaria et armamentaria
Quadratis et Eporizio,Eporizio,Place,Item praepositurae magistri militum praesentalis a parte peditum,Occidentis,Praefectus,Sarmatarum gentilium
Epuso Belgicae primae,Epuso Belgicae primae,Place,Item praepositurae magistri militum praesentalis a parte peditum,Occidentis,Praefectus,laetorum Actorum
Euhari,Euhari,Place,Dux Foenicis,Oriens,,Equites scutarii Illyriciani
Fafianae,Fafianae,Place,Dux Pannoniae primae,Occidentis,Praefectus,legionis liburnariorum primorum Noricorum
Fanomantis Belgicae secundae,Fanomantis Belgicae secundae,Place,Item praepositurae magistri militum praesentalis a parte peditum,Occidentis,Praefectus,laetorum Neruiorum
Dia - Fenis,Fenis,Place,Dux Arabiae,Oriens,,Equites sagittarii indigenae
Filas,Filas,Place,Dux Thebaidos,Oriens,,Legio prima Maximiana
Flexo,Flexo,Place,Dux Pannoniae primae,Occidentis,,Cuneus equitum Dalmatarum
Flexo,Flexo,Place,Dux Pannoniae primae,Occidentis,,Equites promoti
Florentiae,Florentiae,Place,Dux provinciae Valeriae,Occidentis,,Equites Dalmatae
Florentiae,Florentiae,Place,Dux provinciae Valeriae,Occidentis,Praefectus,classis Histricae
Florentiae,Florentiae,Place,Dux provinciae Valeriae,Occidentis,Praefectus,legionis secundae adiutricis partis inferioris
Foenicionis,Foenicionis,Place,Dux Thebaidos,Oriens,,Ala octava Palmyrenorum
Foetibus,Foetibus,Place,Dux Raetiae,Occidentis,Praefectus,legionis tertiae Italicae transvectioni specierum deputatae
Foro Fuluiensi,Foro Fuluiensi,Place,Item praepositurae magistri militum praesentalis a parte peditum,Occidentis,Praefectus,Sarmatarum gentilium
Gabrosenti,Gabrosenti,Place,Dux Britanniarum,Occidentis,Tribunus,cohortis secundae Thracum
Galliarum,Galliarum,Region,Insignia viri illustris comitis sacrarum largitionum,Occidentis,,Procurator bafii Telonensis
Galliarum,Galliarum,Region,Insignia viri illustris comitis sacrarum largitionum,Occidentis,,Procurator linyfii Viennensis
Gariannonor,Gariannonor,Place,Comes litoris Saxonici per Britanniam,Occidentis,Praepositus,equitum stablesianorum Gariannonensium
Gerolate,Gerolate,Place,Dux Pannoniae primae,Occidentis,,Equites sagittarii
Gomoha,Gomoha,Place,Dux Arabiae,Oriens,,Ala sexta Hispanorum
Graio,Graio,Place,Dux Pannoniae,Occidentis,Praefectus,classis secundae Flaviae
Grannona in litore Saxonico,Grannona in litore Saxonico,Place,Dux tractus Armoricani,Occidentis,Tribunus,cohortis primae novae Armoricanae
Grannono,Grannono,Place,Dux tractus Armoricani,Occidentis,Praefectus,militum Grannonensium
Guntiae,Guntiae,Place,Dux Raetiae,Occidentis,Praefectus,militum Ursariensium
Hadrianopolis Haemimonti,Hadrianopolis Haemimonti,Place,Insignia viri illustris magistri officiorum,Oriens,,Scutaria et armorum
Hauanae,Hauanae,Place,Dux Palaestinae,Oriens,,Equites sagittarii indigenae
Hermunthi,Hermunthi,Place,Dux Thebaidos,Oriens,,Legio secunda Valentiniana
Hermupoli,Hermupoli,Place,Dux Thebaidos,Oriens,,Cuneus equitum scutariorum
Hibeos - Oaseos maioris,Hibeos,Place,Dux Thebaidos,Oriens,,Ala prima Abasgorum
Hipponos,Hipponos,Place,Comes limitis Aegypti,Oriens,,Ala Apriana
Venetiae et Histriae,Histriae,Place,Insignia viri illustris comitis sacrarum largitionum,Occidentis,,Procurator bafii Cissensis
Iehibo,Iehibo,Place,Dux Palaestinae,Oriens,,Cohors secunda Gratiana
Inplateypegiis,Inplateypegiis,Place,Dux Scythiae,Oriens,,et secundae Herculiae musculorum Scythicorum et classis
Ioviaco,Ioviaco,Place,Dux Pannoniae primae,Occidentis,Praefectus,legionis secundae Italicae militum liburnariorum
Iprosmis,Iprosmis,Place,Dux Scythiae,Oriens,Praefectus,ripae legionis secundae Herculiae cohortis quintae pedaturae inferioris
Italiae,Italiae,Region,Insignia viri illustris comitis sacrarum largitionum,Occidentis,,Procurator linyfii Ravennatis
Lacufelicis,Lacufelicis,Place,Dux Pannoniae primae,Occidentis,,Equites sagittarii
Laedemata,Laedemata,Place,Dux Moesiae primae,Oriens,Praefectus,militum Vincentiensium
Laedenatae,Laedenatae,Place,Dux Moesiae primae,Oriens,,Cuneus equtum sagittariorum
Lapurdo,Lapurdo,Place,Item praepositurae magistri militum praesentalis a parte peditum,Occidentis,Tribunus,cohortis Noevempopulanae
Lataui,Lataui,Place,Dux Foenicis,Oriens,,Equites Dalmatae Illyriciani
Latius,Latius,Place,Dux Moesiae secundae,Oriens,,Cuneus equitum scutariorum
Lauriaco,Lauriaco,Place,Dux Pannoniae primae,Occidentis,Praefectus,legionis secundae Italicae
Lavatres,Lavatres,Place,Dux Britanniarum,Occidentis,Praefectus,numeri exploratorum
Legione,Legione,Place,Item praepositurae magistri militum praesentalis a parte peditum,Occidentis,Praefectus,legionis septimae geminae
Lemannis,Lemannis,Place,Comes litoris Saxonici per Britanniam,Occidentis,Praepositus,numeri Turnacensium
Lentiae,Lentiae,Place,Dux Pannoniae primae,Occidentis,,Equites sagittarii
Lentiae,Lentiae,Place,Dux Pannoniae primae,Occidentis,Praefectus,legionis secundae Italicae partis inferioris
Leonatae,Leonatae,Place,Dux Pannoniae,Occidentis,Tribunus,cohortis primae Ioviae
Lico,Lico,Place,Dux Thebaidos,Oriens,,Cuneus equitum Maurorum scutariorum
Liguriae,Liguriae,Province,Insignia viri illustris comitis sacrarum largitionum,Occidentis,,Procurator gynaecii Mediolanensis
Liguriae,Liguriae,Province,Insignia viri illustris comitis sacrarum largitionum,Occidentis,Praepositus,thesaurorum Mediolanensium
Lingonas,Lingonas,Place,Item praepositurae magistri militum praesentalis a parte peditum,Occidentis,Praefectus,Sarmatarum gentilium
Longovicio,Longovicio,Place,Dux Britanniarum,Occidentis,Praefectus,numeri Longovicanorum
Luco,Luco,Place,Item praepositurae magistri militum praesentalis a parte peditum,Occidentis,Tribunus,cohortis Lucensis
Luguvallii,Luguvallii,Place,Dux Britanniarum,Occidentis,,........................
Lussonio,Lussonio,Place,Dux provinciae Valeriae,Occidentis,,Equites Dalmatae
Lussonio,Lussonio,Place,Dux provinciae Valeriae,Occidentis,Praefectus,legionis secundae adiutricis
Maiocariri,Maiocariri,Place,Dux Mesopotamiae,Oriens,,Cohors quartadecima Valeria Zabdenorum
Mannatias,Mannatias,Place,Dux tractus Armoricani,Occidentis,Praefectus,militum superventorum
Marcianopoli,Marcianopoli,Place,Insignia viri illustris magistri officiorum,Oriens,,Scutaria et armorum
Marcis in litore Saxonico,Marcis in litore Saxonico,Place,Dux Belgicae secundae,Occidentis,,Equites Dalmatae
Margo,Margo,Place,Dux Moesiae primae,Oriens,,Auxilium Margense
Margo,Margo,Place,Dux Moesiae primae,Oriens,Praefectus,classis Stradensis et Germensis
Marinanae,Marinanae,Place,Dux provinciae Valeriae,Occidentis,Tribunus,cohortis
Marmantharum,Marmantharum,Place,Dux Syriae,Oriens,,Cohors tertia Valeria
Massiliae Graecorum,Massiliae Graecorum,Place,Item praepositurae magistri militum praesentalis a parte peditum,Occidentis,Praefectus,militum musculariorum
Matrice,Matrice,Place,Dux provinciae Valeriae,Occidentis,,Equites promoti
Matthana,Matthana,Place,Dux Syriae,Oriens,,Equites sagittarii indigenae
Maximianopoli,Maximianopoli,Place,Dux Thebaidos,Oriens,,Ala tertia dromedariorum
Maximianopoli,Maximianopoli,Place,Dux Thebaidos,Oriens,,Equites sagittarii indigenae
Mediolana,Mediolana,Place,Dux Moesiae secundae,Oriens,,Milites Dacisci
Mefa,Mefa,Place,Dux Arabiae,Oriens,,Equites promoti indigenae
Mefana - Cartha,Mefana,Place,Dux Mesopotamiae,Oriens,,Equites sagittarii indigenae Arabanenses
Memfi,Memfi,Place,Comes limitis Aegypti,Oriens,,Legio quinta Macadonica
Menochiae,Menochiae,Place,Dux Palaestinae,Oriens,,Equites promoti Illyriciani
Miseno,Miseno,Place,Item praepositurae magistri militum praesentalis a parte peditum,Occidentis,Praefectus,classis Misenatium
Mogontiaco,Mogontiaco,Place,Dux Mogontiacensis,Occidentis,Praefectus,militum armigerorum
Moleaatha,Moleaatha,Place,Dux Palaestinae,Oriens,,Cohors prima Flavia
Monte Iovis,Monte Iovis,Place,Dux Foenicis,Oriens,,Ala prima Damascena
Morbio,Morbio,Place,Dux Britanniarum,Occidentis,Praefectus,equitum catafractariorum
Mursae,Mursae,Place,Dux Pannoniae,Occidentis,Praefectus,classis Histricae
Muson,Muson,Place,Comes limitis Aegypti,Oriens,,Cohors secunda Thracum
Mutheos,Mutheos,Place,Dux Thebaidos,Oriens,,Cohors scutata civium Romanorum
Naarsafari,Naarsafari,Place,Dux Arabiae,Oriens,,Ala secunda Miliarensis
Naithu,Naithu,Place,Comes limitis Aegypti,Oriens,,Cohors prima sagittariorum
Narmunthi,Narmunthi,Place,Comes limitis Aegypti,Oriens,,Cohors quarta Numidarum
Neia,Neia,Place,Dux Foenicis,Oriens,,Ala prima Alamannorum
Nemetis,Nemetis,Place,Dux Mogontiacensis,Occidentis,Praefectus,militum vindicum
Neocaesereae,Neocaesereae,Place,Dux Syriae,Oriens,,Equites Mauri Illyriciani
Nicomediae,Nicomediae,Place,Insignia viri illustris magistri officiorum,Oriens,,Clibanaria
Nicomediae,Nicomediae,Place,Insignia viri illustris magistri officiorum,Oriens,,Scutaria et armorum
Nitnu,Nitnu,Place,Dux Thebaidos,Oriens,,Cohors nona Tzanorum
Norici mediterranei et ripensis,Norici mediterranei,Place,Insignia viri illustris comitis sacrarum largitionum,Occidentis,,"Rationalis summarum Pannoniae prima, Valeriae"
Nouas,Nouas,Place,Dux Moesiae secundae,Oriens,Praefectus,legionis primae Italicae
Nouas,Nouas,Place,Dux Moesiae secundae,Oriens,Praefectus,ripae legionis primae Italicae cohortis quintae pedaturae superioris
Nouioduno,Nouioduno,Place,Dux Scythiae,Oriens,Praefectus,legionis primae Ioviae
Nouioduno,Nouioduno,Place,Dux Scythiae,Oriens,Praefectus,ripae legionis primae Ioviae cohortis quintae pedaturae superioris
Nouioduro,Nouioduro,Place,Dux Scythiae,Oriens,,Milites primi Constantini
Novariae,Novariae,Place,Item praepositurae magistri militum praesentalis a parte peditum,Occidentis,Praefectus,Sarmatarum gentilium
Arsaciana siue Novas,Novas,Place,Dux Pannoniae,Occidentis,,Auxilia Novensia
Novas,Novas,Place,Dux Pannoniae,Occidentis,,Equites Dalmatae
Noviomago Belgicae secundae,Noviomago Belgicae secundae,Place,Item praepositurae magistri militum praesentalis a parte peditum,Occidentis,Praefectus,laetorum Batavorum Contraginnensium
Novis,Novis,Place,Dux Moesiae primae,Oriens,Praefectus,militum exploratorum
Hibeos - Oaseos maioris,Oaseos maioris,Place,Dux Thebaidos,Oriens,,Ala prima Abasgorum
Oasi maiore,Oasi maiore,Place,Dux Thebaidos,Oriens,,Ala prima Abasgorum
Oasi minore,Oasi minore,Place,Comes limitis Aegypti,Oriens,,Ala secunda Armeniorum
Oasi minore - Trimtheos,Oasi minore,Place,Dux Thebaidos,Oriens,,Ala prima Quadorum
Occariba,Occariba,Place,Dux Syriae,Oriens,,Equites promoti Illyriciani
Odiabo,Odiabo,Place,Dux provinciae Valeriae,Occidentis,,Equites Dalmatae
Oesco,Oesco,Place,Dux Daciae ripensis,Oriens,,Auxilium Mariensium
Oesco,Oesco,Place,Dux Daciae ripensis,Oriens,Praefectus,legionis quintae Macedonicae
Olenaco,Olenaco,Place,Dux Britanniarum,Occidentis,Praefectus,alae primae Herculeae
Olitione,Olitione,Place,Dux provinciae Sequanici,Occidentis,,Milites Latavienses
operum alter,operum alter,Place,Insignia viri illustris praefecti praetorio per Illyricum,Oriens,,Numerarii quatuor; in his auri unus
Opittergii,Opittergii,Place,Item praepositurae magistri militum praesentalis a parte peditum,Occidentis,Praefectus,Sarmatarum gentilium
or the legiones,or the legiones,Place,Qui numeri ex praedictis per infrascriptas provincias habeantur:,Occidentis,,Constantiniani.[same as Constantiaci
Othonae,Othonae,Place,Comes litoris Saxonici per Britanniam,Occidentis,Praepositus,numeri Fortensium
Paetaonio,Paetaonio,Place,Item praepositurae magistri militum praesentalis a parte peditum,Occidentis,Tribunus,cohortis secundae Flaviae Pacatianae
Palmira,Palmira,Place,Dux Foenicis,Oriens,Praefectus,legionis primae Illyricorum
Pampane,Pampane,Place,Dux Thebaidos,Oriens,,Ala prima Iovia catafractariorum
Pannoniae primae,Pannoniae primae,Place,Insignia viri illustris comitis sacrarum largitionum,Occidentis,Praepositus,thesaurorum Sabariensium
Pannoniae secundae,Pannoniae secundae,Place,Insignia viri illustris comitis sacrarum largitionum,Occidentis,,Procurator gynaecii Sirmensis
Pannoniae secundae - translati Salonis,Pannoniae secundae,Place,Insignia viri illustris comitis sacrarum largitionum,Occidentis,,Procurator gynaecii Bassianensis
Parisius,Parisius,Place,Item praepositurae magistri militum praesentalis a parte peditum,Occidentis,Praefectus,classis Anderetianorum
Parroduno,Parroduno,Place,Dux Raetiae,Occidentis,Tribunus,cohortis primae Herculeae Raetorum
Patauio,Patauio,Place,Item praepositurae magistri militum praesentalis a parte peditum,Occidentis,Praefectus,Sarmatarum gentilium
Peamu,Peamu,Place,Dux Thebaidos,Oriens,,Cohors undecima Chamauorum
Pelusio,Pelusio,Place,Comes limitis Aegypti,Oriens,,Equites stablesiani
Pescla,Pescla,Place,Dux Thebaidos,Oriens,,Ala Germanorum
Petrianis,Petrianis,Place,Dux Britanniarum,Occidentis,Praefectus,alae Petrianae
Pictavis,Pictavis,Place,Item praepositurae magistri militum praesentalis a parte peditum,Occidentis,Praefectus,Sarmatarum et Taifalorum gentilium
Pinco,Pinco,Place,Dux Moesiae primae,Oriens,,Cuneus equtum Constantacorum
Pinco,Pinco,Place,Dux Moesiae primae,Oriens,,Cuneus equtum Dalmatarum
Pinianis,Pinianis,Place,Dux Raetiae,Occidentis,Tribunus,cohortis quintae Valeriae Frygum
Poisrietemidos,Poisrietemidos,Place,Dux Thebaidos,Oriens,,Ala secunda Hispanorum
Ponte Aeli,Ponte Aeli,Place,Dux Britanniarum,Occidentis,Tribunus,cohortis primae Cornoviorum
Scythiam et Pontum,Pontum,Place,Insignia viri illustris comitis largitionum,Oriens,,per Moesiam
Portu Epatiaci,Portu Epatiaci,Place,Dux Belgicae secundae,Occidentis,Tribunus,militum Neruiorum
Portum Adurni,Portum Adurni,Place,Comes litoris Saxonici per Britanniam,Occidentis,Praepositus,numeri exploratorum
Precteos,Precteos,Place,Dux Thebaidos,Oriens,,Ala prima Valeria dromedariorum
Procolitia,Procolitia,Place,Dux Britanniarum,Occidentis,Tribunus,cohortis primae Batavorum
provinciae Tripolitanae,provinciae Tripolitanae,Place,Insignia viri illustris comitis sacrarum largitionum,Occidentis,,Procurator bafii Girbitani
provinciae Viennensis,provinciae Viennensis,Place,Insignia viri illustris comitis sacrarum largitionum,Occidentis,,Procurator gynaecii Arelatiensis
Quadratis et Eporizio,Quadratis,Place,Item praepositurae magistri militum praesentalis a parte peditum,Occidentis,Praefectus,Sarmatarum gentilium
Quadrato,Quadrato,Place,Dux Pannoniae primae,Occidentis,,Equites Mauri
quadriborgio,quadriborgio,Place,Dux provinciae Valeriae,Occidentis,Tribunus,cohortis
Quadriburgio,Quadriburgio,Place,Dux Pannoniae primae,Occidentis,,Equites sagittarii
quam civilium,quam civilium,Place,Primicerius notariorum,Oriens,,"Omnis dignitatum et amministrationum notitia, tam militarium"
qui adorata clementia principali cum insignibus exit transacto biennio,qui adorata clementia principali cum insignibus exit transacto biennio,Place,Proconsul Achaiae,Oriens,,Principem de scola agentum in rebus ducenarium
qui adorata clementia principalis cum insignibus exit,qui adorata clementia principalis cum insignibus exit,Place,Comes limitis Aegypti,Oriens,,Principem de scola agentum in rebus ducenarium
qui completa militia adorat protector,qui completa militia adorat protector,Place,Dux Moesiae primae,Oriens,,Principem de eodem officio
qui completa militia adorat protector,qui completa militia adorat protector,Place,Dux Moesiae secundae,Oriens,,Principem de eodem officio
qui completa militia adorat protector,qui completa militia adorat protector,Place,Dux Scythiae,Oriens,,Principem de eodem officio
qui completa militia adoratÝprotector,qui completa militia adoratÝprotector,Place,Dux Daciae ripensis,Oriens,,Principem de eodem officio
qui de scola agentum in rebus ducenarius adorata clementia principali cum insignibus exit,qui de scola agentum in rebus ducenarius adorata clementia principali cum insignibus exit,Place,Comes Orientis,Oriens,,Principem
qui de scola agentum in rebus ducenarius adorata clementia principali cum insignibus exit,qui de scola agentum in rebus ducenarius adorata clementia principali cum insignibus exit,Place,Praefectus Augustalis,Oriens,,Principem
qui de scola agentum in rebus ducenarius adorata clementia principali cum insignibus exit,qui de scola agentum in rebus ducenarius adorata clementia principali cum insignibus exit,Place,Vicarius dioceseos Asianae,Oriens,,Principem
qui de scola agentum in rebus ducenarius adorata clementia principali cum insignibus exit transacto biennio,qui de scola agentum in rebus ducenarius adorata clementia principali cum insignibus exit transacto biennio,Place,Vicarius dioceseos Ponticae,Oriens,,Principem
qui de scola agentum in rebus est,qui de scola agentum in rebus est,Place,Vicarius dioceseos Thraciarum,Oriens,,Principem
qui numerarii fiunt,qui numerarii fiunt,Place,Insignia viri illustris magisteri militum per Thracias,Oriens,,Primiscrinios
qui numerarii fiunt,qui numerarii fiunt,Place,Insignia viri illustris magistri militum per Illyricum,Oriens,,Primiscrinios
qui Numerarii fiunt,qui Numerarii fiunt,Place,Insignia viri illustris magistri militum praesentalis,Oriens,,Primiscrinios
qui numerarii fiunt,qui numerarii fiunt,Place,Insignia viri illustris magistri militum praesentalis,Oriens,,Primiscrinios
qui primicerius est exceptorum,qui primicerius est exceptorum,Place,Insignia viri illustris comitis largitionum,Oriens,,Secundocerium offici
qui primicerius est exceptorum,qui primicerius est exceptorum,Place,Insignia viri illustris comitis sacrarum largitionum,Occidentis,,Secundicerium officii
quibus non licet ad aliam transire militiam sine annotatione clementiae principalis,quibus non licet ad aliam transire militiam sine annotatione clementiae principalis,Place,Consularis Campaniae,Occidentis,,Exceptores et reliquos cohortalinos
quibus non licet ad aliam transire militiam sine annotatione clementiae principalis,quibus non licet ad aliam transire militiam sine annotatione clementiae principalis,Place,Consularis Palaestinae,Oriens,,Exceptores et ceteros cohortalinos
quibus non licet ad aliam transire militiam sine annotatione clementiae principalis,quibus non licet ad aliam transire militiam sine annotatione clementiae principalis,Place,Corrector Apuliae et Calabriae,Occidentis,,Exceptores et ceteros cohortalinos
quibus non licet ad aliam transire militiam sine annotatione clementiae principalis,quibus non licet ad aliam transire militiam sine annotatione clementiae principalis,Place,Praeses Dalmatiae,Occidentis,,Exceptores et reliquos cohortalinos
quibus non licet ad aliam transire militiam sine annotatione clementiae principalis,quibus non licet ad aliam transire militiam sine annotatione clementiae principalis,Place,Praeses Thebaidos,Oriens,,Exceptores et ceteros cohortalinos
Quintanis,Quintanis,Place,Dux Raetiae,Occidentis,Praefectus,alae primae Flaviae Raetorum
Raetiae secundae,Raetiae secundae,Place,Insignia viri illustris comitis sacrarum largitionum,Occidentis,Praepositus,thesaurorum Augustae Vindelicensis
Ravennae,Ravennae,Place,Item praepositurae magistri militum praesentalis a parte peditum,Occidentis,Praefectus,classis Ravennatium cum curis eiusdem civitatis
Ravennae,Ravennae,Place,Item praepositurae magistri militum praesentalis a parte peditum,Occidentis,Praefectus,militum iuniorum Italicorum
Redonas Lugdensis tertiae,Redonas Lugdensis tertiae,Place,Item praepositurae magistri militum praesentalis a parte peditum,Occidentis,Praefectus,laetorum Francorum
Regionis Samnitis,Regionis Samnitis,Place,Item praepositurae magistri militum praesentalis a parte peditum,Occidentis,Praefectus,Sarmatarum gentilium
Regulbio,Regulbio,Place,Comes litoris Saxonici per Britanniam,Occidentis,Tribunus,cohortis primae Baetasiorum
Remo et Silvanectas Belgicae secundae,Remo,Place,Item praepositurae magistri militum praesentalis a parte peditum,Occidentis,Praefectus,laetorum gentilium
Resaia,Resaia,Place,Dux Osrhoenae,Oriens,,Ala prima Parthorum
Resain - Theodosiopoli,Resain,Place,Dux Mesopotamiae,Oriens,,Equites promoti Illyriciani
Ricti,Ricti,Place,Dux Pannoniae,Occidentis,,Equites Dalmatae
Rinocoruna,Rinocoruna,Place,Comes limitis Aegypti,Oriens,,Ala veterana Gallorum
Ripa Alta,Ripa Alta,Place,Dux provinciae Valeriae,Occidentis,,Equites Dalmatae
Norici mediterranei et ripensis,ripensis,Place,Insignia viri illustris comitis sacrarum largitionum,Occidentis,,"Rationalis summarum Pannoniae prima, Valeriae"
Rosafa,Rosafa,Place,Dux Syriae,Oriens,,Equites promoti indigenae
Rotomago,Rotomago,Place,Dux tractus Armoricani,Occidentis,Praefectus,militum Ursariensium
Rutupis,Rutupis,Place,Comes litoris Saxonici per Britanniam,Occidentis,Praefectus,legionis secundae Augustae
Sabaiae,Sabaiae,Place,Dux Palaestinae,Oriens,,Equites promiti indigenae
Sabbu,Sabbu,Place,Dux Armeniae,Oriens,,Equites sagittarii
Sacidaua,Sacidaua,Place,Dux Scythiae,Oriens,,Cuneus equitum scutariorum
Saletione,Saletione,Place,Dux Mogontiacensis,Occidentis,Praefectus,militum Pacensium
Salsouia,Salsouia,Place,Dux Scythiae,Oriens,,Milites quinti Constantini
Salutaria,Salutaria,Place,Dux Syriae,Oriens,,Ala prima Iuthungorum
Saradiniae et Corsicae,Saradiniae,Place,Insignia viri illustris comitis sacrarum largitionum,Occidentis,,"Rationalis summarum Trum provinciarum, id est Siciliae"
Sardis Lydiae,Sardis Lydiae,Place,Insignia viri illustris magistri officiorum,Oriens,,Scutaria et armorum
Dalmatiae et Saviae,Saviae,Place,Insignia viri illustris comitis sacrarum largitionum,Occidentis,,Rationalis summarum Pannoniae secundae
Saviae,Saviae,Place,Insignia viri illustris comitis sacrarum largitionum,Occidentis,Praepositus,thesaurorum Siscianorum
Scenas extra Gerasa,Scenas extra Gerasa,Place,Comes limitis Aegypti,Oriens,,Ala prima Herculia
Scenas Mandrorum,Scenas Mandrorum,Place,Comes limitis Aegypti,Oriens,,Ala septima Sarmatarum
Scenas Ueteranorum,Scenas Ueteranorum,Place,Comes limitis Aegypti,Oriens,,Equites Saraceni Thamudeni
Scenas Veteranorum,Scenas Veteranorum,Place,Comes limitis Aegypti,Oriens,,Ala quinta Raetorum
scordiscorum et armorum,scordiscorum,Place,Insignia viri illustris magistri officiorum,Occidentis,,Sirmensis scutorum
Scythiam et Pontum,Scythiam,Place,Insignia viri illustris comitis largitionum,Oriens,,per Moesiam
Secundarum,Secundarum,Place,Dux Pannoniae,Occidentis,,Cuneus equitum Italicianorum
sed adiutorem de scola notariorum,sed adiutorem de scola notariorum,Place,Primicerius notariorum,Oriens,,Officium autem non habet
sed adiutores de scriniis quos voluerit,sed adiutores de scriniis quos voluerit,Place,Insignia viri illustris quaestoris,Oriens,,Officium non habet
sed adiutores electos de scriniis,sed adiutores electos de scriniis,Place,Magistri scriniorum. MemoriaeÝÝ EpistolarumÝÝ LibellorumÝÝ Graecarum,Oriens,,Officium autem de ipsi nemo habet
Segeduno,Segeduno,Place,Dux Britanniarum,Occidentis,Tribunus,cohortis quartae Lingonum
Selle,Selle,Place,Comes limitis Aegypti,Oriens,,Ala prima Aegyptiorum
Serianae,Serianae,Place,Dux Syriae,Oriens,,Equites scutarii Illyriciani
Seruitii,Seruitii,Place,Dux Pannoniae,Occidentis,Praefectus,classis primae Pannonicae
Sexagintaprista,Sexagintaprista,Place,Dux Moesiae secundae,Oriens,,Cuneus equitum armigerorum
Sexagintaprista,Sexagintaprista,Place,Dux Moesiae secundae,Oriens,Praefectus,ripae legionis primae Italicae cohortis quintae pedaturae inferioris
Siciliae,Siciliae,Province,Insignia viri illustris comitis sacrarum largitionum,Occidentis,,Procurator bafii Syracusani
Siluanis,Siluanis,Place,Dux Armeniae,Oriens,,Ala felix Theodosiana
Remo et Silvanectas Belgicae secundae,Silvanectas Belgicae secundae,Place,Item praepositurae magistri militum praesentalis a parte peditum,Occidentis,Praefectus,laetorum gentilium
Singiduno,Singiduno,Place,Dux Moesiae primae,Oriens,Praefectus,legionis quartae Flaviae
Siosta,Siosta,Place,Dux Daciae ripensis,Oriens,Tribunus,cohortis secundorum reducum
Sirmi,Sirmi,Place,Dux Pannoniae,Occidentis,,Ala Sirmensis
Sirmi,Sirmi,Place,Dux Pannoniae,Occidentis,Praefectus,classis primae Flaviae Augustae
Sirmi,Sirmi,Place,Dux Pannoniae,Occidentis,Praefectus,militum Calcariensium
Sisciae,Sisciae,Place,Dux Pannoniae,Occidentis,Tribunus,cohortis tertiae Alpinorum
Solua,Solua,Place,Dux provinciae Valeriae,Occidentis,,Equites Mauri
Solue,Solue,Place,Dux provinciae Valeriae,Occidentis,,Cuneus equitum scutatorum
Sosteos,Sosteos,Place,Comes limitis Aegypti,Oriens,,Ala secunda Assyriorum
Submuntorio,Submuntorio,Place,Dux Raetiae,Occidentis,,Equites stablesiani iuniores
Submuntorio,Submuntorio,Place,Dux Raetiae,Occidentis,Praefectus,legionis tertiae Italicae partis superioris deputatae ripae primae
Sucidaua,Sucidaua,Place,Dux Daciae ripensis,Oriens,Praefectus,legionis quintae Macedonicae
Sucidaua,Sucidaua,Place,Dux Moesiae secundae,Oriens,,Cuneus equitum stablesianorum
Suene,Suene,Place,Dux Thebaidos,Oriens,,Cohors quinta Suentium
Tabernas,Tabernas,Place,Comes Tingitaniae,Occidentis,Tribunus,cohortis tertiae Asturum
Tabernis,Tabernis,Place,Dux Mogontiacensis,Occidentis,Praefectus,militum Menapiorum
Tacasiria,Tacasiria,Place,Comes limitis Aegypti,Oriens,,Ala secunda Aegyptiorum
Talamonio,Talamonio,Place,Dux Scythiae,Oriens,,Cuneus equitum Arcadum
Taliatae,Taliatae,Place,Dux Moesiae primae,Oriens,Praefectus,militum exploratorum
Tamuco,Tamuco,Place,Comes Tingitaniae,Occidentis,Praefectus,alae Herculeae
Taurinis,Taurinis,Place,Item praepositurae magistri militum praesentalis a parte peditum,Occidentis,Praefectus,Sarmatarum gentilium
Tauruno,Tauruno,Place,Dux Pannoniae,Occidentis,,Equites promoti
Tauruno siue Marsonia,Tauruno,Place,Dux Pannoniae,Occidentis,,Auxilia ascarii
Teglicio,Teglicio,Place,Dux Moesiae secundae,Oriens,,Milites Moesiaci
Tentira,Tentira,Place,Dux Thebaidos,Oriens,,Equites sagittarii indigenae
Aquis siue Tertona,Tertona,Place,Item praepositurae magistri militum praesentalis a parte peditum,Occidentis,Praefectus,Sarmatarum gentilium
Teutibarcio,Teutibarcio,Place,Dux Pannoniae,Occidentis,,Equites promoti
Teutiborgio,Teutiborgio,Place,Dux Pannoniae,Occidentis,,Cuneus equitum Dalmatarum
Teutiborgio,Teutiborgio,Place,Dux Pannoniae,Occidentis,Praefectus,legionis sextae Herculeae
Thama,Thama,Place,Dux Foenicis,Oriens,,Cohors prima Orientalis
Thamana,Thamana,Place,Dux Palaestinae,Oriens,,Cohors quarta Palaestinorum
Thannuri,Thannuri,Place,Dux Mesopotamiae,Oriens,,Equites sagittarii indigenae
Thaubasteos,Thaubasteos,Place,Comes limitis Aegypti,Oriens,,Ala secunda Ulpia Afrorum
Thebas,Thebas,Place,Dux Thebaidos,Oriens,,Legio tertia Diocletiana
Thelsee,Thelsee,Place,Dux Foenicis,Oriens,,Equites Saraceni
Thenenuthi,Thenenuthi,Place,Comes limitis Aegypti,Oriens,,Ala tertia Arabum
Resain - Theodosiopoli,Theodosiopoli,Place,Dux Mesopotamiae,Oriens,,Equites promoti Illyriciani
Theraco,Theraco,Place,Dux Thebaidos,Oriens,,;Cohors prima Lusitanorum
Thilbisme,Thilbisme,Place,Dux Mesopotamiae,Oriens,,Equites sagittarii indigenae Thibithenses
Thillaamana,Thillaamana,Place,Dux Osrhoenae,Oriens,,Cohors prima Gaetulorum
Thillacama,Thillacama,Place,Dux Osrhoenae,Oriens,,Ala septima Valeria praelectorum
Thinunepis,Thinunepis,Place,Comes limitis Aegypti,Oriens,,Ala prima Tingitana
Thmou,Thmou,Place,Dux Thebaidos,Oriens,,Ala prima Hiberorum
Tohu,Tohu,Place,Comes limitis Aegypti,Oriens,,Cohors prima Augusta Pannoniorum
Touia -contra Bintha,Touia -contra Bintha,Place,Dux Osrhoenae,Oriens,,Ala prima Victoriae
Transalba,Transalba,Place,Dux Daciae ripensis,Oriens,,Auxilium Miliarensium
Transdiernis,Transdiernis,Place,Dux Daciae ripensis,Oriens,Praefectus,militum exploratorum
Transdrobeta,Transdrobeta,Place,Dux Daciae ripensis,Oriens,Praefectus,legionis tertiaedecimae geminae
Transiacinco,Transiacinco,Place,Dux provinciae Valeriae,Occidentis,Praefectus,legionis
Pannoniae secundae - translati Salonis,translati Salonis,Place,Insignia viri illustris comitis sacrarum largitionum,Occidentis,,Procurator gynaecii Bassianensis
Transluco,Transluco,Place,Dux Daciae ripensis,Oriens,,Auxilium Claustrinorum
Transmariscae,Transmariscae,Place,Dux Moesiae secundae,Oriens,,Milites Novenses
Transmariscae,Transmariscae,Place,Dux Moesiae secundae,Oriens,Praefectus,ripae legionis undecimae Claudiae cohortis quintae pedaturae inferioris
Transmariscae,Transmariscae,Place,Dux Moesiae secundae,Oriens,Praefectus,ripae legionis undecimae Claudiae cohortis quintae pedaturae superioris
Trapezunta,Trapezunta,Place,Dux Armeniae,Oriens,Praefectus,legionis primae Ponticae
Tricornio,Tricornio,Place,Dux Moesiae primae,Oriens,,Auxiliares Tricornienses
Tricornio,Tricornio,Place,Dux Moesiae primae,Oriens,,Auxilium Aureomontanum
Tricornio,Tricornio,Place,Dux Moesiae primae,Oriens,,Cuneus equtum sagittariorum
Trimammio,Trimammio,Place,Dux Moesiae secundae,Oriens,,Milites Constantini
Oasi minore - Trimtheos,Trimtheos,Place,Dux Thebaidos,Oriens,,Ala prima Quadorum
Trosmis,Trosmis,Place,Dux Scythiae,Oriens,,Milites secundi Constantini
Trosmis,Trosmis,Place,Dux Scythiae,Oriens,Praefectus,legionis secundae Herculiae
Tunnocelo,Tunnocelo,Place,Dux Britanniarum,Occidentis,Tribunus,cohortis primae Aeliae classicae
Ualtha,Ualtha,Place,Dux Arabiae,Oriens,,Cohors octava voluntaria
Ulucitra,Ulucitra,Place,Dux Moesiae secundae,Oriens,,Cohors quarta Gallorum
Uto,Uto,Place,Dux Daciae ripensis,Oriens,,Cuneus equitum Constantinianorum
Vale Alba,Vale Alba,Place,Dux Foenicis,Oriens,,Cohors prima Iulia lectorum
Vallatio,Vallatio,Place,Dux Raetiae,Occidentis,Praefectus,alae secundae Valeriae singularis
Varina,Varina,Place,Dux Daciae ripensis,Oriens,,Cuneus equitum Dalmatarum
Variniana,Variniana,Place,Dux Daciae ripensis,Oriens,Praefectus,legionis quintae Macedonicae
Venaxamodorum,Venaxamodorum,Place,Dux Raetiae,Occidentis,Tribunus,cohortis sextae Valeriaae Raetorum
Venetiae,Venetiae,Place,Insignia viri illustris comitis sacrarum largitionum,Occidentis,Praepositus,thesaurorum Aquileiensium
Venetiae et Histriae,Venetiae,Place,Insignia viri illustris comitis sacrarum largitionum,Occidentis,,Procurator bafii Cissensis
Venetiae inferioris,Venetiae inferioris,Place,Insignia viri illustris comitis sacrarum largitionum,Occidentis,,Procurator gynaecii Aquileiensis
Veranoca,Veranoca,Place,Dux Foenicis,Oriens,,Cohors tetria Herculia
Vercellis,Vercellis,Place,Item praepositurae magistri militum praesentalis a parte peditum,Occidentis,Praefectus,Sarmatarum gentilium
Verofabula,Verofabula,Place,Dux Foenicis,Oriens,,Ala prima Saxonum
Sabure siue Veterocariae,Veterocariae,Place,Dux Palaestinae,Oriens,,Equites primi felices Palaestini
Vetusalinae,Vetusalinae,Place,Dux provinciae Valeriae,Occidentis,,Equites Dalmatae
Vico Iulio,Vico Iulio,Place,Dux Mogontiacensis,Occidentis,Praefectus,militum Anderetianorum
Viennae siue Arelati,Viennae,Place,Item praepositurae magistri militum praesentalis a parte peditum,Occidentis,Praefectus,classis fluminis Rhodani
Vimania,Vimania,Place,Dux Raetiae,Occidentis,Praefectus,alae secundae Valeriae Sequanorum
Viminacio,Viminacio,Place,Dux Moesiae primae,Oriens,,Cuneus equtum promotorum
Viminacio,Viminacio,Place,Dux Moesiae primae,Oriens,Praefectus,classis Histricae
Vincentiae,Vincentiae,Place,Dux provinciae Valeriae,Occidentis,Tribunus,cohortis
Vindolana,Vindolana,Place,Dux Britanniarum,Occidentis,Tribunus,cohortis quartae Gallorum
Arrunto siue Vindomanae,Vindomanae,Place,Dux Pannoniae primae,Occidentis,Praefectus,classis Histricae
Vindomarae,Vindomarae,Place,Dux Pannoniae primae,Occidentis,Praefectus,legionis decimae geminae
Virosido,Virosido,Place,Dux Britanniarum,Occidentis,Tribunus,cohortis sextae Neruiorum
Zernis,Zernis,Place,Dux Daciae ripensis,Oriens,Praefectus,legionis tertiaedecimae geminae
Zmirnae,Zmirnae,Place,Dux Moesiae primae,Oriens,Praefectus,militum exploratorum
Zoarae,Zoarae,Place,Dux Palaestinae,Oriens,,Equites sagittarii indigenae
Zodocathae,Zodocathae,Place,Dux Palaestinae,Oriens,,Equites promiti indigenae
